user_id,session_id,label,key_index,inter_key_ms,dwell_ms,is_backspace,is_error
user_000,user_000_s00,0,0,216.95,90.48,0,0
user_000,user_000_s00,0,1,168.28,95.26,0,0
user_000,user_000_s00,0,2,213.33,115.76,0,0
user_000,user_000_s00,0,3,164.63,96.61,0,0
user_000,user_000_s00,0,4,232.02,104.34,0,0
user_000,user_000_s00,0,5,197.97,128.95,0,0
user_000,user_000_s00,0,6,193.02,104.66,0,0
user_000,user_000_s00,0,7,174.83,120.71,0,0
user_000,user_000_s00,0,8,244.64,96.19,0,0
user_000,user_000_s00,0,9,194.13,106.88,0,0
user_000,user_000_s00,0,10,184.09,95.95,0,0
user_000,user_000_s00,0,11,186.89,104.92,1,0
user_000,user_000_s00,0,12,981.14,122.22,0,0
user_000,user_000_s00,0,13,213.21,84.55,0,0
user_000,user_000_s00,0,14,214.94,116.26,0,0
user_000,user_000_s00,0,15,215.6,113.38,0,0
user_000,user_000_s00,0,16,278.36,101.17,0,0
user_000,user_000_s00,0,17,184.89,88.67,0,0
user_000,user_000_s00,0,18,181.01,110.95,0,0
user_000,user_000_s00,0,19,169.95,102.12,0,0
user_000,user_000_s00,0,20,222.4,113.3,0,0
user_000,user_000_s00,0,21,241.21,110.21,0,0
user_000,user_000_s00,0,22,195.62,133.39,0,0
user_000,user_000_s00,0,23,168.98,106.38,0,0
user_000,user_000_s00,0,24,169.56,94.87,0,0
user_000,user_000_s00,0,25,223.67,112.52,0,0
user_000,user_000_s00,0,26,227.06,113.12,0,1
user_000,user_000_s00,0,27,219.72,129.83,0,0
user_000,user_000_s00,0,28,663.04,122.14,0,0
user_000,user_000_s00,0,29,208.32,115.13,0,0
user_000,user_000_s00,0,30,204.08,131.36,0,0
user_000,user_000_s00,0,31,207.82,92.45,0,0
user_000,user_000_s00,0,32,231.77,100.5,0,0
user_000,user_000_s00,0,33,208.0,96.3,0,0
user_000,user_000_s00,0,34,224.7,104.17,0,0
user_000,user_000_s00,0,35,202.28,89.69,0,0
user_000,user_000_s00,0,36,210.41,119.21,0,0
user_000,user_000_s00,0,37,222.96,106.63,0,0
user_000,user_000_s00,0,38,146.35,88.31,0,0
user_000,user_000_s00,0,39,188.08,94.99,0,0
user_000,user_000_s01,0,0,176.0,108.81,0,0
user_000,user_000_s01,0,1,181.74,128.16,0,0
user_000,user_000_s01,0,2,230.54,68.91,0,0
user_000,user_000_s01,0,3,213.5,103.09,0,0
user_000,user_000_s01,0,4,242.82,109.16,0,0
user_000,user_000_s01,0,5,188.09,110.91,0,0
user_000,user_000_s01,0,6,168.23,101.11,0,0
user_000,user_000_s01,0,7,1121.62,80.79,0,0
user_000,user_000_s01,0,8,202.66,111.38,0,0
user_000,user_000_s01,0,9,200.24,131.91,0,0
user_000,user_000_s01,0,10,153.99,84.06,0,1
user_000,user_000_s01,0,11,197.08,119.24,0,0
user_000,user_000_s01,0,12,202.13,101.75,0,0
user_000,user_000_s01,0,13,286.1,105.67,0,0
user_000,user_000_s01,0,14,262.6,91.12,0,0
user_000,user_000_s01,0,15,162.46,101.66,0,0
user_000,user_000_s01,0,16,183.22,125.64,0,0
user_000,user_000_s01,0,17,140.08,115.12,0,0
user_000,user_000_s01,0,18,172.09,131.99,0,0
user_000,user_000_s01,0,19,205.34,123.84,0,0
user_000,user_000_s01,0,20,237.99,113.01,0,0
user_000,user_000_s01,0,21,167.02,132.16,0,0
user_000,user_000_s01,0,22,169.77,113.01,0,0
user_000,user_000_s01,0,23,115.0,118.72,0,0
user_000,user_000_s01,0,24,187.79,102.22,0,0
user_000,user_000_s01,0,25,154.79,107.55,0,0
user_000,user_000_s01,0,26,174.34,96.34,0,0
user_000,user_000_s01,0,27,161.6,121.09,0,0
user_000,user_000_s01,0,28,190.3,89.28,0,0
user_000,user_000_s01,0,29,129.29,118.05,0,0
user_000,user_000_s01,0,30,139.95,103.77,0,0
user_000,user_000_s01,0,31,271.86,123.75,0,0
user_000,user_000_s01,0,32,146.54,117.59,0,0
user_000,user_000_s01,0,33,153.53,133.28,0,0
user_000,user_000_s01,0,34,261.14,117.29,0,0
user_000,user_000_s01,0,35,300.32,83.5,0,0
user_000,user_000_s01,0,36,150.79,105.59,0,0
user_000,user_000_s01,0,37,180.25,89.37,0,0
user_000,user_000_s01,0,38,206.29,98.96,0,1
user_000,user_000_s01,0,39,257.17,128.74,0,0
user_000,user_000_s02,1,0,92.62,127.18,0,0
user_000,user_000_s02,1,1,40.0,106.48,0,0
user_000,user_000_s02,1,2,156.34,129.95,1,0
user_000,user_000_s02,1,3,785.37,105.77,0,0
user_000,user_000_s02,1,4,659.58,145.22,0,0
user_000,user_000_s02,1,5,225.78,57.49,0,0
user_000,user_000_s02,1,6,296.44,104.92,0,0
user_000,user_000_s02,1,7,315.35,52.44,0,0
user_000,user_000_s02,1,8,204.62,68.15,1,0
user_000,user_000_s02,1,9,317.4,158.8,0,0
user_000,user_000_s02,1,10,217.41,143.94,0,0
user_000,user_000_s02,1,11,143.73,92.75,0,0
user_000,user_000_s02,1,12,162.99,67.92,0,0
user_000,user_000_s02,1,13,92.75,21.56,0,0
user_000,user_000_s02,1,14,139.7,98.32,0,0
user_000,user_000_s02,1,15,1423.72,192.3,1,0
user_000,user_000_s02,1,16,273.8,129.35,0,0
user_000,user_000_s02,1,17,346.51,97.82,0,0
user_000,user_000_s02,1,18,100.54,130.3,0,0
user_000,user_000_s02,1,19,241.24,66.06,0,0
user_000,user_000_s02,1,20,127.62,106.13,0,0
user_000,user_000_s02,1,21,247.73,118.71,0,0
user_000,user_000_s02,1,22,199.71,112.83,0,0
user_000,user_000_s02,1,23,64.97,140.63,0,0
user_000,user_000_s02,1,24,283.69,126.49,0,0
user_000,user_000_s02,1,25,162.15,136.75,0,0
user_000,user_000_s02,1,26,167.78,93.73,0,0
user_000,user_000_s02,1,27,125.31,144.02,0,1
user_000,user_000_s02,1,28,158.24,167.21,0,0
user_000,user_000_s02,1,29,244.02,84.8,0,0
user_000,user_000_s02,1,30,195.1,87.41,1,0
user_000,user_000_s02,1,31,236.16,157.91,0,0
user_000,user_000_s02,1,32,238.79,109.49,0,0
user_000,user_000_s02,1,33,314.79,160.07,0,0
user_000,user_000_s02,1,34,182.93,101.53,0,0
user_000,user_000_s02,1,35,93.04,161.69,0,1
user_000,user_000_s02,1,36,294.7,119.73,0,0
user_000,user_000_s02,1,37,183.83,123.75,1,0
user_000,user_000_s02,1,38,298.46,165.17,0,0
user_000,user_000_s02,1,39,240.49,104.09,0,0
user_000,user_000_s03,0,0,131.55,117.96,0,1
user_000,user_000_s03,0,1,213.11,128.34,0,0
user_000,user_000_s03,0,2,155.44,99.63,0,0
user_000,user_000_s03,0,3,202.01,100.13,0,0
user_000,user_000_s03,0,4,141.16,110.97,0,0
user_000,user_000_s03,0,5,209.75,102.75,0,0
user_000,user_000_s03,0,6,163.79,120.33,0,0
user_000,user_000_s03,0,7,731.51,73.32,0,0
user_000,user_000_s03,0,8,219.56,94.23,0,0
user_000,user_000_s03,0,9,202.24,94.88,1,0
user_000,user_000_s03,0,10,170.86,72.31,0,0
user_000,user_000_s03,0,11,246.61,92.22,0,0
user_000,user_000_s03,0,12,177.22,92.93,0,0
user_000,user_000_s03,0,13,194.56,103.41,0,0
user_000,user_000_s03,0,14,203.24,122.69,0,1
user_000,user_000_s03,0,15,170.65,102.76,0,1
user_000,user_000_s03,0,16,210.66,91.23,0,0
user_000,user_000_s03,0,17,173.81,105.52,0,0
user_000,user_000_s03,0,18,178.28,121.75,1,0
user_000,user_000_s03,0,19,243.36,92.04,0,0
user_000,user_000_s03,0,20,155.21,93.0,0,0
user_000,user_000_s03,0,21,104.88,114.55,0,0
user_000,user_000_s03,0,22,252.47,103.11,0,0
user_000,user_000_s03,0,23,286.89,115.86,0,0
user_000,user_000_s03,0,24,178.51,106.16,0,0
user_000,user_000_s03,0,25,122.34,116.65,0,0
user_000,user_000_s03,0,26,181.99,91.17,0,0
user_000,user_000_s03,0,27,182.88,106.18,0,0
user_000,user_000_s03,0,28,186.41,103.27,0,0
user_000,user_000_s03,0,29,152.54,88.52,0,1
user_000,user_000_s03,0,30,214.64,83.42,0,0
user_000,user_000_s03,0,31,212.62,116.42,0,0
user_000,user_000_s03,0,32,138.56,101.21,0,0
user_000,user_000_s03,0,33,219.03,91.36,0,0
user_000,user_000_s03,0,34,268.67,104.95,0,0
user_000,user_000_s03,0,35,199.69,122.91,0,0
user_000,user_000_s03,0,36,181.01,72.9,0,0
user_000,user_000_s03,0,37,188.17,84.4,0,0
user_000,user_000_s03,0,38,215.95,92.82,1,0
user_000,user_000_s03,0,39,129.9,127.8,0,0
user_000,user_000_s04,1,0,225.55,128.32,0,0
user_000,user_000_s04,1,1,270.57,174.02,0,0
user_000,user_000_s04,1,2,235.38,116.09,0,0
user_000,user_000_s04,1,3,203.83,109.83,0,0
user_000,user_000_s04,1,4,273.57,154.87,1,0
user_000,user_000_s04,1,5,210.04,87.23,0,0
user_000,user_000_s04,1,6,199.62,151.87,0,0
user_000,user_000_s04,1,7,775.46,142.23,0,0
user_000,user_000_s04,1,8,218.6,133.84,0,0
user_000,user_000_s04,1,9,272.83,192.11,0,0
user_000,user_000_s04,1,10,275.27,117.9,0,0
user_000,user_000_s04,1,11,156.7,207.96,0,1
user_000,user_000_s04,1,12,211.95,131.22,0,0
user_000,user_000_s04,1,13,1618.82,95.91,0,0
user_000,user_000_s04,1,14,154.8,141.13,0,0
user_000,user_000_s04,1,15,74.67,102.65,0,0
user_000,user_000_s04,1,16,96.06,113.55,0,0
user_000,user_000_s04,1,17,254.78,152.12,0,0
user_000,user_000_s04,1,18,254.94,157.44,0,0
user_000,user_000_s04,1,19,242.47,117.9,0,0
user_000,user_000_s04,1,20,354.26,171.94,1,0
user_000,user_000_s04,1,21,40.0,177.65,0,0
user_000,user_000_s04,1,22,1302.33,187.01,0,0
user_000,user_000_s04,1,23,383.4,156.56,0,0
user_000,user_000_s04,1,24,157.68,184.56,0,0
user_000,user_000_s04,1,25,220.46,75.64,0,0
user_000,user_000_s04,1,26,189.14,128.11,0,0
user_000,user_000_s04,1,27,1119.63,109.68,0,0
user_000,user_000_s04,1,28,224.95,142.79,0,0
user_000,user_000_s04,1,29,372.16,119.6,0,0
user_000,user_000_s04,1,30,406.57,133.21,1,0
user_000,user_000_s04,1,31,224.14,201.98,0,0
user_000,user_000_s04,1,32,412.25,133.09,0,0
user_000,user_000_s04,1,33,255.33,152.68,1,0
user_000,user_000_s04,1,34,399.54,130.99,0,0
user_000,user_000_s04,1,35,244.51,141.33,0,0
user_000,user_000_s04,1,36,828.65,138.99,0,0
user_000,user_000_s04,1,37,936.27,153.84,0,1
user_000,user_000_s04,1,38,519.17,177.91,0,0
user_000,user_000_s04,1,39,323.8,194.1,0,0
user_000,user_000_s05,1,0,159.55,174.32,0,0
user_000,user_000_s05,1,1,161.49,170.71,0,0
user_000,user_000_s05,1,2,248.19,154.03,0,0
user_000,user_000_s05,1,3,221.85,153.52,0,0
user_000,user_000_s05,1,4,216.76,150.98,0,1
user_000,user_000_s05,1,5,294.04,98.73,0,1
user_000,user_000_s05,1,6,271.43,156.83,0,0
user_000,user_000_s05,1,7,269.51,90.37,1,0
user_000,user_000_s05,1,8,277.08,108.51,0,0
user_000,user_000_s05,1,9,293.75,176.31,0,0
user_000,user_000_s05,1,10,73.68,161.34,0,0
user_000,user_000_s05,1,11,1606.58,182.25,0,0
user_000,user_000_s05,1,12,67.85,125.41,0,0
user_000,user_000_s05,1,13,246.89,96.95,0,0
user_000,user_000_s05,1,14,243.6,126.42,0,1
user_000,user_000_s05,1,15,1727.86,137.48,0,0
user_000,user_000_s05,1,16,339.92,136.74,0,0
user_000,user_000_s05,1,17,1176.82,170.82,0,0
user_000,user_000_s05,1,18,203.55,122.51,0,0
user_000,user_000_s05,1,19,283.17,145.56,0,0
user_000,user_000_s05,1,20,201.33,102.24,0,0
user_000,user_000_s05,1,21,243.86,148.74,0,0
user_000,user_000_s05,1,22,323.64,134.29,0,0
user_000,user_000_s05,1,23,198.92,109.96,0,0
user_000,user_000_s05,1,24,309.06,126.57,0,0
user_000,user_000_s05,1,25,298.7,128.24,0,0
user_000,user_000_s05,1,26,662.04,125.46,0,0
user_000,user_000_s05,1,27,1450.5,191.43,0,0
user_000,user_000_s05,1,28,300.41,131.01,0,1
user_000,user_000_s05,1,29,252.21,126.31,1,0
user_000,user_000_s05,1,30,182.39,66.41,1,0
user_000,user_000_s05,1,31,174.56,105.29,0,0
user_000,user_000_s05,1,32,1577.2,125.69,0,0
user_000,user_000_s05,1,33,287.81,112.02,0,0
user_000,user_000_s05,1,34,166.77,178.84,0,0
user_000,user_000_s05,1,35,279.32,128.86,0,0
user_000,user_000_s05,1,36,143.66,175.82,0,0
user_000,user_000_s05,1,37,227.49,136.18,0,0
user_000,user_000_s05,1,38,252.83,135.39,0,0
user_000,user_000_s05,1,39,441.51,131.32,0,0
user_000,user_000_s06,0,0,200.04,121.98,0,0
user_000,user_000_s06,0,1,249.01,107.24,0,0
user_000,user_000_s06,0,2,216.75,74.52,0,0
user_000,user_000_s06,0,3,230.38,96.3,0,0
user_000,user_000_s06,0,4,168.63,129.01,0,0
user_000,user_000_s06,0,5,220.89,70.16,0,0
user_000,user_000_s06,0,6,228.4,105.82,0,0
user_000,user_000_s06,0,7,180.52,93.61,0,0
user_000,user_000_s06,0,8,222.2,122.72,0,0
user_000,user_000_s06,0,9,222.44,101.01,0,0
user_000,user_000_s06,0,10,181.51,116.85,0,0
user_000,user_000_s06,0,11,160.49,119.22,0,0
user_000,user_000_s06,0,12,158.24,137.86,0,0
user_000,user_000_s06,0,13,204.84,107.94,0,0
user_000,user_000_s06,0,14,213.67,116.44,0,0
user_000,user_000_s06,0,15,1450.75,89.13,0,0
user_000,user_000_s06,0,16,977.11,128.39,0,0
user_000,user_000_s06,0,17,222.6,99.76,0,0
user_000,user_000_s06,0,18,224.35,102.69,0,0
user_000,user_000_s06,0,19,759.7,110.59,0,0
user_000,user_000_s06,0,20,248.51,87.99,0,0
user_000,user_000_s06,0,21,164.94,114.28,0,0
user_000,user_000_s06,0,22,263.43,125.11,0,0
user_000,user_000_s06,0,23,182.2,115.22,0,0
user_000,user_000_s06,0,24,1450.96,87.61,0,0
user_000,user_000_s06,0,25,204.17,109.1,0,0
user_000,user_000_s06,0,26,186.55,121.81,0,0
user_000,user_000_s06,0,27,135.37,83.37,0,0
user_000,user_000_s06,0,28,195.38,95.15,0,0
user_000,user_000_s06,0,29,144.47,123.78,0,0
user_000,user_000_s06,0,30,237.15,114.88,0,0
user_000,user_000_s06,0,31,257.31,116.96,0,0
user_000,user_000_s06,0,32,172.44,138.2,0,0
user_000,user_000_s06,0,33,212.75,117.79,0,0
user_000,user_000_s06,0,34,175.06,120.57,0,0
user_000,user_000_s06,0,35,178.62,150.69,0,0
user_000,user_000_s06,0,36,230.08,107.78,0,0
user_000,user_000_s06,0,37,200.26,99.21,0,0
user_000,user_000_s06,0,38,265.48,117.2,0,0
user_000,user_000_s06,0,39,183.98,117.36,0,0
user_000,user_000_s07,0,0,244.23,110.91,0,0
user_000,user_000_s07,0,1,199.49,102.95,0,0
user_000,user_000_s07,0,2,159.4,113.38,0,0
user_000,user_000_s07,0,3,223.07,75.14,0,0
user_000,user_000_s07,0,4,226.62,105.43,0,0
user_000,user_000_s07,0,5,216.85,135.37,0,0
user_000,user_000_s07,0,6,220.18,108.0,0,0
user_000,user_000_s07,0,7,182.9,107.06,0,0
user_000,user_000_s07,0,8,158.76,114.1,0,0
user_000,user_000_s07,0,9,160.99,119.2,0,0
user_000,user_000_s07,0,10,132.85,76.75,0,0
user_000,user_000_s07,0,11,201.53,81.38,0,0
user_000,user_000_s07,0,12,189.77,109.14,0,0
user_000,user_000_s07,0,13,176.7,95.57,0,0
user_000,user_000_s07,0,14,84.42,125.31,0,0
user_000,user_000_s07,0,15,147.08,101.43,0,0
user_000,user_000_s07,0,16,233.95,77.68,0,0
user_000,user_000_s07,0,17,168.46,87.45,0,0
user_000,user_000_s07,0,18,206.06,65.72,0,0
user_000,user_000_s07,0,19,141.82,102.62,0,0
user_000,user_000_s07,0,20,245.61,103.3,0,0
user_000,user_000_s07,0,21,187.55,99.83,0,0
user_000,user_000_s07,0,22,203.47,121.89,0,0
user_000,user_000_s07,0,23,278.14,123.64,0,0
user_000,user_000_s07,0,24,248.46,103.56,0,0
user_000,user_000_s07,0,25,181.59,74.74,0,0
user_000,user_000_s07,0,26,171.08,115.12,0,0
user_000,user_000_s07,0,27,180.89,114.21,0,0
user_000,user_000_s07,0,28,211.54,110.6,0,0
user_000,user_000_s07,0,29,188.98,120.46,0,0
user_000,user_000_s07,0,30,178.34,88.97,0,0
user_000,user_000_s07,0,31,246.65,135.53,0,0
user_000,user_000_s07,0,32,188.65,91.98,0,0
user_000,user_000_s07,0,33,277.18,117.05,1,0
user_000,user_000_s07,0,34,196.16,81.3,0,0
user_000,user_000_s07,0,35,258.32,92.41,0,0
user_000,user_000_s07,0,36,205.94,128.31,0,0
user_000,user_000_s07,0,37,228.16,102.23,0,0
user_000,user_000_s07,0,38,166.26,118.38,0,0
user_000,user_000_s07,0,39,161.52,109.54,0,0
user_000,user_000_s08,0,0,207.32,138.06,0,0
user_000,user_000_s08,0,1,241.78,103.49,0,0
user_000,user_000_s08,0,2,114.27,113.95,0,0
user_000,user_000_s08,0,3,258.6,125.18,0,0
user_000,user_000_s08,0,4,214.02,107.74,0,0
user_000,user_000_s08,0,5,239.79,101.62,0,0
user_000,user_000_s08,0,6,155.51,76.75,0,0
user_000,user_000_s08,0,7,169.79,119.55,0,0
user_000,user_000_s08,0,8,205.61,108.48,0,1
user_000,user_000_s08,0,9,199.63,95.28,0,0
user_000,user_000_s08,0,10,210.64,112.0,0,0
user_000,user_000_s08,0,11,240.04,101.58,0,0
user_000,user_000_s08,0,12,135.51,102.39,0,0
user_000,user_000_s08,0,13,235.98,119.04,0,0
user_000,user_000_s08,0,14,200.56,90.51,0,0
user_000,user_000_s08,0,15,1228.34,125.51,0,0
user_000,user_000_s08,0,16,146.3,89.64,0,0
user_000,user_000_s08,0,17,218.71,100.42,0,0
user_000,user_000_s08,0,18,111.71,138.36,0,0
user_000,user_000_s08,0,19,224.04,126.68,0,0
user_000,user_000_s08,0,20,145.53,111.57,0,0
user_000,user_000_s08,0,21,202.22,96.34,0,0
user_000,user_000_s08,0,22,195.89,102.38,0,0
user_000,user_000_s08,0,23,1387.15,111.22,0,0
user_000,user_000_s08,0,24,193.71,110.69,0,0
user_000,user_000_s08,0,25,174.8,108.81,0,0
user_000,user_000_s08,0,26,181.68,109.69,0,0
user_000,user_000_s08,0,27,246.95,107.0,0,0
user_000,user_000_s08,0,28,219.93,88.99,0,0
user_000,user_000_s08,0,29,186.11,102.56,0,0
user_000,user_000_s08,0,30,191.59,123.56,0,0
user_000,user_000_s08,0,31,142.77,90.07,0,0
user_000,user_000_s08,0,32,214.51,107.36,0,0
user_000,user_000_s08,0,33,135.71,98.11,0,0
user_000,user_000_s08,0,34,227.83,111.78,0,0
user_000,user_000_s08,0,35,204.98,104.44,0,0
user_000,user_000_s08,0,36,287.81,131.82,0,0
user_000,user_000_s08,0,37,1091.52,117.57,0,0
user_000,user_000_s08,0,38,196.49,90.9,0,0
user_000,user_000_s08,0,39,266.22,119.99,0,0
user_000,user_000_s09,0,0,162.97,109.54,0,0
user_000,user_000_s09,0,1,1544.91,100.49,0,0
user_000,user_000_s09,0,2,226.8,113.77,0,0
user_000,user_000_s09,0,3,252.41,95.93,0,0
user_000,user_000_s09,0,4,163.1,114.86,0,0
user_000,user_000_s09,0,5,186.93,115.48,0,1
user_000,user_000_s09,0,6,222.65,64.58,0,0
user_000,user_000_s09,0,7,197.34,124.84,0,0
user_000,user_000_s09,0,8,154.25,62.67,0,0
user_000,user_000_s09,0,9,210.45,98.34,0,0
user_000,user_000_s09,0,10,216.46,122.42,0,0
user_000,user_000_s09,0,11,198.46,102.73,0,0
user_000,user_000_s09,0,12,203.29,85.87,0,0
user_000,user_000_s09,0,13,185.75,91.33,0,0
user_000,user_000_s09,0,14,249.46,122.45,0,0
user_000,user_000_s09,0,15,162.2,79.19,0,0
user_000,user_000_s09,0,16,173.69,123.95,0,0
user_000,user_000_s09,0,17,195.64,106.57,0,0
user_000,user_000_s09,0,18,227.48,89.89,0,0
user_000,user_000_s09,0,19,1492.24,98.82,0,1
user_000,user_000_s09,0,20,147.18,92.46,0,0
user_000,user_000_s09,0,21,120.49,120.09,0,0
user_000,user_000_s09,0,22,196.44,118.13,0,0
user_000,user_000_s09,0,23,154.22,82.16,0,0
user_000,user_000_s09,0,24,181.13,101.46,0,0
user_000,user_000_s09,0,25,219.5,94.72,0,0
user_000,user_000_s09,0,26,171.71,126.36,0,0
user_000,user_000_s09,0,27,203.72,87.57,0,0
user_000,user_000_s09,0,28,184.26,130.92,0,0
user_000,user_000_s09,0,29,219.89,106.89,0,0
user_000,user_000_s09,0,30,212.66,90.33,1,0
user_000,user_000_s09,0,31,169.86,97.44,0,0
user_000,user_000_s09,0,32,189.05,95.62,0,0
user_000,user_000_s09,0,33,233.52,88.68,0,0
user_000,user_000_s09,0,34,209.67,108.77,0,0
user_000,user_000_s09,0,35,144.0,89.36,0,0
user_000,user_000_s09,0,36,219.29,75.39,0,0
user_000,user_000_s09,0,37,155.45,101.81,0,0
user_000,user_000_s09,0,38,247.05,80.93,1,0
user_000,user_000_s09,0,39,644.85,96.34,0,0
user_000,user_000_s10,0,0,1101.46,114.25,0,0
user_000,user_000_s10,0,1,202.02,120.34,0,0
user_000,user_000_s10,0,2,176.95,109.88,0,0
user_000,user_000_s10,0,3,1499.33,114.15,0,0
user_000,user_000_s10,0,4,176.39,103.16,0,0
user_000,user_000_s10,0,5,218.68,107.89,0,0
user_000,user_000_s10,0,6,179.93,108.55,0,0
user_000,user_000_s10,0,7,696.54,110.12,0,0
user_000,user_000_s10,0,8,221.51,118.3,0,0
user_000,user_000_s10,0,9,177.52,115.11,0,0
user_000,user_000_s10,0,10,231.04,107.62,0,0
user_000,user_000_s10,0,11,158.04,95.1,0,0
user_000,user_000_s10,0,12,205.29,107.96,0,0
user_000,user_000_s10,0,13,228.33,106.56,0,0
user_000,user_000_s10,0,14,218.7,109.8,0,0
user_000,user_000_s10,0,15,940.71,139.34,0,0
user_000,user_000_s10,0,16,166.48,99.28,0,0
user_000,user_000_s10,0,17,143.9,113.16,0,0
user_000,user_000_s10,0,18,158.01,122.64,0,0
user_000,user_000_s10,0,19,218.71,108.41,0,0
user_000,user_000_s10,0,20,212.75,141.27,0,0
user_000,user_000_s10,0,21,198.24,101.42,0,0
user_000,user_000_s10,0,22,153.3,111.72,0,0
user_000,user_000_s10,0,23,222.62,95.25,0,0
user_000,user_000_s10,0,24,149.56,101.81,0,0
user_000,user_000_s10,0,25,237.0,110.62,0,0
user_000,user_000_s10,0,26,299.3,119.38,0,0
user_000,user_000_s10,0,27,207.93,111.65,0,0
user_000,user_000_s10,0,28,215.87,125.44,0,0
user_000,user_000_s10,0,29,176.41,105.57,0,0
user_000,user_000_s10,0,30,128.09,102.09,0,0
user_000,user_000_s10,0,31,172.38,146.64,0,0
user_000,user_000_s10,0,32,154.4,112.75,0,0
user_000,user_000_s10,0,33,141.41,96.41,0,0
user_000,user_000_s10,0,34,257.66,96.78,0,0
user_000,user_000_s10,0,35,204.49,93.14,0,0
user_000,user_000_s10,0,36,208.41,120.71,0,0
user_000,user_000_s10,0,37,997.33,101.62,0,0
user_000,user_000_s10,0,38,188.15,108.84,0,0
user_000,user_000_s10,0,39,229.87,106.04,0,0
user_000,user_000_s11,0,0,1440.26,125.55,0,0
user_000,user_000_s11,0,1,152.24,106.29,0,0
user_000,user_000_s11,0,2,144.56,112.75,0,0
user_000,user_000_s11,0,3,249.82,110.84,0,0
user_000,user_000_s11,0,4,157.89,101.24,0,0
user_000,user_000_s11,0,5,153.47,111.41,0,0
user_000,user_000_s11,0,6,190.33,138.25,0,0
user_000,user_000_s11,0,7,188.46,101.5,0,0
user_000,user_000_s11,0,8,158.66,111.62,0,0
user_000,user_000_s11,0,9,180.58,123.92,0,0
user_000,user_000_s11,0,10,236.86,122.2,0,0
user_000,user_000_s11,0,11,162.2,105.64,0,0
user_000,user_000_s11,0,12,140.64,70.5,0,0
user_000,user_000_s11,0,13,226.34,113.05,0,0
user_000,user_000_s11,0,14,209.82,72.91,0,0
user_000,user_000_s11,0,15,169.0,127.04,0,0
user_000,user_000_s11,0,16,133.73,107.96,0,0
user_000,user_000_s11,0,17,164.45,120.14,0,0
user_000,user_000_s11,0,18,189.76,92.23,0,0
user_000,user_000_s11,0,19,234.52,82.69,0,0
user_000,user_000_s11,0,20,153.74,109.3,0,0
user_000,user_000_s11,0,21,188.66,104.98,0,0
user_000,user_000_s11,0,22,216.53,98.26,0,0
user_000,user_000_s11,0,23,104.42,106.71,0,0
user_000,user_000_s11,0,24,229.68,146.07,0,0
user_000,user_000_s11,0,25,148.39,117.71,0,0
user_000,user_000_s11,0,26,203.94,120.87,0,0
user_000,user_000_s11,0,27,200.81,117.85,0,0
user_000,user_000_s11,0,28,231.55,127.18,0,0
user_000,user_000_s11,0,29,663.72,102.68,0,0
user_000,user_000_s11,0,30,104.56,75.32,0,0
user_000,user_000_s11,0,31,162.98,102.7,0,0
user_000,user_000_s11,0,32,196.83,117.38,0,0
user_000,user_000_s11,0,33,184.61,91.24,0,0
user_000,user_000_s11,0,34,209.28,102.88,0,0
user_000,user_000_s11,0,35,220.72,95.32,0,0
user_000,user_000_s11,0,36,214.08,127.51,0,0
user_000,user_000_s11,0,37,183.9,116.47,0,0
user_000,user_000_s11,0,38,124.04,115.03,0,0
user_000,user_000_s11,0,39,175.06,114.59,0,0
user_000,user_000_s12,1,0,152.18,124.77,0,0
user_000,user_000_s12,1,1,227.7,105.63,0,0
user_000,user_000_s12,1,2,204.45,121.73,0,0
user_000,user_000_s12,1,3,156.25,160.14,0,0
user_000,user_000_s12,1,4,154.56,136.4,0,0
user_000,user_000_s12,1,5,239.42,75.31,0,0
user_000,user_000_s12,1,6,287.87,115.63,0,0
user_000,user_000_s12,1,7,653.3,169.47,0,0
user_000,user_000_s12,1,8,225.52,115.67,0,0
user_000,user_000_s12,1,9,259.27,72.91,0,0
user_000,user_000_s12,1,10,155.33,172.45,0,0
user_000,user_000_s12,1,11,270.63,139.83,0,0
user_000,user_000_s12,1,12,775.95,119.55,0,0
user_000,user_000_s12,1,13,396.21,111.43,0,0
user_000,user_000_s12,1,14,195.45,150.6,0,1
user_000,user_000_s12,1,15,189.93,106.83,0,0
user_000,user_000_s12,1,16,272.6,152.38,0,0
user_000,user_000_s12,1,17,275.98,136.05,1,0
user_000,user_000_s12,1,18,184.74,128.03,0,0
user_000,user_000_s12,1,19,193.63,125.36,0,0
user_000,user_000_s12,1,20,257.25,116.72,0,0
user_000,user_000_s12,1,21,165.03,149.62,0,0
user_000,user_000_s12,1,22,193.13,98.11,0,0
user_000,user_000_s12,1,23,226.83,77.72,0,0
user_000,user_000_s12,1,24,287.89,137.99,0,0
user_000,user_000_s12,1,25,180.06,138.45,0,0
user_000,user_000_s12,1,26,96.66,134.38,0,0
user_000,user_000_s12,1,27,91.66,132.42,0,0
user_000,user_000_s12,1,28,135.94,112.8,0,0
user_000,user_000_s12,1,29,132.32,142.66,0,0
user_000,user_000_s12,1,30,1265.37,120.21,0,0
user_000,user_000_s12,1,31,140.69,108.31,0,0
user_000,user_000_s12,1,32,173.44,113.03,0,0
user_000,user_000_s12,1,33,1564.19,175.89,0,0
user_000,user_000_s12,1,34,191.11,74.68,0,0
user_000,user_000_s12,1,35,309.89,134.9,0,0
user_000,user_000_s12,1,36,265.39,76.18,0,0
user_000,user_000_s12,1,37,221.88,118.52,0,0
user_000,user_000_s12,1,38,189.73,109.75,0,0
user_000,user_000_s12,1,39,191.6,65.24,0,0
user_000,user_000_s13,0,0,244.21,111.64,0,0
user_000,user_000_s13,0,1,187.85,112.33,0,0
user_000,user_000_s13,0,2,192.08,125.21,0,0
user_000,user_000_s13,0,3,224.29,94.02,0,0
user_000,user_000_s13,0,4,178.46,112.54,0,0
user_000,user_000_s13,0,5,221.52,128.88,0,0
user_000,user_000_s13,0,6,196.7,84.51,0,0
user_000,user_000_s13,0,7,164.37,112.59,0,0
user_000,user_000_s13,0,8,164.83,101.37,0,0
user_000,user_000_s13,0,9,253.0,104.52,0,0
user_000,user_000_s13,0,10,194.19,96.68,0,0
user_000,user_000_s13,0,11,260.09,107.47,0,0
user_000,user_000_s13,0,12,1095.13,136.97,0,0
user_000,user_000_s13,0,13,210.61,91.41,0,1
user_000,user_000_s13,0,14,287.69,92.8,0,0
user_000,user_000_s13,0,15,161.14,90.86,0,0
user_000,user_000_s13,0,16,130.31,135.3,0,0
user_000,user_000_s13,0,17,247.12,103.18,0,0
user_000,user_000_s13,0,18,169.6,109.58,0,0
user_000,user_000_s13,0,19,199.17,104.05,0,0
user_000,user_000_s13,0,20,178.43,96.1,0,1
user_000,user_000_s13,0,21,209.76,106.51,0,0
user_000,user_000_s13,0,22,165.06,146.03,0,0
user_000,user_000_s13,0,23,193.32,130.38,0,0
user_000,user_000_s13,0,24,216.42,97.44,0,0
user_000,user_000_s13,0,25,162.94,119.46,0,0
user_000,user_000_s13,0,26,174.25,97.76,0,0
user_000,user_000_s13,0,27,187.18,83.9,0,0
user_000,user_000_s13,0,28,147.52,124.92,0,0
user_000,user_000_s13,0,29,184.42,126.98,0,0
user_000,user_000_s13,0,30,204.28,125.31,0,0
user_000,user_000_s13,0,31,185.27,103.06,0,0
user_000,user_000_s13,0,32,189.97,107.51,0,0
user_000,user_000_s13,0,33,199.19,120.96,0,0
user_000,user_000_s13,0,34,175.87,115.7,0,0
user_000,user_000_s13,0,35,225.27,104.18,0,0
user_000,user_000_s13,0,36,252.6,86.2,0,0
user_000,user_000_s13,0,37,182.89,111.63,0,0
user_000,user_000_s13,0,38,217.72,125.79,0,0
user_000,user_000_s13,0,39,191.14,92.39,0,0
user_001,user_001_s00,0,0,159.56,117.4,0,0
user_001,user_001_s00,0,1,157.21,115.68,0,0
user_001,user_001_s00,0,2,219.32,106.43,0,0
user_001,user_001_s00,0,3,227.7,77.7,0,0
user_001,user_001_s00,0,4,177.77,96.04,1,0
user_001,user_001_s00,0,5,247.78,88.37,0,0
user_001,user_001_s00,0,6,1466.9,116.89,0,0
user_001,user_001_s00,0,7,195.36,122.34,0,0
user_001,user_001_s00,0,8,148.34,120.19,0,0
user_001,user_001_s00,0,9,254.15,88.21,0,0
user_001,user_001_s00,0,10,181.92,53.17,0,0
user_001,user_001_s00,0,11,190.19,70.34,0,0
user_001,user_001_s00,0,12,169.63,126.64,0,0
user_001,user_001_s00,0,13,145.34,94.45,0,0
user_001,user_001_s00,0,14,119.79,88.28,0,0
user_001,user_001_s00,0,15,212.55,130.54,0,0
user_001,user_001_s00,0,16,150.04,123.88,0,0
user_001,user_001_s00,0,17,319.66,101.97,0,0
user_001,user_001_s00,0,18,136.68,96.36,0,0
user_001,user_001_s00,0,19,129.12,99.21,0,0
user_001,user_001_s00,0,20,207.13,105.55,0,0
user_001,user_001_s00,0,21,252.12,129.79,0,0
user_001,user_001_s00,0,22,187.47,109.0,0,0
user_001,user_001_s00,0,23,209.88,114.36,0,0
user_001,user_001_s00,0,24,103.24,122.18,0,0
user_001,user_001_s00,0,25,154.71,80.89,0,0
user_001,user_001_s00,0,26,137.23,114.87,0,0
user_001,user_001_s00,0,27,100.97,96.34,0,0
user_001,user_001_s00,0,28,189.78,57.12,0,0
user_001,user_001_s00,0,29,85.62,63.96,0,0
user_001,user_001_s00,0,30,126.26,83.56,0,0
user_001,user_001_s00,0,31,160.91,110.92,0,0
user_001,user_001_s00,0,32,147.92,103.55,0,0
user_001,user_001_s00,0,33,202.11,104.79,0,0
user_001,user_001_s00,0,34,198.11,135.99,0,0
user_001,user_001_s00,0,35,224.07,79.13,0,0
user_001,user_001_s00,0,36,217.83,101.06,0,0
user_001,user_001_s00,0,37,234.97,106.91,1,0
user_001,user_001_s00,0,38,184.53,88.54,0,0
user_001,user_001_s00,0,39,198.01,102.04,0,0
user_001,user_001_s01,0,0,249.7,118.89,0,0
user_001,user_001_s01,0,1,188.84,116.4,0,0
user_001,user_001_s01,0,2,154.82,111.04,0,0
user_001,user_001_s01,0,3,172.37,116.58,0,0
user_001,user_001_s01,0,4,202.96,106.0,0,0
user_001,user_001_s01,0,5,177.61,114.04,0,0
user_001,user_001_s01,0,6,215.52,93.93,0,0
user_001,user_001_s01,0,7,217.17,113.28,0,0
user_001,user_001_s01,0,8,233.34,118.55,0,0
user_001,user_001_s01,0,9,256.93,94.93,0,0
user_001,user_001_s01,0,10,238.05,107.67,0,0
user_001,user_001_s01,0,11,152.86,95.74,0,0
user_001,user_001_s01,0,12,154.22,97.46,0,0
user_001,user_001_s01,0,13,190.75,86.89,0,0
user_001,user_001_s01,0,14,174.18,129.1,0,0
user_001,user_001_s01,0,15,143.85,125.57,0,0
user_001,user_001_s01,0,16,174.6,116.24,0,0
user_001,user_001_s01,0,17,173.15,141.57,0,0
user_001,user_001_s01,0,18,164.44,103.41,0,0
user_001,user_001_s01,0,19,180.16,160.28,0,0
user_001,user_001_s01,0,20,246.11,102.74,0,0
user_001,user_001_s01,0,21,202.89,111.26,0,0
user_001,user_001_s01,0,22,303.2,99.73,0,0
user_001,user_001_s01,0,23,201.62,113.33,0,0
user_001,user_001_s01,0,24,1229.17,121.51,0,0
user_001,user_001_s01,0,25,194.28,104.74,0,0
user_001,user_001_s01,0,26,205.42,138.12,0,0
user_001,user_001_s01,0,27,213.31,110.98,0,0
user_001,user_001_s01,0,28,285.76,111.53,0,0
user_001,user_001_s01,0,29,156.78,90.7,0,0
user_001,user_001_s01,0,30,232.01,114.14,0,0
user_001,user_001_s01,0,31,203.27,104.39,0,0
user_001,user_001_s01,0,32,124.75,96.01,0,0
user_001,user_001_s01,0,33,228.12,93.04,0,0
user_001,user_001_s01,0,34,250.05,153.93,0,0
user_001,user_001_s01,0,35,156.26,102.1,0,0
user_001,user_001_s01,0,36,193.7,81.03,0,0
user_001,user_001_s01,0,37,905.99,94.43,0,0
user_001,user_001_s01,0,38,138.53,105.84,0,0
user_001,user_001_s01,0,39,240.36,116.41,0,0
user_001,user_001_s02,0,0,168.01,129.17,0,0
user_001,user_001_s02,0,1,217.1,118.12,0,0
user_001,user_001_s02,0,2,217.04,123.44,0,0
user_001,user_001_s02,0,3,227.06,114.24,0,0
user_001,user_001_s02,0,4,220.52,101.21,0,0
user_001,user_001_s02,0,5,168.4,108.49,0,0
user_001,user_001_s02,0,6,146.06,113.44,0,0
user_001,user_001_s02,0,7,244.15,112.49,0,0
user_001,user_001_s02,0,8,213.85,79.81,0,0
user_001,user_001_s02,0,9,256.38,106.09,0,1
user_001,user_001_s02,0,10,203.67,114.1,1,0
user_001,user_001_s02,0,11,143.62,108.14,0,0
user_001,user_001_s02,0,12,248.29,108.75,0,0
user_001,user_001_s02,0,13,1281.25,121.72,0,0
user_001,user_001_s02,0,14,220.74,94.05,0,0
user_001,user_001_s02,0,15,177.07,84.36,0,0
user_001,user_001_s02,0,16,278.22,106.96,1,0
user_001,user_001_s02,0,17,166.95,126.6,0,0
user_001,user_001_s02,0,18,1238.71,142.9,0,0
user_001,user_001_s02,0,19,210.39,126.91,0,0
user_001,user_001_s02,0,20,157.44,87.18,1,0
user_001,user_001_s02,0,21,220.23,109.0,0,0
user_001,user_001_s02,0,22,276.79,117.64,0,0
user_001,user_001_s02,0,23,184.0,116.24,0,0
user_001,user_001_s02,0,24,223.09,122.63,0,0
user_001,user_001_s02,0,25,84.29,96.91,0,0
user_001,user_001_s02,0,26,203.93,114.25,0,0
user_001,user_001_s02,0,27,191.83,120.53,0,0
user_001,user_001_s02,0,28,169.52,127.68,0,0
user_001,user_001_s02,0,29,253.38,98.88,0,0
user_001,user_001_s02,0,30,191.24,107.01,0,0
user_001,user_001_s02,0,31,197.81,65.37,0,0
user_001,user_001_s02,0,32,189.0,102.13,0,0
user_001,user_001_s02,0,33,121.04,103.85,0,0
user_001,user_001_s02,0,34,155.68,95.1,0,0
user_001,user_001_s02,0,35,716.89,116.03,0,0
user_001,user_001_s02,0,36,112.51,112.12,0,0
user_001,user_001_s02,0,37,171.82,73.22,0,0
user_001,user_001_s02,0,38,188.0,116.91,0,0
user_001,user_001_s02,0,39,282.61,96.71,0,0
user_001,user_001_s03,0,0,216.16,129.35,0,0
user_001,user_001_s03,0,1,216.93,104.92,0,0
user_001,user_001_s03,0,2,197.62,118.47,0,0
user_001,user_001_s03,0,3,262.92,112.24,0,0
user_001,user_001_s03,0,4,199.59,89.76,0,0
user_001,user_001_s03,0,5,195.51,101.51,0,0
user_001,user_001_s03,0,6,257.3,145.45,0,0
user_001,user_001_s03,0,7,190.34,124.55,0,0
user_001,user_001_s03,0,8,212.44,94.39,0,0
user_001,user_001_s03,0,9,144.31,90.56,0,0
user_001,user_001_s03,0,10,245.19,115.78,0,0
user_001,user_001_s03,0,11,299.77,145.32,0,0
user_001,user_001_s03,0,12,245.94,114.46,0,0
user_001,user_001_s03,0,13,278.63,140.83,0,0
user_001,user_001_s03,0,14,176.76,123.97,0,0
user_001,user_001_s03,0,15,224.54,126.08,0,0
user_001,user_001_s03,0,16,172.47,94.17,0,0
user_001,user_001_s03,0,17,204.05,134.31,0,0
user_001,user_001_s03,0,18,248.19,111.84,0,0
user_001,user_001_s03,0,19,218.6,133.0,0,0
user_001,user_001_s03,0,20,151.75,103.38,0,0
user_001,user_001_s03,0,21,156.06,120.88,0,0
user_001,user_001_s03,0,22,153.14,123.97,0,0
user_001,user_001_s03,0,23,235.8,115.04,0,0
user_001,user_001_s03,0,24,305.2,124.9,0,0
user_001,user_001_s03,0,25,274.24,113.05,0,0
user_001,user_001_s03,0,26,130.42,106.3,0,0
user_001,user_001_s03,0,27,276.83,146.1,0,0
user_001,user_001_s03,0,28,255.44,136.28,0,0
user_001,user_001_s03,0,29,145.9,104.32,0,0
user_001,user_001_s03,0,30,200.72,127.79,0,0
user_001,user_001_s03,0,31,262.46,104.65,0,0
user_001,user_001_s03,0,32,238.4,96.84,0,0
user_001,user_001_s03,0,33,156.32,136.01,0,0
user_001,user_001_s03,0,34,241.06,87.67,0,0
user_001,user_001_s03,0,35,119.76,134.12,0,0
user_001,user_001_s03,0,36,204.27,113.3,0,0
user_001,user_001_s03,0,37,264.33,114.02,0,0
user_001,user_001_s03,0,38,214.92,124.99,0,0
user_001,user_001_s03,0,39,192.08,128.02,0,0
user_001,user_001_s04,0,0,251.22,110.69,0,0
user_001,user_001_s04,0,1,202.71,106.54,0,0
user_001,user_001_s04,0,2,132.82,118.02,0,0
user_001,user_001_s04,0,3,123.56,122.24,0,0
user_001,user_001_s04,0,4,265.71,121.82,0,0
user_001,user_001_s04,0,5,188.24,103.95,0,0
user_001,user_001_s04,0,6,163.65,130.22,0,0
user_001,user_001_s04,0,7,180.14,109.76,0,0
user_001,user_001_s04,0,8,127.02,116.89,0,0
user_001,user_001_s04,0,9,255.05,110.71,0,0
user_001,user_001_s04,0,10,174.88,110.09,0,0
user_001,user_001_s04,0,11,252.59,92.74,0,0
user_001,user_001_s04,0,12,194.51,118.11,0,0
user_001,user_001_s04,0,13,255.33,155.96,1,0
user_001,user_001_s04,0,14,203.56,99.11,0,0
user_001,user_001_s04,0,15,229.89,106.98,0,0
user_001,user_001_s04,0,16,223.97,97.85,0,0
user_001,user_001_s04,0,17,219.74,97.11,0,0
user_001,user_001_s04,0,18,207.59,133.0,0,0
user_001,user_001_s04,0,19,181.95,93.84,0,0
user_001,user_001_s04,0,20,276.78,97.36,0,0
user_001,user_001_s04,0,21,152.2,77.7,0,0
user_001,user_001_s04,0,22,192.42,92.35,0,0
user_001,user_001_s04,0,23,192.89,75.56,0,0
user_001,user_001_s04,0,24,209.99,116.88,0,0
user_001,user_001_s04,0,25,173.27,155.16,0,0
user_001,user_001_s04,0,26,206.12,99.25,0,0
user_001,user_001_s04,0,27,184.78,76.3,0,0
user_001,user_001_s04,0,28,542.55,121.62,1,0
user_001,user_001_s04,0,29,192.65,92.89,0,0
user_001,user_001_s04,0,30,143.65,128.67,1,0
user_001,user_001_s04,0,31,115.68,100.75,0,0
user_001,user_001_s04,0,32,198.27,94.57,0,0
user_001,user_001_s04,0,33,213.77,102.58,0,0
user_001,user_001_s04,0,34,215.48,119.11,0,0
user_001,user_001_s04,0,35,217.27,101.71,0,0
user_001,user_001_s04,0,36,664.37,96.96,0,0
user_001,user_001_s04,0,37,132.16,102.22,0,0
user_001,user_001_s04,0,38,279.34,83.27,0,0
user_001,user_001_s04,0,39,146.01,112.74,0,0
user_001,user_001_s05,1,0,243.01,86.71,0,0
user_001,user_001_s05,1,1,123.22,86.22,0,0
user_001,user_001_s05,1,2,251.07,113.02,0,0
user_001,user_001_s05,1,3,861.35,101.15,0,0
user_001,user_001_s05,1,4,442.46,172.69,0,0
user_001,user_001_s05,1,5,1598.01,156.74,0,0
user_001,user_001_s05,1,6,483.0,186.28,0,0
user_001,user_001_s05,1,7,250.47,158.52,0,0
user_001,user_001_s05,1,8,530.25,151.1,0,0
user_001,user_001_s05,1,9,1310.44,190.25,0,0
user_001,user_001_s05,1,10,179.68,161.41,0,0
user_001,user_001_s05,1,11,318.12,145.55,0,0
user_001,user_001_s05,1,12,186.48,201.33,0,0
user_001,user_001_s05,1,13,126.08,147.41,1,0
user_001,user_001_s05,1,14,1173.62,130.84,0,0
user_001,user_001_s05,1,15,268.79,109.77,0,0
user_001,user_001_s05,1,16,74.9,170.63,0,0
user_001,user_001_s05,1,17,146.28,191.72,0,0
user_001,user_001_s05,1,18,260.77,140.86,0,0
user_001,user_001_s05,1,19,219.45,194.52,0,0
user_001,user_001_s05,1,20,298.73,65.06,0,0
user_001,user_001_s05,1,21,790.42,140.67,0,0
user_001,user_001_s05,1,22,330.26,141.28,0,0
user_001,user_001_s05,1,23,142.87,114.15,0,0
user_001,user_001_s05,1,24,1274.72,237.01,0,0
user_001,user_001_s05,1,25,578.08,140.25,0,0
user_001,user_001_s05,1,26,151.87,126.76,0,0
user_001,user_001_s05,1,27,300.96,143.89,1,0
user_001,user_001_s05,1,28,424.07,63.76,0,0
user_001,user_001_s05,1,29,290.86,112.85,1,0
user_001,user_001_s05,1,30,315.33,181.7,0,0
user_001,user_001_s05,1,31,261.48,118.02,0,0
user_001,user_001_s05,1,32,158.41,110.13,0,0
user_001,user_001_s05,1,33,211.35,194.58,0,0
user_001,user_001_s05,1,34,140.09,195.8,0,1
user_001,user_001_s05,1,35,133.49,163.28,0,0
user_001,user_001_s05,1,36,299.42,124.89,0,0
user_001,user_001_s05,1,37,148.85,133.4,0,0
user_001,user_001_s05,1,38,291.3,111.1,0,0
user_001,user_001_s05,1,39,131.21,103.57,0,0
user_001,user_001_s06,1,0,254.11,133.17,0,0
user_001,user_001_s06,1,1,1586.23,236.36,1,0
user_001,user_001_s06,1,2,1245.84,145.53,0,0
user_001,user_001_s06,1,3,854.8,126.45,0,0
user_001,user_001_s06,1,4,210.93,178.06,0,1
user_001,user_001_s06,1,5,1247.4,84.59,0,0
user_001,user_001_s06,1,6,276.67,140.06,0,0
user_001,user_001_s06,1,7,311.79,194.53,0,1
user_001,user_001_s06,1,8,300.87,134.03,0,0
user_001,user_001_s06,1,9,291.93,87.68,0,0
user_001,user_001_s06,1,10,242.69,126.01,0,0
user_001,user_001_s06,1,11,923.07,179.05,1,0
user_001,user_001_s06,1,12,325.95,148.14,1,0
user_001,user_001_s06,1,13,203.02,113.31,1,0
user_001,user_001_s06,1,14,1580.91,117.72,0,0
user_001,user_001_s06,1,15,262.74,121.32,0,0
user_001,user_001_s06,1,16,279.5,147.71,0,1
user_001,user_001_s06,1,17,623.45,175.72,0,1
user_001,user_001_s06,1,18,244.38,167.52,0,1
user_001,user_001_s06,1,19,243.01,150.43,0,0
user_001,user_001_s06,1,20,91.0,99.19,0,0
user_001,user_001_s06,1,21,234.01,99.3,0,0
user_001,user_001_s06,1,22,1370.79,152.64,0,0
user_001,user_001_s06,1,23,238.26,98.79,0,0
user_001,user_001_s06,1,24,351.2,130.89,0,0
user_001,user_001_s06,1,25,162.62,146.08,1,0
user_001,user_001_s06,1,26,190.65,104.75,0,0
user_001,user_001_s06,1,27,62.56,108.0,0,0
user_001,user_001_s06,1,28,1388.28,134.66,0,0
user_001,user_001_s06,1,29,221.39,151.79,0,0
user_001,user_001_s06,1,30,213.2,167.78,0,0
user_001,user_001_s06,1,31,329.12,154.76,0,0
user_001,user_001_s06,1,32,778.58,139.47,0,1
user_001,user_001_s06,1,33,255.32,115.97,0,0
user_001,user_001_s06,1,34,223.18,106.66,0,1
user_001,user_001_s06,1,35,323.28,122.71,1,0
user_001,user_001_s06,1,36,820.2,149.11,0,0
user_001,user_001_s06,1,37,191.11,147.01,0,0
user_001,user_001_s06,1,38,126.76,77.17,0,0
user_001,user_001_s06,1,39,218.12,114.84,0,0
user_001,user_001_s07,1,0,1538.15,170.21,0,0
user_001,user_001_s07,1,1,311.9,131.08,0,0
user_001,user_001_s07,1,2,376.53,88.53,0,0
user_001,user_001_s07,1,3,252.63,171.73,0,0
user_001,user_001_s07,1,4,356.9,175.23,1,0
user_001,user_001_s07,1,5,236.67,152.77,0,0
user_001,user_001_s07,1,6,251.79,123.13,0,0
user_001,user_001_s07,1,7,226.65,161.79,0,0
user_001,user_001_s07,1,8,315.87,113.24,0,0
user_001,user_001_s07,1,9,1691.56,126.9,0,0
user_001,user_001_s07,1,10,274.72,135.55,0,0
user_001,user_001_s07,1,11,189.79,185.38,1,0
user_001,user_001_s07,1,12,204.52,147.67,0,1
user_001,user_001_s07,1,13,319.93,145.01,0,0
user_001,user_001_s07,1,14,433.17,220.09,0,0
user_001,user_001_s07,1,15,829.5,170.02,0,0
user_001,user_001_s07,1,16,1116.93,169.6,0,0
user_001,user_001_s07,1,17,348.96,147.45,0,0
user_001,user_001_s07,1,18,270.39,140.37,0,0
user_001,user_001_s07,1,19,259.55,90.68,0,0
user_001,user_001_s07,1,20,214.22,189.28,0,0
user_001,user_001_s07,1,21,399.14,173.02,0,1
user_001,user_001_s07,1,22,90.73,153.41,0,0
user_001,user_001_s07,1,23,351.43,154.72,0,1
user_001,user_001_s07,1,24,252.87,182.01,0,0
user_001,user_001_s07,1,25,1038.39,110.42,0,0
user_001,user_001_s07,1,26,421.31,140.57,0,0
user_001,user_001_s07,1,27,1122.67,123.5,0,0
user_001,user_001_s07,1,28,235.97,214.37,0,0
user_001,user_001_s07,1,29,278.91,186.37,0,1
user_001,user_001_s07,1,30,321.43,90.17,0,0
user_001,user_001_s07,1,31,254.58,111.7,1,0
user_001,user_001_s07,1,32,166.14,154.87,0,0
user_001,user_001_s07,1,33,221.47,144.24,0,0
user_001,user_001_s07,1,34,389.21,117.62,0,0
user_001,user_001_s07,1,35,294.94,219.78,0,0
user_001,user_001_s07,1,36,324.34,168.77,0,0
user_001,user_001_s07,1,37,268.68,173.84,0,0
user_001,user_001_s07,1,38,1192.3,137.38,0,1
user_001,user_001_s07,1,39,420.16,181.58,0,0
user_001,user_001_s08,0,0,228.17,112.8,0,0
user_001,user_001_s08,0,1,203.87,64.86,0,0
user_001,user_001_s08,0,2,190.5,134.37,0,0
user_001,user_001_s08,0,3,311.52,114.83,0,0
user_001,user_001_s08,0,4,168.34,97.96,0,0
user_001,user_001_s08,0,5,217.55,129.99,0,0
user_001,user_001_s08,0,6,171.29,100.46,0,0
user_001,user_001_s08,0,7,283.22,100.27,0,0
user_001,user_001_s08,0,8,243.55,118.75,0,0
user_001,user_001_s08,0,9,174.46,143.87,0,0
user_001,user_001_s08,0,10,227.03,141.09,0,0
user_001,user_001_s08,0,11,215.78,118.77,0,0
user_001,user_001_s08,0,12,181.6,120.59,0,0
user_001,user_001_s08,0,13,237.87,126.4,0,0
user_001,user_001_s08,0,14,221.59,90.23,0,0
user_001,user_001_s08,0,15,213.92,123.79,0,0
user_001,user_001_s08,0,16,202.55,99.46,0,0
user_001,user_001_s08,0,17,223.43,118.04,0,0
user_001,user_001_s08,0,18,214.53,108.41,0,0
user_001,user_001_s08,0,19,207.01,121.27,0,0
user_001,user_001_s08,0,20,176.11,114.51,0,0
user_001,user_001_s08,0,21,279.17,58.16,0,0
user_001,user_001_s08,0,22,158.04,115.58,0,0
user_001,user_001_s08,0,23,223.28,123.76,0,0
user_001,user_001_s08,0,24,190.27,120.3,0,0
user_001,user_001_s08,0,25,282.07,110.61,0,0
user_001,user_001_s08,0,26,164.52,141.42,0,0
user_001,user_001_s08,0,27,171.95,117.92,0,0
user_001,user_001_s08,0,28,161.6,120.15,0,0
user_001,user_001_s08,0,29,218.68,130.86,0,0
user_001,user_001_s08,0,30,143.8,118.82,0,0
user_001,user_001_s08,0,31,1427.69,96.57,0,0
user_001,user_001_s08,0,32,109.4,69.37,0,0
user_001,user_001_s08,0,33,1417.66,104.0,0,1
user_001,user_001_s08,0,34,182.32,125.86,0,0
user_001,user_001_s08,0,35,138.72,106.19,0,1
user_001,user_001_s08,0,36,252.32,126.57,0,0
user_001,user_001_s08,0,37,146.68,115.05,0,0
user_001,user_001_s08,0,38,239.58,135.16,0,0
user_001,user_001_s08,0,39,173.46,107.21,0,0
user_001,user_001_s09,1,0,478.29,168.13,0,0
user_001,user_001_s09,1,1,347.23,106.09,0,0
user_001,user_001_s09,1,2,380.78,209.16,0,0
user_001,user_001_s09,1,3,339.98,132.4,0,0
user_001,user_001_s09,1,4,424.75,157.32,0,0
user_001,user_001_s09,1,5,213.15,179.32,0,0
user_001,user_001_s09,1,6,70.96,120.28,0,0
user_001,user_001_s09,1,7,240.47,134.41,0,0
user_001,user_001_s09,1,8,320.98,157.67,0,0
user_001,user_001_s09,1,9,288.38,243.55,0,0
user_001,user_001_s09,1,10,298.31,161.58,0,0
user_001,user_001_s09,1,11,382.11,203.43,0,0
user_001,user_001_s09,1,12,306.86,190.59,0,0
user_001,user_001_s09,1,13,340.27,163.73,0,0
user_001,user_001_s09,1,14,872.36,120.21,0,1
user_001,user_001_s09,1,15,1363.62,185.91,0,0
user_001,user_001_s09,1,16,1467.83,103.89,0,0
user_001,user_001_s09,1,17,284.32,203.26,0,1
user_001,user_001_s09,1,18,226.27,158.34,0,0
user_001,user_001_s09,1,19,226.42,66.95,0,0
user_001,user_001_s09,1,20,224.2,141.01,0,1
user_001,user_001_s09,1,21,219.4,172.89,0,0
user_001,user_001_s09,1,22,173.37,144.33,0,0
user_001,user_001_s09,1,23,155.96,174.85,0,0
user_001,user_001_s09,1,24,775.87,124.67,0,0
user_001,user_001_s09,1,25,228.7,110.05,0,0
user_001,user_001_s09,1,26,1058.35,149.64,0,0
user_001,user_001_s09,1,27,299.72,152.94,0,0
user_001,user_001_s09,1,28,297.5,140.76,0,0
user_001,user_001_s09,1,29,216.66,191.28,0,0
user_001,user_001_s09,1,30,266.53,124.67,1,0
user_001,user_001_s09,1,31,943.03,161.97,0,0
user_001,user_001_s09,1,32,1176.17,154.11,0,0
user_001,user_001_s09,1,33,268.7,102.01,0,0
user_001,user_001_s09,1,34,362.73,109.63,0,0
user_001,user_001_s09,1,35,276.87,152.31,0,0
user_001,user_001_s09,1,36,1375.12,215.45,0,0
user_001,user_001_s09,1,37,236.96,170.5,0,0
user_001,user_001_s09,1,38,130.94,96.6,0,0
user_001,user_001_s09,1,39,297.74,52.19,0,1
user_001,user_001_s10,0,0,191.19,86.13,0,0
user_001,user_001_s10,0,1,123.56,99.41,0,0
user_001,user_001_s10,0,2,130.31,68.61,0,0
user_001,user_001_s10,0,3,137.28,120.61,0,1
user_001,user_001_s10,0,4,163.62,137.24,0,0
user_001,user_001_s10,0,5,224.59,102.19,0,0
user_001,user_001_s10,0,6,208.76,63.26,0,0
user_001,user_001_s10,0,7,206.32,111.53,0,0
user_001,user_001_s10,0,8,134.73,84.81,0,0
user_001,user_001_s10,0,9,159.34,89.07,0,0
user_001,user_001_s10,0,10,195.24,111.84,0,0
user_001,user_001_s10,0,11,155.5,105.27,0,0
user_001,user_001_s10,0,12,170.94,92.16,0,0
user_001,user_001_s10,0,13,202.71,89.31,0,0
user_001,user_001_s10,0,14,167.84,103.0,0,0
user_001,user_001_s10,0,15,193.21,93.55,0,0
user_001,user_001_s10,0,16,253.53,81.19,0,0
user_001,user_001_s10,0,17,175.65,94.91,0,0
user_001,user_001_s10,0,18,235.29,106.77,0,0
user_001,user_001_s10,0,19,207.92,97.63,0,0
user_001,user_001_s10,0,20,118.47,75.82,0,0
user_001,user_001_s10,0,21,134.58,118.24,0,0
user_001,user_001_s10,0,22,146.44,52.42,0,0
user_001,user_001_s10,0,23,145.5,92.9,0,0
user_001,user_001_s10,0,24,179.25,89.83,0,0
user_001,user_001_s10,0,25,210.36,103.39,0,1
user_001,user_001_s10,0,26,238.63,110.69,0,0
user_001,user_001_s10,0,27,196.83,120.67,0,0
user_001,user_001_s10,0,28,163.56,88.2,0,0
user_001,user_001_s10,0,29,91.32,111.13,0,0
user_001,user_001_s10,0,30,186.35,104.23,0,1
user_001,user_001_s10,0,31,184.37,70.56,0,0
user_001,user_001_s10,0,32,191.31,134.33,0,0
user_001,user_001_s10,0,33,276.2,75.37,0,0
user_001,user_001_s10,0,34,237.99,108.18,0,1
user_001,user_001_s10,0,35,217.88,107.66,0,0
user_001,user_001_s10,0,36,140.77,105.64,0,0
user_001,user_001_s10,0,37,160.59,92.05,0,0
user_001,user_001_s10,0,38,179.05,115.38,0,0
user_001,user_001_s10,0,39,149.01,73.23,0,0
user_001,user_001_s11,0,0,185.57,142.4,0,0
user_001,user_001_s11,0,1,204.52,112.2,0,0
user_001,user_001_s11,0,2,291.15,114.5,0,0
user_001,user_001_s11,0,3,194.44,137.59,0,0
user_001,user_001_s11,0,4,261.36,125.35,0,0
user_001,user_001_s11,0,5,208.4,98.21,0,0
user_001,user_001_s11,0,6,225.02,102.25,0,0
user_001,user_001_s11,0,7,209.77,122.41,0,0
user_001,user_001_s11,0,8,244.1,102.65,0,0
user_001,user_001_s11,0,9,176.42,76.29,0,0
user_001,user_001_s11,0,10,163.24,112.73,0,0
user_001,user_001_s11,0,11,178.49,87.54,0,0
user_001,user_001_s11,0,12,211.08,142.21,0,0
user_001,user_001_s11,0,13,196.93,116.8,0,0
user_001,user_001_s11,0,14,238.03,97.69,0,0
user_001,user_001_s11,0,15,264.27,101.34,0,0
user_001,user_001_s11,0,16,163.61,80.32,0,0
user_001,user_001_s11,0,17,174.28,94.26,0,0
user_001,user_001_s11,0,18,143.29,131.62,0,0
user_001,user_001_s11,0,19,296.3,153.08,0,0
user_001,user_001_s11,0,20,220.13,126.5,0,0
user_001,user_001_s11,0,21,227.86,112.05,0,0
user_001,user_001_s11,0,22,147.52,106.05,0,0
user_001,user_001_s11,0,23,206.63,96.79,0,0
user_001,user_001_s11,0,24,229.16,150.04,0,0
user_001,user_001_s11,0,25,195.52,110.34,0,0
user_001,user_001_s11,0,26,254.16,151.03,0,0
user_001,user_001_s11,0,27,308.72,138.28,0,0
user_001,user_001_s11,0,28,164.88,82.94,0,0
user_001,user_001_s11,0,29,161.57,101.92,0,0
user_001,user_001_s11,0,30,167.94,101.86,0,0
user_001,user_001_s11,0,31,277.58,112.26,0,0
user_001,user_001_s11,0,32,252.69,112.61,0,0
user_001,user_001_s11,0,33,200.7,166.58,0,0
user_001,user_001_s11,0,34,208.29,94.65,0,0
user_001,user_001_s11,0,35,170.64,117.72,0,0
user_001,user_001_s11,0,36,245.97,124.56,0,0
user_001,user_001_s11,0,37,189.91,113.65,0,0
user_001,user_001_s11,0,38,195.2,115.62,0,0
user_001,user_001_s11,0,39,233.55,95.23,0,0
user_001,user_001_s12,0,0,225.97,108.33,0,0
user_001,user_001_s12,0,1,236.38,120.61,0,0
user_001,user_001_s12,0,2,160.13,88.5,0,0
user_001,user_001_s12,0,3,213.52,103.02,0,0
user_001,user_001_s12,0,4,158.28,118.43,0,0
user_001,user_001_s12,0,5,105.99,68.92,0,0
user_001,user_001_s12,0,6,192.91,102.09,0,0
user_001,user_001_s12,0,7,166.68,95.52,0,0
user_001,user_001_s12,0,8,168.04,100.74,0,0
user_001,user_001_s12,0,9,274.65,94.25,0,0
user_001,user_001_s12,0,10,120.11,105.53,0,0
user_001,user_001_s12,0,11,204.36,137.07,0,1
user_001,user_001_s12,0,12,143.55,97.39,0,0
user_001,user_001_s12,0,13,227.55,108.25,0,0
user_001,user_001_s12,0,14,810.23,138.32,0,0
user_001,user_001_s12,0,15,204.21,93.39,0,0
user_001,user_001_s12,0,16,145.76,135.14,0,0
user_001,user_001_s12,0,17,153.67,103.2,0,0
user_001,user_001_s12,0,18,228.39,134.57,0,0
user_001,user_001_s12,0,19,265.63,116.35,1,0
user_001,user_001_s12,0,20,208.66,108.53,0,0
user_001,user_001_s12,0,21,147.85,101.95,0,0
user_001,user_001_s12,0,22,202.42,92.09,0,0
user_001,user_001_s12,0,23,294.61,104.44,0,0
user_001,user_001_s12,0,24,191.98,118.95,0,0
user_001,user_001_s12,0,25,251.99,102.87,0,0
user_001,user_001_s12,0,26,154.78,97.51,0,0
user_001,user_001_s12,0,27,185.61,98.68,0,0
user_001,user_001_s12,0,28,214.81,120.63,0,0
user_001,user_001_s12,0,29,205.0,124.74,0,0
user_001,user_001_s12,0,30,153.63,91.33,0,0
user_001,user_001_s12,0,31,151.73,91.3,0,0
user_001,user_001_s12,0,32,231.09,109.8,0,0
user_001,user_001_s12,0,33,240.06,130.07,0,1
user_001,user_001_s12,0,34,254.21,123.34,0,0
user_001,user_001_s12,0,35,267.09,81.0,0,0
user_001,user_001_s12,0,36,193.4,98.44,0,0
user_001,user_001_s12,0,37,173.73,86.67,0,0
user_001,user_001_s12,0,38,247.1,98.38,0,0
user_001,user_001_s12,0,39,218.94,131.43,0,0
user_001,user_001_s13,0,0,239.23,115.09,0,0
user_001,user_001_s13,0,1,185.3,91.38,0,0
user_001,user_001_s13,0,2,177.31,121.82,0,0
user_001,user_001_s13,0,3,219.33,106.34,0,0
user_001,user_001_s13,0,4,181.36,119.03,0,0
user_001,user_001_s13,0,5,210.3,97.96,0,0
user_001,user_001_s13,0,6,151.58,106.08,0,0
user_001,user_001_s13,0,7,159.5,112.03,0,0
user_001,user_001_s13,0,8,226.47,113.48,0,0
user_001,user_001_s13,0,9,237.56,117.85,0,0
user_001,user_001_s13,0,10,154.91,98.9,0,0
user_001,user_001_s13,0,11,228.02,85.41,0,0
user_001,user_001_s13,0,12,174.9,137.82,0,0
user_001,user_001_s13,0,13,199.15,153.08,0,0
user_001,user_001_s13,0,14,260.96,117.03,0,0
user_001,user_001_s13,0,15,234.06,85.75,0,0
user_001,user_001_s13,0,16,233.55,95.48,0,0
user_001,user_001_s13,0,17,282.67,118.12,0,0
user_001,user_001_s13,0,18,167.35,132.81,0,0
user_001,user_001_s13,0,19,154.9,87.72,0,0
user_001,user_001_s13,0,20,939.56,106.94,0,0
user_001,user_001_s13,0,21,187.19,112.59,0,0
user_001,user_001_s13,0,22,94.49,124.4,0,0
user_001,user_001_s13,0,23,189.26,103.06,0,0
user_001,user_001_s13,0,24,174.38,81.52,0,0
user_001,user_001_s13,0,25,233.01,120.1,0,0
user_001,user_001_s13,0,26,213.97,128.99,0,0
user_001,user_001_s13,0,27,171.9,107.67,0,0
user_001,user_001_s13,0,28,224.46,116.29,0,0
user_001,user_001_s13,0,29,230.34,100.75,0,0
user_001,user_001_s13,0,30,164.5,94.2,0,0
user_001,user_001_s13,0,31,176.66,127.25,0,0
user_001,user_001_s13,0,32,100.19,115.97,0,0
user_001,user_001_s13,0,33,150.28,117.79,0,0
user_001,user_001_s13,0,34,165.65,135.65,0,0
user_001,user_001_s13,0,35,201.69,90.51,0,0
user_001,user_001_s13,0,36,156.69,99.38,0,0
user_001,user_001_s13,0,37,175.76,111.92,0,0
user_001,user_001_s13,0,38,144.33,99.17,0,0
user_001,user_001_s13,0,39,205.97,122.96,0,0
user_002,user_002_s00,1,0,344.26,150.49,0,0
user_002,user_002_s00,1,1,214.72,127.24,1,0
user_002,user_002_s00,1,2,442.35,207.49,0,0
user_002,user_002_s00,1,3,228.95,141.58,1,0
user_002,user_002_s00,1,4,182.49,151.12,0,0
user_002,user_002_s00,1,5,687.97,190.68,0,0
user_002,user_002_s00,1,6,101.94,167.47,0,0
user_002,user_002_s00,1,7,408.32,143.47,0,0
user_002,user_002_s00,1,8,393.17,187.17,0,0
user_002,user_002_s00,1,9,320.92,240.75,0,0
user_002,user_002_s00,1,10,180.52,157.42,1,0
user_002,user_002_s00,1,11,434.46,149.89,0,0
user_002,user_002_s00,1,12,1472.36,151.92,0,0
user_002,user_002_s00,1,13,239.34,194.68,0,0
user_002,user_002_s00,1,14,399.38,123.03,1,0
user_002,user_002_s00,1,15,326.37,135.07,0,0
user_002,user_002_s00,1,16,1400.2,87.83,0,0
user_002,user_002_s00,1,17,287.9,101.1,1,0
user_002,user_002_s00,1,18,227.33,126.09,0,0
user_002,user_002_s00,1,19,207.19,143.42,0,0
user_002,user_002_s00,1,20,91.33,211.89,0,0
user_002,user_002_s00,1,21,238.44,165.62,0,1
user_002,user_002_s00,1,22,371.93,111.29,0,0
user_002,user_002_s00,1,23,320.74,118.2,0,0
user_002,user_002_s00,1,24,266.48,197.09,0,0
user_002,user_002_s00,1,25,171.25,187.78,0,0
user_002,user_002_s00,1,26,285.85,146.57,0,0
user_002,user_002_s00,1,27,359.57,128.91,0,0
user_002,user_002_s00,1,28,304.97,187.72,1,0
user_002,user_002_s00,1,29,741.34,108.25,0,1
user_002,user_002_s00,1,30,189.82,160.22,0,0
user_002,user_002_s00,1,31,345.91,230.78,0,0
user_002,user_002_s00,1,32,40.0,153.22,0,1
user_002,user_002_s00,1,33,1533.72,116.41,0,0
user_002,user_002_s00,1,34,505.65,160.91,0,0
user_002,user_002_s00,1,35,123.09,127.88,0,0
user_002,user_002_s00,1,36,241.93,93.21,0,0
user_002,user_002_s00,1,37,263.83,171.82,0,0
user_002,user_002_s00,1,38,648.5,187.45,0,0
user_002,user_002_s00,1,39,361.78,133.85,0,0
user_002,user_002_s01,0,0,223.01,125.19,0,0
user_002,user_002_s01,0,1,256.56,90.04,0,0
user_002,user_002_s01,0,2,204.98,102.45,0,0
user_002,user_002_s01,0,3,274.89,106.03,0,0
user_002,user_002_s01,0,4,228.0,130.49,0,0
user_002,user_002_s01,0,5,708.0,111.54,0,0
user_002,user_002_s01,0,6,225.02,107.0,0,0
user_002,user_002_s01,0,7,263.19,100.45,0,0
user_002,user_002_s01,0,8,275.91,103.05,1,0
user_002,user_002_s01,0,9,240.6,126.63,0,0
user_002,user_002_s01,0,10,190.08,103.99,0,0
user_002,user_002_s01,0,11,179.53,97.05,0,0
user_002,user_002_s01,0,12,214.03,94.1,0,0
user_002,user_002_s01,0,13,261.8,94.29,0,0
user_002,user_002_s01,0,14,975.55,79.53,0,0
user_002,user_002_s01,0,15,208.74,90.87,0,0
user_002,user_002_s01,0,16,191.2,130.01,0,0
user_002,user_002_s01,0,17,174.69,100.33,0,0
user_002,user_002_s01,0,18,181.91,116.19,0,0
user_002,user_002_s01,0,19,194.85,60.79,0,0
user_002,user_002_s01,0,20,263.72,113.82,0,0
user_002,user_002_s01,0,21,178.53,101.12,0,0
user_002,user_002_s01,0,22,191.25,95.55,0,0
user_002,user_002_s01,0,23,151.31,107.08,0,0
user_002,user_002_s01,0,24,220.14,95.3,0,0
user_002,user_002_s01,0,25,248.43,66.96,0,0
user_002,user_002_s01,0,26,259.64,119.98,0,0
user_002,user_002_s01,0,27,197.81,108.16,0,0
user_002,user_002_s01,0,28,213.95,98.46,0,0
user_002,user_002_s01,0,29,182.28,87.11,0,0
user_002,user_002_s01,0,30,211.94,78.35,0,0
user_002,user_002_s01,0,31,202.62,107.83,0,0
user_002,user_002_s01,0,32,191.5,132.01,0,0
user_002,user_002_s01,0,33,194.95,107.46,0,0
user_002,user_002_s01,0,34,208.62,79.86,0,0
user_002,user_002_s01,0,35,176.16,107.85,0,0
user_002,user_002_s01,0,36,178.41,103.0,0,0
user_002,user_002_s01,0,37,263.25,118.97,0,0
user_002,user_002_s01,0,38,306.9,114.49,0,0
user_002,user_002_s01,0,39,136.56,51.96,0,0
user_002,user_002_s02,0,0,85.98,104.99,0,0
user_002,user_002_s02,0,1,197.59,88.93,0,0
user_002,user_002_s02,0,2,1379.86,101.27,0,0
user_002,user_002_s02,0,3,1487.17,91.7,0,1
user_002,user_002_s02,0,4,122.11,128.1,0,0
user_002,user_002_s02,0,5,215.65,109.53,0,0
user_002,user_002_s02,0,6,212.79,111.66,0,0
user_002,user_002_s02,0,7,260.67,53.59,0,0
user_002,user_002_s02,0,8,151.99,98.84,0,0
user_002,user_002_s02,0,9,191.35,136.26,0,0
user_002,user_002_s02,0,10,125.73,123.09,0,0
user_002,user_002_s02,0,11,167.25,67.86,0,1
user_002,user_002_s02,0,12,159.25,94.55,0,0
user_002,user_002_s02,0,13,202.04,79.09,0,0
user_002,user_002_s02,0,14,226.08,129.79,0,0
user_002,user_002_s02,0,15,224.95,104.26,0,0
user_002,user_002_s02,0,16,145.16,86.64,0,0
user_002,user_002_s02,0,17,225.27,100.6,0,0
user_002,user_002_s02,0,18,179.91,54.63,0,0
user_002,user_002_s02,0,19,167.71,81.12,0,0
user_002,user_002_s02,0,20,151.0,100.64,0,0
user_002,user_002_s02,0,21,157.47,114.72,0,0
user_002,user_002_s02,0,22,257.64,66.22,0,0
user_002,user_002_s02,0,23,195.2,93.37,0,0
user_002,user_002_s02,0,24,189.43,117.58,0,0
user_002,user_002_s02,0,25,170.42,74.74,0,0
user_002,user_002_s02,0,26,288.26,103.99,0,1
user_002,user_002_s02,0,27,238.61,101.15,0,0
user_002,user_002_s02,0,28,150.46,129.84,0,0
user_002,user_002_s02,0,29,169.92,96.0,0,0
user_002,user_002_s02,0,30,172.51,97.02,0,0
user_002,user_002_s02,0,31,188.18,114.89,0,0
user_002,user_002_s02,0,32,151.32,76.92,0,0
user_002,user_002_s02,0,33,200.92,96.16,0,0
user_002,user_002_s02,0,34,245.01,92.07,0,0
user_002,user_002_s02,0,35,124.67,97.59,0,0
user_002,user_002_s02,0,36,132.74,114.77,0,0
user_002,user_002_s02,0,37,160.81,109.65,0,0
user_002,user_002_s02,0,38,162.82,86.98,0,0
user_002,user_002_s02,0,39,268.78,102.39,0,0
user_002,user_002_s03,1,0,325.75,135.19,0,1
user_002,user_002_s03,1,1,495.85,141.18,0,0
user_002,user_002_s03,1,2,330.75,210.9,0,0
user_002,user_002_s03,1,3,180.25,118.9,0,0
user_002,user_002_s03,1,4,1044.34,121.0,0,0
user_002,user_002_s03,1,5,169.57,207.49,0,0
user_002,user_002_s03,1,6,382.44,174.08,0,0
user_002,user_002_s03,1,7,197.08,224.75,0,0
user_002,user_002_s03,1,8,284.32,137.66,0,0
user_002,user_002_s03,1,9,205.39,157.2,0,0
user_002,user_002_s03,1,10,231.76,130.54,0,0
user_002,user_002_s03,1,11,1803.39,157.77,0,0
user_002,user_002_s03,1,12,286.8,92.82,0,0
user_002,user_002_s03,1,13,230.68,176.12,0,1
user_002,user_002_s03,1,14,181.05,163.88,0,0
user_002,user_002_s03,1,15,119.52,150.97,0,1
user_002,user_002_s03,1,16,172.07,139.7,0,0
user_002,user_002_s03,1,17,287.52,122.61,1,0
user_002,user_002_s03,1,18,361.05,177.57,0,0
user_002,user_002_s03,1,19,230.58,113.25,0,0
user_002,user_002_s03,1,20,411.05,170.26,0,0
user_002,user_002_s03,1,21,919.96,223.19,0,0
user_002,user_002_s03,1,22,257.88,203.24,0,1
user_002,user_002_s03,1,23,613.0,101.93,0,0
user_002,user_002_s03,1,24,361.94,134.74,0,0
user_002,user_002_s03,1,25,455.68,167.2,0,0
user_002,user_002_s03,1,26,128.83,150.54,0,0
user_002,user_002_s03,1,27,248.72,105.51,0,0
user_002,user_002_s03,1,28,385.15,165.97,0,0
user_002,user_002_s03,1,29,155.49,152.58,1,0
user_002,user_002_s03,1,30,326.03,217.77,0,0
user_002,user_002_s03,1,31,381.48,144.34,1,0
user_002,user_002_s03,1,32,284.66,192.49,0,0
user_002,user_002_s03,1,33,324.64,110.0,0,0
user_002,user_002_s03,1,34,427.17,118.1,0,0
user_002,user_002_s03,1,35,443.05,177.37,0,0
user_002,user_002_s03,1,36,272.79,189.63,1,0
user_002,user_002_s03,1,37,232.95,120.49,0,1
user_002,user_002_s03,1,38,1113.04,153.74,0,1
user_002,user_002_s03,1,39,360.78,106.12,1,0
user_002,user_002_s04,0,0,168.4,92.94,0,0
user_002,user_002_s04,0,1,258.26,122.75,0,0
user_002,user_002_s04,0,2,212.07,111.08,0,0
user_002,user_002_s04,0,3,158.88,121.16,0,0
user_002,user_002_s04,0,4,180.28,83.2,0,0
user_002,user_002_s04,0,5,182.03,94.33,0,0
user_002,user_002_s04,0,6,149.84,79.17,0,0
user_002,user_002_s04,0,7,149.79,88.52,0,0
user_002,user_002_s04,0,8,227.23,122.58,0,0
user_002,user_002_s04,0,9,164.99,126.68,0,0
user_002,user_002_s04,0,10,135.63,80.81,0,0
user_002,user_002_s04,0,11,181.38,92.82,0,0
user_002,user_002_s04,0,12,188.39,99.47,0,0
user_002,user_002_s04,0,13,97.42,110.98,0,0
user_002,user_002_s04,0,14,181.48,70.16,0,0
user_002,user_002_s04,0,15,221.02,72.89,0,1
user_002,user_002_s04,0,16,202.89,109.31,0,0
user_002,user_002_s04,0,17,280.28,66.87,0,0
user_002,user_002_s04,0,18,237.69,93.02,0,0
user_002,user_002_s04,0,19,246.3,103.61,0,0
user_002,user_002_s04,0,20,305.09,108.03,0,0
user_002,user_002_s04,0,21,216.24,98.32,0,0
user_002,user_002_s04,0,22,190.35,94.43,0,0
user_002,user_002_s04,0,23,225.63,115.49,0,0
user_002,user_002_s04,0,24,158.92,105.76,0,0
user_002,user_002_s04,0,25,187.94,89.53,0,0
user_002,user_002_s04,0,26,155.07,101.45,0,0
user_002,user_002_s04,0,27,200.57,107.46,0,0
user_002,user_002_s04,0,28,154.89,130.7,0,0
user_002,user_002_s04,0,29,153.37,114.48,0,0
user_002,user_002_s04,0,30,201.25,121.93,0,0
user_002,user_002_s04,0,31,177.27,90.16,0,0
user_002,user_002_s04,0,32,99.39,91.67,0,0
user_002,user_002_s04,0,33,119.92,96.69,0,0
user_002,user_002_s04,0,34,133.34,98.29,0,0
user_002,user_002_s04,0,35,144.84,83.25,0,0
user_002,user_002_s04,0,36,1407.46,122.82,0,0
user_002,user_002_s04,0,37,192.78,116.17,0,0
user_002,user_002_s04,0,38,229.61,95.47,0,0
user_002,user_002_s04,0,39,216.01,111.96,0,0
user_002,user_002_s05,0,0,114.92,89.58,0,0
user_002,user_002_s05,0,1,157.78,91.1,1,0
user_002,user_002_s05,0,2,163.47,120.38,0,0
user_002,user_002_s05,0,3,100.22,90.17,0,0
user_002,user_002_s05,0,4,210.79,85.32,0,0
user_002,user_002_s05,0,5,1101.78,128.91,0,0
user_002,user_002_s05,0,6,240.11,95.5,0,0
user_002,user_002_s05,0,7,254.36,127.1,0,0
user_002,user_002_s05,0,8,164.34,71.99,0,0
user_002,user_002_s05,0,9,194.24,105.35,0,0
user_002,user_002_s05,0,10,121.54,132.37,0,0
user_002,user_002_s05,0,11,202.28,96.84,0,0
user_002,user_002_s05,0,12,153.46,91.73,0,0
user_002,user_002_s05,0,13,127.83,76.0,0,0
user_002,user_002_s05,0,14,162.55,115.16,1,0
user_002,user_002_s05,0,15,154.87,82.92,0,0
user_002,user_002_s05,0,16,160.99,94.68,0,1
user_002,user_002_s05,0,17,216.46,74.84,0,0
user_002,user_002_s05,0,18,140.97,123.42,0,0
user_002,user_002_s05,0,19,250.63,116.43,0,0
user_002,user_002_s05,0,20,117.49,95.78,0,0
user_002,user_002_s05,0,21,245.43,76.24,0,0
user_002,user_002_s05,0,22,130.91,123.06,0,0
user_002,user_002_s05,0,23,175.1,89.96,0,0
user_002,user_002_s05,0,24,153.81,77.09,0,0
user_002,user_002_s05,0,25,160.18,65.66,0,0
user_002,user_002_s05,0,26,210.01,85.08,0,0
user_002,user_002_s05,0,27,240.4,71.01,0,0
user_002,user_002_s05,0,28,226.94,85.49,0,0
user_002,user_002_s05,0,29,157.52,109.28,0,0
user_002,user_002_s05,0,30,183.16,89.79,0,0
user_002,user_002_s05,0,31,141.11,102.52,0,0
user_002,user_002_s05,0,32,132.0,83.74,0,0
user_002,user_002_s05,0,33,125.26,97.46,0,0
user_002,user_002_s05,0,34,156.1,129.76,1,0
user_002,user_002_s05,0,35,186.0,90.26,0,0
user_002,user_002_s05,0,36,91.95,103.02,0,0
user_002,user_002_s05,0,37,173.12,69.08,0,0
user_002,user_002_s05,0,38,241.1,122.78,1,0
user_002,user_002_s05,0,39,223.95,88.02,0,0
user_002,user_002_s06,0,0,194.81,134.23,0,0
user_002,user_002_s06,0,1,115.3,100.41,0,0
user_002,user_002_s06,0,2,179.5,112.17,0,0
user_002,user_002_s06,0,3,760.11,129.62,0,0
user_002,user_002_s06,0,4,173.08,109.47,0,0
user_002,user_002_s06,0,5,179.76,129.38,0,0
user_002,user_002_s06,0,6,196.6,82.63,0,0
user_002,user_002_s06,0,7,184.06,145.97,0,0
user_002,user_002_s06,0,8,144.7,123.17,0,0
user_002,user_002_s06,0,9,187.96,107.89,0,0
user_002,user_002_s06,0,10,232.79,129.05,0,0
user_002,user_002_s06,0,11,143.8,83.91,0,0
user_002,user_002_s06,0,12,173.24,99.22,0,0
user_002,user_002_s06,0,13,129.42,129.38,0,0
user_002,user_002_s06,0,14,230.5,71.75,0,0
user_002,user_002_s06,0,15,185.52,114.0,0,0
user_002,user_002_s06,0,16,152.55,113.51,0,0
user_002,user_002_s06,0,17,193.55,138.52,0,0
user_002,user_002_s06,0,18,137.17,76.7,0,0
user_002,user_002_s06,0,19,144.57,132.26,0,0
user_002,user_002_s06,0,20,126.01,94.51,0,0
user_002,user_002_s06,0,21,143.12,96.47,0,0
user_002,user_002_s06,0,22,248.6,82.98,0,0
user_002,user_002_s06,0,23,157.64,85.31,0,0
user_002,user_002_s06,0,24,209.82,111.27,1,0
user_002,user_002_s06,0,25,785.88,84.89,0,0
user_002,user_002_s06,0,26,222.59,117.13,0,0
user_002,user_002_s06,0,27,144.89,92.71,0,0
user_002,user_002_s06,0,28,191.24,83.13,0,0
user_002,user_002_s06,0,29,191.84,95.06,0,0
user_002,user_002_s06,0,30,290.82,110.11,0,0
user_002,user_002_s06,0,31,216.97,99.42,0,0
user_002,user_002_s06,0,32,163.74,104.84,0,0
user_002,user_002_s06,0,33,219.34,116.36,0,0
user_002,user_002_s06,0,34,282.57,123.08,0,0
user_002,user_002_s06,0,35,118.63,98.85,0,0
user_002,user_002_s06,0,36,152.88,86.07,0,0
user_002,user_002_s06,0,37,179.23,105.57,0,0
user_002,user_002_s06,0,38,171.39,112.44,0,0
user_002,user_002_s06,0,39,175.06,78.82,0,0
user_002,user_002_s07,1,0,274.16,160.84,0,0
user_002,user_002_s07,1,1,346.1,117.16,0,0
user_002,user_002_s07,1,2,345.56,207.06,0,0
user_002,user_002_s07,1,3,277.56,152.04,1,0
user_002,user_002_s07,1,4,234.45,153.78,0,0
user_002,user_002_s07,1,5,238.57,146.33,0,0
user_002,user_002_s07,1,6,1290.22,142.17,1,0
user_002,user_002_s07,1,7,280.78,200.03,0,0
user_002,user_002_s07,1,8,894.38,195.54,0,0
user_002,user_002_s07,1,9,163.87,168.73,0,1
user_002,user_002_s07,1,10,342.98,153.02,0,0
user_002,user_002_s07,1,11,244.87,173.7,0,0
user_002,user_002_s07,1,12,307.29,158.18,0,0
user_002,user_002_s07,1,13,372.01,150.66,0,0
user_002,user_002_s07,1,14,190.62,165.7,0,0
user_002,user_002_s07,1,15,280.57,143.52,0,0
user_002,user_002_s07,1,16,271.63,163.26,0,0
user_002,user_002_s07,1,17,310.8,161.89,0,0
user_002,user_002_s07,1,18,371.97,173.24,0,0
user_002,user_002_s07,1,19,189.16,138.45,0,1
user_002,user_002_s07,1,20,1602.26,176.29,1,0
user_002,user_002_s07,1,21,811.63,130.28,0,0
user_002,user_002_s07,1,22,270.51,139.78,0,0
user_002,user_002_s07,1,23,274.0,141.02,0,0
user_002,user_002_s07,1,24,313.56,125.56,0,0
user_002,user_002_s07,1,25,308.32,184.99,0,0
user_002,user_002_s07,1,26,325.22,128.49,0,0
user_002,user_002_s07,1,27,323.72,136.18,1,0
user_002,user_002_s07,1,28,213.89,191.82,0,0
user_002,user_002_s07,1,29,354.26,139.84,0,0
user_002,user_002_s07,1,30,366.82,150.72,0,0
user_002,user_002_s07,1,31,297.02,127.27,0,0
user_002,user_002_s07,1,32,177.44,179.79,0,0
user_002,user_002_s07,1,33,275.61,180.18,0,0
user_002,user_002_s07,1,34,297.61,177.11,1,0
user_002,user_002_s07,1,35,202.32,171.38,1,0
user_002,user_002_s07,1,36,258.15,158.17,0,0
user_002,user_002_s07,1,37,183.48,141.15,0,1
user_002,user_002_s07,1,38,1041.08,132.88,0,0
user_002,user_002_s07,1,39,295.59,192.8,0,0
user_002,user_002_s08,0,0,121.99,105.84,0,0
user_002,user_002_s08,0,1,213.6,96.79,0,0
user_002,user_002_s08,0,2,172.68,112.52,0,0
user_002,user_002_s08,0,3,256.93,127.95,0,0
user_002,user_002_s08,0,4,163.56,115.74,0,1
user_002,user_002_s08,0,5,235.67,116.42,0,0
user_002,user_002_s08,0,6,267.19,115.01,0,0
user_002,user_002_s08,0,7,152.91,80.44,0,0
user_002,user_002_s08,0,8,181.53,89.22,0,0
user_002,user_002_s08,0,9,206.84,100.9,0,0
user_002,user_002_s08,0,10,559.8,91.83,0,0
user_002,user_002_s08,0,11,201.69,85.94,0,0
user_002,user_002_s08,0,12,180.15,71.88,0,0
user_002,user_002_s08,0,13,179.27,81.03,0,0
user_002,user_002_s08,0,14,192.06,100.0,0,0
user_002,user_002_s08,0,15,193.03,103.25,0,0
user_002,user_002_s08,0,16,197.06,90.66,0,0
user_002,user_002_s08,0,17,163.88,105.84,0,0
user_002,user_002_s08,0,18,165.78,96.91,0,0
user_002,user_002_s08,0,19,184.77,123.44,0,0
user_002,user_002_s08,0,20,187.99,101.65,0,0
user_002,user_002_s08,0,21,170.84,116.58,0,0
user_002,user_002_s08,0,22,204.03,108.0,0,0
user_002,user_002_s08,0,23,110.97,80.06,0,0
user_002,user_002_s08,0,24,158.15,102.89,0,0
user_002,user_002_s08,0,25,177.75,82.96,0,0
user_002,user_002_s08,0,26,152.68,102.58,0,0
user_002,user_002_s08,0,27,260.82,91.49,0,0
user_002,user_002_s08,0,28,190.75,111.11,0,0
user_002,user_002_s08,0,29,197.62,81.1,0,0
user_002,user_002_s08,0,30,168.91,104.72,0,0
user_002,user_002_s08,0,31,189.25,114.43,0,0
user_002,user_002_s08,0,32,137.06,120.26,0,0
user_002,user_002_s08,0,33,182.54,91.16,0,0
user_002,user_002_s08,0,34,149.16,104.77,0,0
user_002,user_002_s08,0,35,177.86,107.67,0,0
user_002,user_002_s08,0,36,78.55,131.39,0,0
user_002,user_002_s08,0,37,140.85,78.68,0,0
user_002,user_002_s08,0,38,253.63,88.61,0,0
user_002,user_002_s08,0,39,226.06,153.27,0,0
user_002,user_002_s09,0,0,200.53,76.82,0,0
user_002,user_002_s09,0,1,206.06,90.86,0,0
user_002,user_002_s09,0,2,227.68,106.83,0,0
user_002,user_002_s09,0,3,176.66,124.23,0,0
user_002,user_002_s09,0,4,178.6,111.84,0,0
user_002,user_002_s09,0,5,127.85,56.95,0,0
user_002,user_002_s09,0,6,176.91,113.36,0,0
user_002,user_002_s09,0,7,130.92,92.48,0,0
user_002,user_002_s09,0,8,105.41,110.08,0,0
user_002,user_002_s09,0,9,138.59,101.95,0,0
user_002,user_002_s09,0,10,251.45,98.84,0,0
user_002,user_002_s09,0,11,174.04,100.42,0,0
user_002,user_002_s09,0,12,195.38,101.81,0,0
user_002,user_002_s09,0,13,163.47,125.59,0,0
user_002,user_002_s09,0,14,107.9,101.85,0,0
user_002,user_002_s09,0,15,226.54,121.09,0,0
user_002,user_002_s09,0,16,91.3,118.55,0,0
user_002,user_002_s09,0,17,161.67,113.81,0,0
user_002,user_002_s09,0,18,183.43,71.1,0,0
user_002,user_002_s09,0,19,195.84,121.63,0,0
user_002,user_002_s09,0,20,154.2,94.23,0,0
user_002,user_002_s09,0,21,105.84,114.65,0,0
user_002,user_002_s09,0,22,150.95,85.27,0,0
user_002,user_002_s09,0,23,153.23,81.57,0,0
user_002,user_002_s09,0,24,152.17,136.59,0,0
user_002,user_002_s09,0,25,228.02,85.54,0,0
user_002,user_002_s09,0,26,133.01,122.14,0,0
user_002,user_002_s09,0,27,198.91,104.26,0,0
user_002,user_002_s09,0,28,192.7,94.88,0,0
user_002,user_002_s09,0,29,227.6,101.42,0,0
user_002,user_002_s09,0,30,180.02,79.55,0,0
user_002,user_002_s09,0,31,220.23,101.96,0,0
user_002,user_002_s09,0,32,178.32,83.35,0,0
user_002,user_002_s09,0,33,204.71,95.31,0,1
user_002,user_002_s09,0,34,120.42,118.3,0,0
user_002,user_002_s09,0,35,71.02,106.62,0,0
user_002,user_002_s09,0,36,202.24,76.4,0,0
user_002,user_002_s09,0,37,204.57,117.02,0,0
user_002,user_002_s09,0,38,206.5,102.07,0,0
user_002,user_002_s09,0,39,162.97,92.76,0,0
user_002,user_002_s10,1,0,82.6,67.64,0,0
user_002,user_002_s10,1,1,234.48,125.86,0,0
user_002,user_002_s10,1,2,1334.67,115.34,1,0
user_002,user_002_s10,1,3,235.56,159.75,0,0
user_002,user_002_s10,1,4,145.65,98.78,0,0
user_002,user_002_s10,1,5,234.72,109.08,0,0
user_002,user_002_s10,1,6,172.97,153.88,0,0
user_002,user_002_s10,1,7,115.43,114.23,0,0
user_002,user_002_s10,1,8,277.36,79.2,0,0
user_002,user_002_s10,1,9,283.91,205.31,0,0
user_002,user_002_s10,1,10,295.18,80.25,0,0
user_002,user_002_s10,1,11,161.07,115.17,0,0
user_002,user_002_s10,1,12,315.03,129.35,0,0
user_002,user_002_s10,1,13,930.94,126.62,1,0
user_002,user_002_s10,1,14,269.74,110.87,0,0
user_002,user_002_s10,1,15,169.46,111.04,0,0
user_002,user_002_s10,1,16,194.17,109.31,0,0
user_002,user_002_s10,1,17,696.35,78.96,0,0
user_002,user_002_s10,1,18,187.46,191.48,0,0
user_002,user_002_s10,1,19,221.31,109.82,0,0
user_002,user_002_s10,1,20,178.15,137.97,0,0
user_002,user_002_s10,1,21,364.71,105.87,0,0
user_002,user_002_s10,1,22,113.35,105.18,0,0
user_002,user_002_s10,1,23,164.92,101.71,0,0
user_002,user_002_s10,1,24,135.53,64.01,0,0
user_002,user_002_s10,1,25,164.91,111.87,0,0
user_002,user_002_s10,1,26,302.29,103.38,0,0
user_002,user_002_s10,1,27,340.75,157.76,0,0
user_002,user_002_s10,1,28,153.11,76.18,0,0
user_002,user_002_s10,1,29,151.19,97.52,0,0
user_002,user_002_s10,1,30,113.8,86.45,0,0
user_002,user_002_s10,1,31,325.96,167.1,0,0
user_002,user_002_s10,1,32,310.01,87.45,0,0
user_002,user_002_s10,1,33,204.33,136.77,1,0
user_002,user_002_s10,1,34,93.22,150.82,0,0
user_002,user_002_s10,1,35,100.93,112.37,0,1
user_002,user_002_s10,1,36,228.16,69.97,0,0
user_002,user_002_s10,1,37,260.77,70.41,1,0
user_002,user_002_s10,1,38,544.81,147.02,0,0
user_002,user_002_s10,1,39,185.79,73.98,0,0
user_002,user_002_s11,0,0,116.24,82.75,0,0
user_002,user_002_s11,0,1,203.45,124.74,0,0
user_002,user_002_s11,0,2,176.22,98.34,0,0
user_002,user_002_s11,0,3,155.54,105.04,0,0
user_002,user_002_s11,0,4,159.57,92.37,0,0
user_002,user_002_s11,0,5,150.42,108.49,0,0
user_002,user_002_s11,0,6,248.22,124.5,0,0
user_002,user_002_s11,0,7,144.4,94.74,0,0
user_002,user_002_s11,0,8,118.88,127.13,0,0
user_002,user_002_s11,0,9,211.04,86.38,0,0
user_002,user_002_s11,0,10,167.02,110.32,0,0
user_002,user_002_s11,0,11,265.12,105.54,0,0
user_002,user_002_s11,0,12,153.51,78.43,0,0
user_002,user_002_s11,0,13,213.22,100.74,0,0
user_002,user_002_s11,0,14,223.49,97.15,0,0
user_002,user_002_s11,0,15,153.72,82.17,0,0
user_002,user_002_s11,0,16,144.08,103.25,0,0
user_002,user_002_s11,0,17,208.66,99.57,0,0
user_002,user_002_s11,0,18,201.42,95.76,0,0
user_002,user_002_s11,0,19,115.03,95.83,0,0
user_002,user_002_s11,0,20,127.31,95.46,0,0
user_002,user_002_s11,0,21,66.05,90.62,0,0
user_002,user_002_s11,0,22,202.31,99.46,0,0
user_002,user_002_s11,0,23,165.01,85.82,0,0
user_002,user_002_s11,0,24,169.35,143.26,0,0
user_002,user_002_s11,0,25,102.81,72.5,0,0
user_002,user_002_s11,0,26,128.63,86.85,0,0
user_002,user_002_s11,0,27,155.61,88.22,0,0
user_002,user_002_s11,0,28,147.15,132.54,0,0
user_002,user_002_s11,0,29,181.53,74.05,0,0
user_002,user_002_s11,0,30,201.79,104.44,0,0
user_002,user_002_s11,0,31,275.16,101.35,0,0
user_002,user_002_s11,0,32,175.54,102.83,0,0
user_002,user_002_s11,0,33,224.94,118.54,0,0
user_002,user_002_s11,0,34,140.29,118.18,0,0
user_002,user_002_s11,0,35,103.53,89.18,0,0
user_002,user_002_s11,0,36,161.08,100.4,0,0
user_002,user_002_s11,0,37,106.89,64.58,0,0
user_002,user_002_s11,0,38,177.05,98.75,0,0
user_002,user_002_s11,0,39,142.45,83.2,0,0
user_002,user_002_s12,0,0,226.07,89.9,0,0
user_002,user_002_s12,0,1,219.23,85.93,0,0
user_002,user_002_s12,0,2,181.84,102.48,0,0
user_002,user_002_s12,0,3,252.21,97.68,0,0
user_002,user_002_s12,0,4,374.51,97.12,0,0
user_002,user_002_s12,0,5,229.42,103.96,0,0
user_002,user_002_s12,0,6,203.68,107.86,0,0
user_002,user_002_s12,0,7,142.87,118.08,0,0
user_002,user_002_s12,0,8,171.61,88.1,0,0
user_002,user_002_s12,0,9,190.05,97.77,0,0
user_002,user_002_s12,0,10,176.08,106.86,0,0
user_002,user_002_s12,0,11,198.65,106.24,0,0
user_002,user_002_s12,0,12,276.71,141.6,0,0
user_002,user_002_s12,0,13,253.61,113.68,0,0
user_002,user_002_s12,0,14,192.43,81.56,0,0
user_002,user_002_s12,0,15,146.77,116.92,0,0
user_002,user_002_s12,0,16,257.54,119.14,0,0
user_002,user_002_s12,0,17,197.21,107.46,0,0
user_002,user_002_s12,0,18,124.22,88.52,0,0
user_002,user_002_s12,0,19,230.34,140.24,0,0
user_002,user_002_s12,0,20,243.97,91.02,0,0
user_002,user_002_s12,0,21,1250.74,121.14,0,0
user_002,user_002_s12,0,22,163.47,113.12,1,0
user_002,user_002_s12,0,23,194.54,120.1,1,0
user_002,user_002_s12,0,24,231.3,139.35,0,0
user_002,user_002_s12,0,25,176.9,119.41,0,0
user_002,user_002_s12,0,26,163.14,99.92,0,0
user_002,user_002_s12,0,27,230.98,128.89,0,0
user_002,user_002_s12,0,28,178.97,98.66,0,0
user_002,user_002_s12,0,29,222.93,112.49,0,0
user_002,user_002_s12,0,30,150.98,87.13,0,0
user_002,user_002_s12,0,31,140.5,91.66,0,0
user_002,user_002_s12,0,32,232.21,110.53,0,1
user_002,user_002_s12,0,33,210.33,116.05,0,0
user_002,user_002_s12,0,34,239.48,80.01,0,0
user_002,user_002_s12,0,35,176.17,118.29,0,0
user_002,user_002_s12,0,36,164.75,95.38,0,0
user_002,user_002_s12,0,37,258.55,131.91,1,0
user_002,user_002_s12,0,38,133.08,103.51,0,0
user_002,user_002_s12,0,39,253.8,90.08,0,0
user_002,user_002_s13,0,0,153.71,99.46,0,0
user_002,user_002_s13,0,1,1258.57,113.73,0,0
user_002,user_002_s13,0,2,169.18,91.62,0,0
user_002,user_002_s13,0,3,217.9,116.48,0,0
user_002,user_002_s13,0,4,189.14,100.41,0,0
user_002,user_002_s13,0,5,265.62,110.84,0,0
user_002,user_002_s13,0,6,179.3,132.71,0,0
user_002,user_002_s13,0,7,205.27,105.69,0,0
user_002,user_002_s13,0,8,223.89,124.63,0,0
user_002,user_002_s13,0,9,159.47,77.43,0,0
user_002,user_002_s13,0,10,194.32,100.44,0,0
user_002,user_002_s13,0,11,1529.59,109.1,0,0
user_002,user_002_s13,0,12,175.14,142.1,0,0
user_002,user_002_s13,0,13,178.36,74.51,0,0
user_002,user_002_s13,0,14,245.88,106.95,0,0
user_002,user_002_s13,0,15,171.45,133.97,0,0
user_002,user_002_s13,0,16,222.14,94.96,0,0
user_002,user_002_s13,0,17,211.18,104.92,0,0
user_002,user_002_s13,0,18,136.71,114.4,0,0
user_002,user_002_s13,0,19,220.08,111.83,1,0
user_002,user_002_s13,0,20,135.99,135.87,0,0
user_002,user_002_s13,0,21,224.82,116.43,0,0
user_002,user_002_s13,0,22,175.43,131.73,0,0
user_002,user_002_s13,0,23,197.86,102.36,0,0
user_002,user_002_s13,0,24,141.18,95.73,0,0
user_002,user_002_s13,0,25,202.82,104.69,0,0
user_002,user_002_s13,0,26,237.83,88.45,1,0
user_002,user_002_s13,0,27,162.38,117.04,0,0
user_002,user_002_s13,0,28,171.08,101.91,0,0
user_002,user_002_s13,0,29,217.28,96.93,0,0
user_002,user_002_s13,0,30,218.36,117.3,0,0
user_002,user_002_s13,0,31,91.58,88.72,0,0
user_002,user_002_s13,0,32,285.19,122.03,0,0
user_002,user_002_s13,0,33,220.49,100.3,0,0
user_002,user_002_s13,0,34,227.82,128.8,0,0
user_002,user_002_s13,0,35,191.25,101.79,0,0
user_002,user_002_s13,0,36,116.77,119.62,0,0
user_002,user_002_s13,0,37,226.85,111.75,0,0
user_002,user_002_s13,0,38,172.9,121.57,0,0
user_002,user_002_s13,0,39,221.16,110.54,0,1
user_003,user_003_s00,0,0,141.4,78.52,0,0
user_003,user_003_s00,0,1,113.86,75.28,0,0
user_003,user_003_s00,0,2,126.6,92.4,0,0
user_003,user_003_s00,0,3,173.25,113.68,0,0
user_003,user_003_s00,0,4,159.7,103.71,0,1
user_003,user_003_s00,0,5,113.01,82.86,0,0
user_003,user_003_s00,0,6,169.79,105.38,0,1
user_003,user_003_s00,0,7,158.65,58.62,0,0
user_003,user_003_s00,0,8,124.77,82.26,0,0
user_003,user_003_s00,0,9,156.6,81.13,0,0
user_003,user_003_s00,0,10,158.55,95.44,0,0
user_003,user_003_s00,0,11,146.83,90.98,0,0
user_003,user_003_s00,0,12,208.01,91.96,0,0
user_003,user_003_s00,0,13,95.83,91.43,0,0
user_003,user_003_s00,0,14,92.54,94.56,0,0
user_003,user_003_s00,0,15,171.4,102.77,0,0
user_003,user_003_s00,0,16,175.08,96.57,0,0
user_003,user_003_s00,0,17,187.3,89.69,0,0
user_003,user_003_s00,0,18,149.9,100.57,0,0
user_003,user_003_s00,0,19,134.88,107.3,0,0
user_003,user_003_s00,0,20,170.98,85.38,0,0
user_003,user_003_s00,0,21,153.77,93.26,0,0
user_003,user_003_s00,0,22,232.77,112.63,0,0
user_003,user_003_s00,0,23,158.42,76.71,0,0
user_003,user_003_s00,0,24,169.16,122.82,0,0
user_003,user_003_s00,0,25,269.41,72.96,0,0
user_003,user_003_s00,0,26,163.55,88.72,0,0
user_003,user_003_s00,0,27,193.32,79.13,0,0
user_003,user_003_s00,0,28,196.9,128.9,0,0
user_003,user_003_s00,0,29,200.27,86.22,0,0
user_003,user_003_s00,0,30,182.75,86.26,0,0
user_003,user_003_s00,0,31,178.96,88.32,0,0
user_003,user_003_s00,0,32,175.25,95.72,0,0
user_003,user_003_s00,0,33,148.44,88.99,0,0
user_003,user_003_s00,0,34,184.18,92.09,0,0
user_003,user_003_s00,0,35,251.7,38.23,0,0
user_003,user_003_s00,0,36,219.27,95.11,0,0
user_003,user_003_s00,0,37,183.32,94.48,0,0
user_003,user_003_s00,0,38,205.2,110.67,0,0
user_003,user_003_s00,0,39,136.81,114.96,0,0
user_003,user_003_s01,0,0,102.89,43.89,0,0
user_003,user_003_s01,0,1,109.81,81.73,0,0
user_003,user_003_s01,0,2,158.3,93.61,0,0
user_003,user_003_s01,0,3,205.61,112.88,0,0
user_003,user_003_s01,0,4,134.06,113.61,0,0
user_003,user_003_s01,0,5,139.04,65.25,0,0
user_003,user_003_s01,0,6,149.37,81.32,0,0
user_003,user_003_s01,0,7,180.65,62.03,0,0
user_003,user_003_s01,0,8,1421.05,110.97,0,0
user_003,user_003_s01,0,9,136.79,102.93,0,0
user_003,user_003_s01,0,10,104.6,92.42,0,0
user_003,user_003_s01,0,11,135.27,89.5,0,0
user_003,user_003_s01,0,12,204.62,108.76,0,0
user_003,user_003_s01,0,13,161.54,106.07,0,0
user_003,user_003_s01,0,14,128.6,105.23,0,0
user_003,user_003_s01,0,15,206.95,94.11,0,0
user_003,user_003_s01,0,16,134.73,81.33,0,0
user_003,user_003_s01,0,17,214.23,99.03,0,0
user_003,user_003_s01,0,18,213.58,99.81,0,0
user_003,user_003_s01,0,19,160.16,83.84,0,0
user_003,user_003_s01,0,20,98.52,81.29,0,0
user_003,user_003_s01,0,21,248.71,104.84,0,0
user_003,user_003_s01,0,22,173.29,113.26,0,0
user_003,user_003_s01,0,23,145.1,74.98,0,0
user_003,user_003_s01,0,24,195.84,82.69,0,0
user_003,user_003_s01,0,25,185.78,92.43,0,0
user_003,user_003_s01,0,26,790.43,94.58,0,0
user_003,user_003_s01,0,27,131.68,78.58,0,0
user_003,user_003_s01,0,28,170.56,116.73,0,0
user_003,user_003_s01,0,29,110.92,93.56,0,0
user_003,user_003_s01,0,30,184.35,95.29,0,0
user_003,user_003_s01,0,31,157.03,114.76,0,0
user_003,user_003_s01,0,32,169.08,79.74,0,0
user_003,user_003_s01,0,33,152.13,85.46,0,0
user_003,user_003_s01,0,34,147.99,66.99,0,0
user_003,user_003_s01,0,35,123.51,84.13,0,0
user_003,user_003_s01,0,36,189.27,63.25,0,0
user_003,user_003_s01,0,37,217.0,98.72,0,0
user_003,user_003_s01,0,38,677.2,93.53,0,0
user_003,user_003_s01,0,39,179.88,82.47,0,0
user_003,user_003_s02,0,0,179.81,92.39,0,0
user_003,user_003_s02,0,1,221.83,106.93,0,0
user_003,user_003_s02,0,2,164.92,76.18,0,0
user_003,user_003_s02,0,3,197.03,51.02,0,0
user_003,user_003_s02,0,4,78.28,70.77,0,0
user_003,user_003_s02,0,5,137.6,69.18,0,0
user_003,user_003_s02,0,6,83.11,98.26,1,0
user_003,user_003_s02,0,7,188.35,43.49,0,0
user_003,user_003_s02,0,8,96.06,79.46,0,0
user_003,user_003_s02,0,9,106.75,109.18,0,0
user_003,user_003_s02,0,10,177.79,86.69,0,0
user_003,user_003_s02,0,11,199.5,100.79,0,0
user_003,user_003_s02,0,12,151.1,60.54,0,0
user_003,user_003_s02,0,13,180.01,61.17,0,0
user_003,user_003_s02,0,14,178.73,109.37,0,0
user_003,user_003_s02,0,15,148.87,88.18,0,0
user_003,user_003_s02,0,16,114.01,88.21,0,0
user_003,user_003_s02,0,17,179.8,68.84,0,0
user_003,user_003_s02,0,18,1068.39,88.17,0,0
user_003,user_003_s02,0,19,192.85,68.4,0,0
user_003,user_003_s02,0,20,169.78,105.4,0,0
user_003,user_003_s02,0,21,111.08,129.83,0,0
user_003,user_003_s02,0,22,184.78,94.25,0,0
user_003,user_003_s02,0,23,157.35,76.5,0,0
user_003,user_003_s02,0,24,138.27,46.39,0,0
user_003,user_003_s02,0,25,691.86,59.86,0,0
user_003,user_003_s02,0,26,130.04,111.23,0,0
user_003,user_003_s02,0,27,192.65,70.25,0,0
user_003,user_003_s02,0,28,101.18,80.69,0,1
user_003,user_003_s02,0,29,118.02,96.97,0,0
user_003,user_003_s02,0,30,144.37,110.08,0,0
user_003,user_003_s02,0,31,221.39,83.41,0,0
user_003,user_003_s02,0,32,199.21,80.16,0,0
user_003,user_003_s02,0,33,92.35,87.71,0,0
user_003,user_003_s02,0,34,210.98,76.62,0,0
user_003,user_003_s02,0,35,210.91,77.47,0,0
user_003,user_003_s02,0,36,110.86,93.11,0,0
user_003,user_003_s02,0,37,57.44,89.51,0,0
user_003,user_003_s02,0,38,154.54,120.38,0,0
user_003,user_003_s02,0,39,201.91,93.53,0,0
user_003,user_003_s03,0,0,138.03,79.85,0,0
user_003,user_003_s03,0,1,187.51,102.96,0,0
user_003,user_003_s03,0,2,191.27,84.08,0,0
user_003,user_003_s03,0,3,116.64,89.7,0,0
user_003,user_003_s03,0,4,177.79,107.86,0,0
user_003,user_003_s03,0,5,166.18,85.33,0,0
user_003,user_003_s03,0,6,192.44,62.79,0,0
user_003,user_003_s03,0,7,203.8,73.33,0,0
user_003,user_003_s03,0,8,189.77,94.12,0,0
user_003,user_003_s03,0,9,158.82,64.41,0,0
user_003,user_003_s03,0,10,207.85,89.25,0,0
user_003,user_003_s03,0,11,136.23,71.89,0,0
user_003,user_003_s03,0,12,118.49,119.97,0,0
user_003,user_003_s03,0,13,44.16,128.3,0,0
user_003,user_003_s03,0,14,168.06,77.18,0,0
user_003,user_003_s03,0,15,138.27,98.04,0,0
user_003,user_003_s03,0,16,186.61,78.73,0,0
user_003,user_003_s03,0,17,92.69,89.06,0,0
user_003,user_003_s03,0,18,145.18,122.56,0,0
user_003,user_003_s03,0,19,189.49,86.56,0,0
user_003,user_003_s03,0,20,130.01,89.43,1,0
user_003,user_003_s03,0,21,187.07,79.02,0,0
user_003,user_003_s03,0,22,148.76,112.14,0,0
user_003,user_003_s03,0,23,169.54,42.21,0,0
user_003,user_003_s03,0,24,194.44,86.94,0,0
user_003,user_003_s03,0,25,208.62,93.24,0,0
user_003,user_003_s03,0,26,174.51,83.48,0,0
user_003,user_003_s03,0,27,138.57,107.66,0,0
user_003,user_003_s03,0,28,152.68,113.03,0,0
user_003,user_003_s03,0,29,196.1,71.57,0,0
user_003,user_003_s03,0,30,130.35,127.16,0,0
user_003,user_003_s03,0,31,1348.03,71.39,1,0
user_003,user_003_s03,0,32,155.54,114.4,0,0
user_003,user_003_s03,0,33,166.74,96.34,0,0
user_003,user_003_s03,0,34,130.83,85.98,0,0
user_003,user_003_s03,0,35,97.42,87.47,0,0
user_003,user_003_s03,0,36,191.49,93.43,0,0
user_003,user_003_s03,0,37,209.07,97.27,0,0
user_003,user_003_s03,0,38,99.79,79.37,0,0
user_003,user_003_s03,0,39,185.47,90.25,0,0
user_003,user_003_s04,0,0,164.72,104.82,0,1
user_003,user_003_s04,0,1,163.76,97.6,0,0
user_003,user_003_s04,0,2,153.49,82.42,0,0
user_003,user_003_s04,0,3,118.12,99.53,0,0
user_003,user_003_s04,0,4,172.82,92.36,0,0
user_003,user_003_s04,0,5,138.03,88.53,0,0
user_003,user_003_s04,0,6,129.4,135.9,0,0
user_003,user_003_s04,0,7,160.31,69.01,0,0
user_003,user_003_s04,0,8,198.95,108.62,0,0
user_003,user_003_s04,0,9,177.21,79.74,0,0
user_003,user_003_s04,0,10,148.79,95.5,0,0
user_003,user_003_s04,0,11,147.2,134.15,0,0
user_003,user_003_s04,0,12,195.06,78.16,0,0
user_003,user_003_s04,0,13,74.83,81.94,0,0
user_003,user_003_s04,0,14,201.46,93.14,0,0
user_003,user_003_s04,0,15,95.55,79.98,0,0
user_003,user_003_s04,0,16,113.74,107.44,0,0
user_003,user_003_s04,0,17,149.46,84.94,0,0
user_003,user_003_s04,0,18,255.89,103.79,0,0
user_003,user_003_s04,0,19,236.36,72.34,0,0
user_003,user_003_s04,0,20,197.86,64.76,0,0
user_003,user_003_s04,0,21,183.99,89.79,0,0
user_003,user_003_s04,0,22,96.02,68.54,0,0
user_003,user_003_s04,0,23,176.07,117.5,0,0
user_003,user_003_s04,0,24,148.08,69.16,0,0
user_003,user_003_s04,0,25,137.47,76.96,0,0
user_003,user_003_s04,0,26,175.99,99.98,0,0
user_003,user_003_s04,0,27,151.17,84.12,0,0
user_003,user_003_s04,0,28,204.32,69.34,0,0
user_003,user_003_s04,0,29,93.1,125.77,0,1
user_003,user_003_s04,0,30,172.83,77.53,0,0
user_003,user_003_s04,0,31,135.0,90.31,0,0
user_003,user_003_s04,0,32,153.61,90.1,0,0
user_003,user_003_s04,0,33,181.93,104.68,0,0
user_003,user_003_s04,0,34,125.55,100.75,0,1
user_003,user_003_s04,0,35,176.36,80.31,0,0
user_003,user_003_s04,0,36,161.43,88.25,1,0
user_003,user_003_s04,0,37,143.66,89.82,0,0
user_003,user_003_s04,0,38,151.2,105.3,0,0
user_003,user_003_s04,0,39,163.72,74.89,0,0
user_003,user_003_s05,0,0,231.53,89.14,0,0
user_003,user_003_s05,0,1,158.74,104.53,0,1
user_003,user_003_s05,0,2,196.15,86.59,0,0
user_003,user_003_s05,0,3,147.85,88.42,0,0
user_003,user_003_s05,0,4,152.02,95.61,0,0
user_003,user_003_s05,0,5,157.85,77.02,0,0
user_003,user_003_s05,0,6,203.02,76.33,0,0
user_003,user_003_s05,0,7,171.5,95.05,0,0
user_003,user_003_s05,0,8,117.23,87.07,0,0
user_003,user_003_s05,0,9,223.47,81.07,0,0
user_003,user_003_s05,0,10,147.54,86.22,0,0
user_003,user_003_s05,0,11,141.09,112.82,0,0
user_003,user_003_s05,0,12,46.97,80.5,0,0
user_003,user_003_s05,0,13,184.3,80.04,0,0
user_003,user_003_s05,0,14,163.15,60.45,0,0
user_003,user_003_s05,0,15,163.11,86.86,1,0
user_003,user_003_s05,0,16,143.18,97.95,0,0
user_003,user_003_s05,0,17,136.34,100.79,0,0
user_003,user_003_s05,0,18,144.49,89.25,0,0
user_003,user_003_s05,0,19,177.51,102.69,0,0
user_003,user_003_s05,0,20,184.48,99.13,0,0
user_003,user_003_s05,0,21,149.99,105.18,0,0
user_003,user_003_s05,0,22,196.77,103.14,0,0
user_003,user_003_s05,0,23,156.01,112.43,0,0
user_003,user_003_s05,0,24,139.16,84.84,0,0
user_003,user_003_s05,0,25,623.66,66.48,0,0
user_003,user_003_s05,0,26,105.25,98.06,0,0
user_003,user_003_s05,0,27,168.37,99.91,0,0
user_003,user_003_s05,0,28,98.0,112.43,0,0
user_003,user_003_s05,0,29,959.17,107.85,0,0
user_003,user_003_s05,0,30,79.11,118.38,0,0
user_003,user_003_s05,0,31,152.2,97.36,0,0
user_003,user_003_s05,0,32,222.96,91.16,0,0
user_003,user_003_s05,0,33,154.5,65.57,0,0
user_003,user_003_s05,0,34,184.66,92.42,0,0
user_003,user_003_s05,0,35,252.41,78.77,0,0
user_003,user_003_s05,0,36,175.17,90.88,0,0
user_003,user_003_s05,0,37,128.81,88.39,0,0
user_003,user_003_s05,0,38,134.27,95.01,0,0
user_003,user_003_s05,0,39,159.17,85.99,0,0
user_003,user_003_s06,0,0,220.79,80.45,1,0
user_003,user_003_s06,0,1,188.51,120.65,0,0
user_003,user_003_s06,0,2,163.71,93.3,0,0
user_003,user_003_s06,0,3,186.5,94.44,0,0
user_003,user_003_s06,0,4,175.36,93.88,0,0
user_003,user_003_s06,0,5,179.11,106.65,0,0
user_003,user_003_s06,0,6,156.8,99.88,0,0
user_003,user_003_s06,0,7,137.18,97.76,0,0
user_003,user_003_s06,0,8,151.71,102.42,0,0
user_003,user_003_s06,0,9,542.19,61.81,0,0
user_003,user_003_s06,0,10,198.38,62.41,0,0
user_003,user_003_s06,0,11,116.03,89.54,0,0
user_003,user_003_s06,0,12,156.37,87.61,0,0
user_003,user_003_s06,0,13,190.69,99.94,0,0
user_003,user_003_s06,0,14,198.28,91.07,0,0
user_003,user_003_s06,0,15,94.64,99.98,0,0
user_003,user_003_s06,0,16,161.36,71.0,0,0
user_003,user_003_s06,0,17,183.22,90.58,0,0
user_003,user_003_s06,0,18,167.06,69.48,0,1
user_003,user_003_s06,0,19,218.29,96.88,0,0
user_003,user_003_s06,0,20,132.42,60.96,0,0
user_003,user_003_s06,0,21,83.76,96.27,0,0
user_003,user_003_s06,0,22,197.12,67.45,0,0
user_003,user_003_s06,0,23,143.7,84.67,0,0
user_003,user_003_s06,0,24,95.28,104.94,0,0
user_003,user_003_s06,0,25,158.71,94.35,0,0
user_003,user_003_s06,0,26,213.78,64.65,0,0
user_003,user_003_s06,0,27,114.91,80.09,0,0
user_003,user_003_s06,0,28,257.61,66.94,0,0
user_003,user_003_s06,0,29,131.78,63.87,0,0
user_003,user_003_s06,0,30,168.45,92.61,0,1
user_003,user_003_s06,0,31,678.35,99.63,0,0
user_003,user_003_s06,0,32,166.65,97.74,0,0
user_003,user_003_s06,0,33,159.69,100.31,0,0
user_003,user_003_s06,0,34,105.94,90.56,0,0
user_003,user_003_s06,0,35,277.03,86.41,0,0
user_003,user_003_s06,0,36,145.36,73.73,0,0
user_003,user_003_s06,0,37,145.39,83.77,0,0
user_003,user_003_s06,0,38,203.42,69.79,0,0
user_003,user_003_s06,0,39,236.93,77.35,0,0
user_003,user_003_s07,1,0,464.04,152.83,0,0
user_003,user_003_s07,1,1,116.9,109.23,0,1
user_003,user_003_s07,1,2,231.36,183.25,0,0
user_003,user_003_s07,1,3,337.71,127.81,0,0
user_003,user_003_s07,1,4,134.54,132.7,0,0
user_003,user_003_s07,1,5,675.45,166.94,0,0
user_003,user_003_s07,1,6,1302.72,123.87,0,0
user_003,user_003_s07,1,7,1381.61,135.7,0,0
user_003,user_003_s07,1,8,256.58,159.5,0,0
user_003,user_003_s07,1,9,272.67,81.4,1,0
user_003,user_003_s07,1,10,271.8,120.49,0,0
user_003,user_003_s07,1,11,155.73,157.2,0,0
user_003,user_003_s07,1,12,100.63,132.05,0,0
user_003,user_003_s07,1,13,1375.47,178.22,0,0
user_003,user_003_s07,1,14,194.5,77.98,0,0
user_003,user_003_s07,1,15,387.54,74.23,0,0
user_003,user_003_s07,1,16,1454.35,155.24,0,1
user_003,user_003_s07,1,17,400.08,158.41,0,0
user_003,user_003_s07,1,18,1266.13,123.52,0,0
user_003,user_003_s07,1,19,283.05,143.08,0,0
user_003,user_003_s07,1,20,307.88,154.43,0,0
user_003,user_003_s07,1,21,298.61,103.08,0,0
user_003,user_003_s07,1,22,206.98,106.61,0,0
user_003,user_003_s07,1,23,341.49,136.14,0,0
user_003,user_003_s07,1,24,236.2,159.67,0,1
user_003,user_003_s07,1,25,246.71,91.49,1,0
user_003,user_003_s07,1,26,109.53,123.37,0,0
user_003,user_003_s07,1,27,289.26,121.85,0,0
user_003,user_003_s07,1,28,214.72,143.66,0,0
user_003,user_003_s07,1,29,274.43,129.6,0,0
user_003,user_003_s07,1,30,255.52,111.91,0,0
user_003,user_003_s07,1,31,251.06,171.01,0,0
user_003,user_003_s07,1,32,1371.99,112.13,0,0
user_003,user_003_s07,1,33,300.93,120.27,0,1
user_003,user_003_s07,1,34,1344.16,77.47,0,0
user_003,user_003_s07,1,35,116.34,106.38,0,0
user_003,user_003_s07,1,36,283.01,146.89,0,0
user_003,user_003_s07,1,37,169.55,140.45,0,0
user_003,user_003_s07,1,38,127.12,149.64,0,0
user_003,user_003_s07,1,39,1290.0,148.04,0,0
user_003,user_003_s08,1,0,155.68,97.15,0,0
user_003,user_003_s08,1,1,145.34,112.24,1,0
user_003,user_003_s08,1,2,156.3,88.45,0,1
user_003,user_003_s08,1,3,1159.58,81.4,0,0
user_003,user_003_s08,1,4,172.36,143.14,0,0
user_003,user_003_s08,1,5,366.06,98.11,0,0
user_003,user_003_s08,1,6,236.33,45.48,0,0
user_003,user_003_s08,1,7,135.42,163.76,1,0
user_003,user_003_s08,1,8,180.94,91.09,0,0
user_003,user_003_s08,1,9,150.15,106.82,0,0
user_003,user_003_s08,1,10,263.51,160.24,0,0
user_003,user_003_s08,1,11,90.93,109.78,0,1
user_003,user_003_s08,1,12,112.01,109.17,0,0
user_003,user_003_s08,1,13,165.03,79.03,0,0
user_003,user_003_s08,1,14,255.22,67.52,0,0
user_003,user_003_s08,1,15,294.15,109.08,0,0
user_003,user_003_s08,1,16,304.58,124.06,0,0
user_003,user_003_s08,1,17,244.38,122.44,0,0
user_003,user_003_s08,1,18,898.75,100.17,0,0
user_003,user_003_s08,1,19,1659.38,114.36,0,0
user_003,user_003_s08,1,20,125.91,61.79,0,0
user_003,user_003_s08,1,21,76.36,126.82,1,0
user_003,user_003_s08,1,22,237.79,118.36,0,0
user_003,user_003_s08,1,23,135.73,169.66,0,0
user_003,user_003_s08,1,24,833.11,114.0,0,0
user_003,user_003_s08,1,25,1528.22,87.11,0,0
user_003,user_003_s08,1,26,224.45,112.36,0,0
user_003,user_003_s08,1,27,273.25,104.51,1,0
user_003,user_003_s08,1,28,265.77,126.1,1,0
user_003,user_003_s08,1,29,220.69,114.55,0,0
user_003,user_003_s08,1,30,175.62,78.13,0,0
user_003,user_003_s08,1,31,214.52,67.49,0,0
user_003,user_003_s08,1,32,164.7,121.23,0,0
user_003,user_003_s08,1,33,1510.96,152.94,0,1
user_003,user_003_s08,1,34,392.16,116.04,0,0
user_003,user_003_s08,1,35,219.79,136.81,0,0
user_003,user_003_s08,1,36,238.75,142.46,1,0
user_003,user_003_s08,1,37,977.97,121.34,0,1
user_003,user_003_s08,1,38,279.08,90.74,0,0
user_003,user_003_s08,1,39,260.69,119.32,0,0
user_003,user_003_s09,0,0,183.11,91.02,0,0
user_003,user_003_s09,0,1,206.66,106.35,0,0
user_003,user_003_s09,0,2,196.04,105.06,0,0
user_003,user_003_s09,0,3,178.71,100.15,0,0
user_003,user_003_s09,0,4,166.3,111.66,0,0
user_003,user_003_s09,0,5,213.08,74.16,0,0
user_003,user_003_s09,0,6,226.19,82.17,0,0
user_003,user_003_s09,0,7,223.09,94.78,0,0
user_003,user_003_s09,0,8,133.11,76.17,0,0
user_003,user_003_s09,0,9,231.84,92.61,0,0
user_003,user_003_s09,0,10,165.92,93.12,0,0
user_003,user_003_s09,0,11,150.17,119.83,0,0
user_003,user_003_s09,0,12,173.4,101.32,0,0
user_003,user_003_s09,0,13,213.06,115.38,0,0
user_003,user_003_s09,0,14,201.54,103.84,0,0
user_003,user_003_s09,0,15,169.98,90.56,0,0
user_003,user_003_s09,0,16,213.32,101.18,0,0
user_003,user_003_s09,0,17,185.65,110.63,0,0
user_003,user_003_s09,0,18,157.39,117.99,0,0
user_003,user_003_s09,0,19,152.04,96.96,0,0
user_003,user_003_s09,0,20,196.37,72.93,0,0
user_003,user_003_s09,0,21,176.84,71.82,0,0
user_003,user_003_s09,0,22,125.57,93.88,0,0
user_003,user_003_s09,0,23,213.7,61.98,0,0
user_003,user_003_s09,0,24,161.07,127.53,0,0
user_003,user_003_s09,0,25,243.23,108.53,0,0
user_003,user_003_s09,0,26,124.48,88.98,0,0
user_003,user_003_s09,0,27,172.94,81.46,0,0
user_003,user_003_s09,0,28,152.36,115.36,0,0
user_003,user_003_s09,0,29,141.44,81.4,0,0
user_003,user_003_s09,0,30,160.81,82.91,0,0
user_003,user_003_s09,0,31,250.31,86.91,0,0
user_003,user_003_s09,0,32,185.79,100.87,0,0
user_003,user_003_s09,0,33,148.72,108.9,0,0
user_003,user_003_s09,0,34,107.61,117.97,0,0
user_003,user_003_s09,0,35,111.86,115.63,0,0
user_003,user_003_s09,0,36,158.84,99.07,0,0
user_003,user_003_s09,0,37,154.98,115.24,1,0
user_003,user_003_s09,0,38,171.23,88.42,0,0
user_003,user_003_s09,0,39,90.02,70.18,0,0
user_003,user_003_s10,1,0,71.87,85.3,0,0
user_003,user_003_s10,1,1,217.08,122.88,0,0
user_003,user_003_s10,1,2,232.91,106.64,0,0
user_003,user_003_s10,1,3,130.23,113.99,1,0
user_003,user_003_s10,1,4,284.81,140.72,1,0
user_003,user_003_s10,1,5,222.79,143.74,0,0
user_003,user_003_s10,1,6,305.87,155.54,0,0
user_003,user_003_s10,1,7,692.66,128.54,0,0
user_003,user_003_s10,1,8,1337.52,113.67,0,0
user_003,user_003_s10,1,9,244.03,109.71,0,0
user_003,user_003_s10,1,10,258.73,68.58,1,0
user_003,user_003_s10,1,11,174.23,153.91,0,0
user_003,user_003_s10,1,12,112.16,107.79,1,0
user_003,user_003_s10,1,13,219.19,130.77,0,0
user_003,user_003_s10,1,14,1049.21,135.57,0,0
user_003,user_003_s10,1,15,290.01,82.16,0,0
user_003,user_003_s10,1,16,183.98,91.1,0,0
user_003,user_003_s10,1,17,331.9,159.67,0,0
user_003,user_003_s10,1,18,64.83,124.79,0,0
user_003,user_003_s10,1,19,221.58,100.61,0,0
user_003,user_003_s10,1,20,311.42,113.22,0,0
user_003,user_003_s10,1,21,150.45,146.88,0,0
user_003,user_003_s10,1,22,201.18,142.66,0,0
user_003,user_003_s10,1,23,184.26,76.03,0,0
user_003,user_003_s10,1,24,1017.43,162.09,1,0
user_003,user_003_s10,1,25,229.2,143.54,0,0
user_003,user_003_s10,1,26,122.34,112.49,0,0
user_003,user_003_s10,1,27,204.53,83.65,0,0
user_003,user_003_s10,1,28,1068.55,145.98,0,0
user_003,user_003_s10,1,29,197.3,129.95,0,0
user_003,user_003_s10,1,30,142.82,76.26,0,0
user_003,user_003_s10,1,31,1290.35,110.28,0,0
user_003,user_003_s10,1,32,262.9,203.5,0,0
user_003,user_003_s10,1,33,139.98,117.18,0,0
user_003,user_003_s10,1,34,122.43,96.13,0,0
user_003,user_003_s10,1,35,146.18,88.73,0,0
user_003,user_003_s10,1,36,250.07,165.91,0,0
user_003,user_003_s10,1,37,231.35,140.26,0,0
user_003,user_003_s10,1,38,267.05,155.79,0,0
user_003,user_003_s10,1,39,189.6,123.62,0,0
user_003,user_003_s11,0,0,204.04,86.15,0,0
user_003,user_003_s11,0,1,218.45,86.75,0,0
user_003,user_003_s11,0,2,189.15,86.03,0,0
user_003,user_003_s11,0,3,134.39,87.45,0,0
user_003,user_003_s11,0,4,140.49,74.91,0,0
user_003,user_003_s11,0,5,155.41,90.86,0,0
user_003,user_003_s11,0,6,180.17,89.27,0,0
user_003,user_003_s11,0,7,167.81,82.94,0,0
user_003,user_003_s11,0,8,128.11,97.42,0,0
user_003,user_003_s11,0,9,784.15,98.77,0,0
user_003,user_003_s11,0,10,89.46,86.13,0,0
user_003,user_003_s11,0,11,48.98,92.68,0,0
user_003,user_003_s11,0,12,167.43,129.19,0,0
user_003,user_003_s11,0,13,264.65,128.59,0,0
user_003,user_003_s11,0,14,243.89,78.25,0,0
user_003,user_003_s11,0,15,133.87,80.46,0,0
user_003,user_003_s11,0,16,178.6,78.16,0,0
user_003,user_003_s11,0,17,114.59,111.73,0,0
user_003,user_003_s11,0,18,120.64,88.64,0,0
user_003,user_003_s11,0,19,125.18,98.76,0,0
user_003,user_003_s11,0,20,163.72,126.63,0,0
user_003,user_003_s11,0,21,165.42,94.8,0,0
user_003,user_003_s11,0,22,182.68,106.16,0,0
user_003,user_003_s11,0,23,198.95,103.21,0,0
user_003,user_003_s11,0,24,159.3,85.63,0,0
user_003,user_003_s11,0,25,174.09,111.76,0,0
user_003,user_003_s11,0,26,129.29,81.49,0,0
user_003,user_003_s11,0,27,119.35,116.21,0,1
user_003,user_003_s11,0,28,113.23,85.65,0,0
user_003,user_003_s11,0,29,198.4,87.38,0,0
user_003,user_003_s11,0,30,159.26,77.7,0,0
user_003,user_003_s11,0,31,98.47,80.3,0,0
user_003,user_003_s11,0,32,170.16,88.19,0,0
user_003,user_003_s11,0,33,123.15,56.4,0,0
user_003,user_003_s11,0,34,238.49,91.26,0,0
user_003,user_003_s11,0,35,149.71,86.91,0,0
user_003,user_003_s11,0,36,199.68,107.49,0,0
user_003,user_003_s11,0,37,215.83,101.67,0,0
user_003,user_003_s11,0,38,134.8,83.74,0,0
user_003,user_003_s11,0,39,175.67,87.69,0,0
user_003,user_003_s12,1,0,1164.54,110.55,0,0
user_003,user_003_s12,1,1,174.95,142.8,0,1
user_003,user_003_s12,1,2,1054.39,145.72,0,0
user_003,user_003_s12,1,3,287.8,161.38,0,1
user_003,user_003_s12,1,4,267.49,110.13,0,0
user_003,user_003_s12,1,5,214.94,117.94,1,0
user_003,user_003_s12,1,6,246.38,177.42,0,0
user_003,user_003_s12,1,7,255.22,129.47,0,0
user_003,user_003_s12,1,8,733.6,134.89,1,0
user_003,user_003_s12,1,9,294.95,129.17,0,0
user_003,user_003_s12,1,10,725.83,165.66,0,0
user_003,user_003_s12,1,11,141.45,166.74,0,0
user_003,user_003_s12,1,12,249.61,165.11,0,0
user_003,user_003_s12,1,13,121.88,134.8,0,0
user_003,user_003_s12,1,14,221.16,109.72,0,0
user_003,user_003_s12,1,15,208.22,187.76,0,0
user_003,user_003_s12,1,16,278.03,157.94,0,0
user_003,user_003_s12,1,17,1343.22,121.31,0,0
user_003,user_003_s12,1,18,108.11,173.77,1,0
user_003,user_003_s12,1,19,1486.05,119.11,0,0
user_003,user_003_s12,1,20,227.48,173.41,0,0
user_003,user_003_s12,1,21,267.99,175.29,0,0
user_003,user_003_s12,1,22,145.06,108.35,0,0
user_003,user_003_s12,1,23,313.26,150.28,0,0
user_003,user_003_s12,1,24,246.63,155.87,0,0
user_003,user_003_s12,1,25,239.45,207.0,1,0
user_003,user_003_s12,1,26,108.62,113.35,1,0
user_003,user_003_s12,1,27,248.88,174.02,0,0
user_003,user_003_s12,1,28,302.72,134.54,0,0
user_003,user_003_s12,1,29,227.26,99.42,0,0
user_003,user_003_s12,1,30,325.63,130.71,0,0
user_003,user_003_s12,1,31,322.75,134.12,0,0
user_003,user_003_s12,1,32,199.02,104.51,0,0
user_003,user_003_s12,1,33,804.65,142.76,0,0
user_003,user_003_s12,1,34,246.89,160.77,0,0
user_003,user_003_s12,1,35,247.2,140.7,0,0
user_003,user_003_s12,1,36,250.64,118.94,0,0
user_003,user_003_s12,1,37,248.57,129.91,0,0
user_003,user_003_s12,1,38,60.3,133.93,1,0
user_003,user_003_s12,1,39,230.8,140.12,0,0
user_003,user_003_s13,0,0,884.62,100.16,0,0
user_003,user_003_s13,0,1,107.74,105.51,0,0
user_003,user_003_s13,0,2,112.54,130.05,0,0
user_003,user_003_s13,0,3,156.89,90.62,0,0
user_003,user_003_s13,0,4,121.19,78.82,0,0
user_003,user_003_s13,0,5,159.67,71.07,0,0
user_003,user_003_s13,0,6,239.47,123.25,0,0
user_003,user_003_s13,0,7,118.8,123.45,1,0
user_003,user_003_s13,0,8,162.26,80.74,0,0
user_003,user_003_s13,0,9,258.0,83.87,0,0
user_003,user_003_s13,0,10,189.64,90.26,0,0
user_003,user_003_s13,0,11,158.88,114.82,0,0
user_003,user_003_s13,0,12,167.24,74.99,0,0
user_003,user_003_s13,0,13,190.48,64.21,0,0
user_003,user_003_s13,0,14,679.58,129.78,0,0
user_003,user_003_s13,0,15,152.41,100.36,0,0
user_003,user_003_s13,0,16,143.42,102.61,0,0
user_003,user_003_s13,0,17,118.79,92.15,0,0
user_003,user_003_s13,0,18,177.55,102.79,0,0
user_003,user_003_s13,0,19,117.73,71.39,0,0
user_003,user_003_s13,0,20,155.07,82.07,0,0
user_003,user_003_s13,0,21,137.43,97.07,0,0
user_003,user_003_s13,0,22,216.04,59.39,0,0
user_003,user_003_s13,0,23,153.3,90.61,0,0
user_003,user_003_s13,0,24,670.9,89.63,0,0
user_003,user_003_s13,0,25,109.86,90.6,0,0
user_003,user_003_s13,0,26,178.67,86.66,0,0
user_003,user_003_s13,0,27,125.76,79.61,0,0
user_003,user_003_s13,0,28,610.5,66.51,0,0
user_003,user_003_s13,0,29,261.13,97.7,0,0
user_003,user_003_s13,0,30,210.42,90.64,0,0
user_003,user_003_s13,0,31,168.37,73.59,0,0
user_003,user_003_s13,0,32,300.29,96.39,0,0
user_003,user_003_s13,0,33,137.18,90.73,0,0
user_003,user_003_s13,0,34,219.66,88.09,0,0
user_003,user_003_s13,0,35,112.69,61.2,0,0
user_003,user_003_s13,0,36,163.79,106.23,0,0
user_003,user_003_s13,0,37,120.02,75.85,0,0
user_003,user_003_s13,0,38,183.66,96.41,0,0
user_003,user_003_s13,0,39,175.68,82.58,0,0
user_004,user_004_s00,0,0,191.62,124.4,0,1
user_004,user_004_s00,0,1,145.62,108.11,0,0
user_004,user_004_s00,0,2,179.41,85.86,0,0
user_004,user_004_s00,0,3,126.04,123.62,0,0
user_004,user_004_s00,0,4,184.53,77.77,0,0
user_004,user_004_s00,0,5,195.29,103.53,0,0
user_004,user_004_s00,0,6,193.3,107.06,0,0
user_004,user_004_s00,0,7,144.66,85.31,0,0
user_004,user_004_s00,0,8,166.97,110.4,0,1
user_004,user_004_s00,0,9,201.91,91.14,0,0
user_004,user_004_s00,0,10,172.16,110.36,0,0
user_004,user_004_s00,0,11,169.15,70.07,0,0
user_004,user_004_s00,0,12,256.19,104.63,0,0
user_004,user_004_s00,0,13,142.78,92.76,0,0
user_004,user_004_s00,0,14,223.49,117.58,0,0
user_004,user_004_s00,0,15,134.68,98.61,0,0
user_004,user_004_s00,0,16,206.58,119.16,0,0
user_004,user_004_s00,0,17,208.7,107.38,0,1
user_004,user_004_s00,0,18,160.28,97.28,0,0
user_004,user_004_s00,0,19,132.19,111.83,0,0
user_004,user_004_s00,0,20,102.27,111.93,0,0
user_004,user_004_s00,0,21,156.12,106.81,0,0
user_004,user_004_s00,0,22,201.47,62.88,0,0
user_004,user_004_s00,0,23,137.74,83.69,0,0
user_004,user_004_s00,0,24,184.41,121.31,0,0
user_004,user_004_s00,0,25,121.9,79.35,0,0
user_004,user_004_s00,0,26,171.27,113.33,0,0
user_004,user_004_s00,0,27,803.66,110.54,0,0
user_004,user_004_s00,0,28,177.46,87.77,0,0
user_004,user_004_s00,0,29,160.65,67.6,0,0
user_004,user_004_s00,0,30,133.26,90.27,0,0
user_004,user_004_s00,0,31,154.38,132.34,0,0
user_004,user_004_s00,0,32,143.44,85.59,0,0
user_004,user_004_s00,0,33,128.36,86.69,0,0
user_004,user_004_s00,0,34,223.58,83.45,0,0
user_004,user_004_s00,0,35,166.25,118.62,0,0
user_004,user_004_s00,0,36,93.06,95.45,0,0
user_004,user_004_s00,0,37,155.8,89.36,0,0
user_004,user_004_s00,0,38,216.91,121.77,0,0
user_004,user_004_s00,0,39,150.31,108.52,0,0
user_004,user_004_s01,0,0,139.49,88.01,0,0
user_004,user_004_s01,0,1,231.6,95.93,0,0
user_004,user_004_s01,0,2,245.0,96.16,0,0
user_004,user_004_s01,0,3,212.59,93.41,0,0
user_004,user_004_s01,0,4,224.9,73.9,0,0
user_004,user_004_s01,0,5,220.82,114.62,0,0
user_004,user_004_s01,0,6,194.61,111.82,0,0
user_004,user_004_s01,0,7,185.56,78.27,0,0
user_004,user_004_s01,0,8,193.93,90.09,0,0
user_004,user_004_s01,0,9,201.73,91.29,0,0
user_004,user_004_s01,0,10,143.02,76.48,0,0
user_004,user_004_s01,0,11,201.57,65.2,0,0
user_004,user_004_s01,0,12,230.44,84.21,0,0
user_004,user_004_s01,0,13,164.28,89.2,0,0
user_004,user_004_s01,0,14,160.04,71.96,0,0
user_004,user_004_s01,0,15,191.42,97.68,0,0
user_004,user_004_s01,0,16,146.67,113.35,0,0
user_004,user_004_s01,0,17,120.16,108.25,0,0
user_004,user_004_s01,0,18,218.09,92.85,0,0
user_004,user_004_s01,0,19,154.57,65.62,0,0
user_004,user_004_s01,0,20,1059.73,106.24,0,0
user_004,user_004_s01,0,21,148.24,97.19,0,0
user_004,user_004_s01,0,22,223.21,101.61,0,0
user_004,user_004_s01,0,23,759.79,125.64,0,0
user_004,user_004_s01,0,24,162.92,81.76,0,0
user_004,user_004_s01,0,25,125.6,49.18,0,0
user_004,user_004_s01,0,26,158.7,78.12,0,0
user_004,user_004_s01,0,27,1194.0,102.59,0,0
user_004,user_004_s01,0,28,179.98,95.29,0,0
user_004,user_004_s01,0,29,176.82,75.55,0,0
user_004,user_004_s01,0,30,180.9,72.3,0,0
user_004,user_004_s01,0,31,202.63,89.23,0,0
user_004,user_004_s01,0,32,170.82,75.06,0,0
user_004,user_004_s01,0,33,190.36,103.14,0,0
user_004,user_004_s01,0,34,133.27,88.33,0,0
user_004,user_004_s01,0,35,273.96,84.9,0,0
user_004,user_004_s01,0,36,161.2,82.81,0,0
user_004,user_004_s01,0,37,180.57,99.05,0,0
user_004,user_004_s01,0,38,194.99,95.54,0,0
user_004,user_004_s01,0,39,1354.33,98.08,0,0
user_004,user_004_s02,0,0,292.66,105.85,0,0
user_004,user_004_s02,0,1,224.03,91.23,0,0
user_004,user_004_s02,0,2,237.63,131.21,0,0
user_004,user_004_s02,0,3,262.6,88.5,0,0
user_004,user_004_s02,0,4,204.29,113.71,0,0
user_004,user_004_s02,0,5,256.79,99.39,0,0
user_004,user_004_s02,0,6,225.89,103.91,0,0
user_004,user_004_s02,0,7,200.12,84.29,0,0
user_004,user_004_s02,0,8,208.32,128.27,0,0
user_004,user_004_s02,0,9,122.03,102.5,0,1
user_004,user_004_s02,0,10,206.01,87.61,0,0
user_004,user_004_s02,0,11,133.06,126.83,0,0
user_004,user_004_s02,0,12,129.82,98.91,0,0
user_004,user_004_s02,0,13,202.06,112.24,0,0
user_004,user_004_s02,0,14,150.13,120.29,0,0
user_004,user_004_s02,0,15,194.12,114.45,0,0
user_004,user_004_s02,0,16,199.9,72.01,0,0
user_004,user_004_s02,0,17,201.67,117.97,0,0
user_004,user_004_s02,0,18,158.48,105.32,0,0
user_004,user_004_s02,0,19,230.11,101.69,0,0
user_004,user_004_s02,0,20,190.85,105.19,0,0
user_004,user_004_s02,0,21,211.93,81.33,0,0
user_004,user_004_s02,0,22,146.86,109.97,0,0
user_004,user_004_s02,0,23,187.31,85.24,1,0
user_004,user_004_s02,0,24,238.0,102.38,0,0
user_004,user_004_s02,0,25,232.95,109.4,0,0
user_004,user_004_s02,0,26,162.72,123.99,0,0
user_004,user_004_s02,0,27,172.72,93.89,0,0
user_004,user_004_s02,0,28,155.12,129.99,0,0
user_004,user_004_s02,0,29,168.32,121.97,0,0
user_004,user_004_s02,0,30,138.81,100.1,0,0
user_004,user_004_s02,0,31,188.91,89.3,0,0
user_004,user_004_s02,0,32,219.56,83.97,0,0
user_004,user_004_s02,0,33,163.21,111.24,0,0
user_004,user_004_s02,0,34,190.8,95.2,0,0
user_004,user_004_s02,0,35,185.64,125.98,0,0
user_004,user_004_s02,0,36,236.32,96.12,0,0
user_004,user_004_s02,0,37,170.1,92.61,0,0
user_004,user_004_s02,0,38,171.54,110.63,0,0
user_004,user_004_s02,0,39,160.78,96.02,0,0
user_004,user_004_s03,0,0,103.9,77.35,0,0
user_004,user_004_s03,0,1,155.09,93.42,0,0
user_004,user_004_s03,0,2,208.18,101.21,0,0
user_004,user_004_s03,0,3,181.31,66.97,0,0
user_004,user_004_s03,0,4,235.49,94.56,0,0
user_004,user_004_s03,0,5,203.32,77.58,0,0
user_004,user_004_s03,0,6,194.3,99.14,0,0
user_004,user_004_s03,0,7,248.28,95.11,0,0
user_004,user_004_s03,0,8,169.62,107.23,0,0
user_004,user_004_s03,0,9,175.99,112.37,0,0
user_004,user_004_s03,0,10,173.02,102.71,0,0
user_004,user_004_s03,0,11,234.82,109.09,0,0
user_004,user_004_s03,0,12,173.58,89.85,0,0
user_004,user_004_s03,0,13,147.72,140.28,0,0
user_004,user_004_s03,0,14,196.83,76.04,0,0
user_004,user_004_s03,0,15,141.05,87.03,0,0
user_004,user_004_s03,0,16,194.68,109.74,0,0
user_004,user_004_s03,0,17,189.92,107.38,0,0
user_004,user_004_s03,0,18,165.95,103.16,0,0
user_004,user_004_s03,0,19,195.96,106.15,0,0
user_004,user_004_s03,0,20,114.36,62.3,0,0
user_004,user_004_s03,0,21,179.95,120.67,0,0
user_004,user_004_s03,0,22,155.09,92.17,0,0
user_004,user_004_s03,0,23,287.21,115.22,0,0
user_004,user_004_s03,0,24,179.67,63.09,0,0
user_004,user_004_s03,0,25,149.78,99.49,0,0
user_004,user_004_s03,0,26,118.71,86.46,0,0
user_004,user_004_s03,0,27,225.35,104.51,0,0
user_004,user_004_s03,0,28,159.57,100.45,0,0
user_004,user_004_s03,0,29,142.04,101.23,0,0
user_004,user_004_s03,0,30,186.84,78.58,0,0
user_004,user_004_s03,0,31,199.3,94.51,0,0
user_004,user_004_s03,0,32,198.67,92.55,0,0
user_004,user_004_s03,0,33,174.26,103.29,1,0
user_004,user_004_s03,0,34,179.8,111.14,0,0
user_004,user_004_s03,0,35,182.7,97.81,0,0
user_004,user_004_s03,0,36,186.85,75.13,0,0
user_004,user_004_s03,0,37,190.36,97.12,0,1
user_004,user_004_s03,0,38,216.97,136.91,0,0
user_004,user_004_s03,0,39,175.72,121.57,0,0
user_004,user_004_s04,0,0,186.79,85.65,0,0
user_004,user_004_s04,0,1,158.4,90.55,0,0
user_004,user_004_s04,0,2,172.71,90.98,0,0
user_004,user_004_s04,0,3,147.08,97.41,0,0
user_004,user_004_s04,0,4,182.79,89.77,0,0
user_004,user_004_s04,0,5,201.71,81.3,0,0
user_004,user_004_s04,0,6,170.07,99.53,0,0
user_004,user_004_s04,0,7,98.69,115.14,0,0
user_004,user_004_s04,0,8,201.95,100.21,0,0
user_004,user_004_s04,0,9,183.27,88.48,0,0
user_004,user_004_s04,0,10,139.03,96.21,0,0
user_004,user_004_s04,0,11,851.93,65.58,0,0
user_004,user_004_s04,0,12,122.93,95.96,0,0
user_004,user_004_s04,0,13,220.03,91.81,0,0
user_004,user_004_s04,0,14,176.21,83.34,0,0
user_004,user_004_s04,0,15,88.34,86.22,0,0
user_004,user_004_s04,0,16,185.58,91.65,0,0
user_004,user_004_s04,0,17,162.35,113.95,0,0
user_004,user_004_s04,0,18,156.37,115.53,0,0
user_004,user_004_s04,0,19,149.18,83.42,0,0
user_004,user_004_s04,0,20,173.44,89.94,0,0
user_004,user_004_s04,0,21,159.22,90.34,0,0
user_004,user_004_s04,0,22,104.72,111.04,0,0
user_004,user_004_s04,0,23,229.04,100.48,0,0
user_004,user_004_s04,0,24,168.78,99.65,0,0
user_004,user_004_s04,0,25,149.41,106.69,0,0
user_004,user_004_s04,0,26,133.66,88.69,0,0
user_004,user_004_s04,0,27,209.12,119.85,0,0
user_004,user_004_s04,0,28,1412.8,98.14,0,0
user_004,user_004_s04,0,29,183.82,84.57,0,0
user_004,user_004_s04,0,30,155.3,94.52,0,0
user_004,user_004_s04,0,31,157.62,117.75,0,0
user_004,user_004_s04,0,32,134.65,91.41,0,0
user_004,user_004_s04,0,33,153.85,113.26,0,0
user_004,user_004_s04,0,34,178.84,88.23,0,0
user_004,user_004_s04,0,35,187.84,86.0,0,0
user_004,user_004_s04,0,36,147.28,108.65,0,0
user_004,user_004_s04,0,37,174.88,84.28,0,0
user_004,user_004_s04,0,38,213.8,111.24,0,0
user_004,user_004_s04,0,39,112.43,103.76,0,0
user_004,user_004_s05,1,0,918.98,150.37,0,0
user_004,user_004_s05,1,1,248.35,76.67,0,1
user_004,user_004_s05,1,2,231.79,158.66,0,0
user_004,user_004_s05,1,3,366.47,147.65,0,0
user_004,user_004_s05,1,4,204.53,123.45,0,0
user_004,user_004_s05,1,5,151.72,150.42,0,1
user_004,user_004_s05,1,6,326.55,150.1,0,0
user_004,user_004_s05,1,7,149.68,110.85,0,0
user_004,user_004_s05,1,8,109.17,155.27,0,0
user_004,user_004_s05,1,9,335.53,182.89,0,0
user_004,user_004_s05,1,10,831.44,137.4,0,0
user_004,user_004_s05,1,11,300.77,116.97,0,0
user_004,user_004_s05,1,12,227.73,139.0,0,0
user_004,user_004_s05,1,13,152.55,171.96,0,0
user_004,user_004_s05,1,14,168.4,105.52,1,0
user_004,user_004_s05,1,15,241.32,163.14,0,0
user_004,user_004_s05,1,16,906.65,123.03,0,0
user_004,user_004_s05,1,17,287.55,152.4,0,0
user_004,user_004_s05,1,18,879.96,126.66,0,0
user_004,user_004_s05,1,19,277.81,126.57,0,0
user_004,user_004_s05,1,20,275.42,193.3,0,1
user_004,user_004_s05,1,21,293.91,99.69,1,0
user_004,user_004_s05,1,22,302.91,160.17,0,0
user_004,user_004_s05,1,23,235.59,199.94,1,0
user_004,user_004_s05,1,24,277.72,166.56,0,0
user_004,user_004_s05,1,25,281.88,102.18,1,0
user_004,user_004_s05,1,26,69.19,103.76,0,0
user_004,user_004_s05,1,27,314.64,120.68,0,0
user_004,user_004_s05,1,28,275.01,149.71,1,0
user_004,user_004_s05,1,29,308.06,151.89,0,0
user_004,user_004_s05,1,30,160.34,104.07,0,1
user_004,user_004_s05,1,31,237.84,116.81,0,0
user_004,user_004_s05,1,32,175.92,118.77,0,0
user_004,user_004_s05,1,33,322.47,138.9,0,0
user_004,user_004_s05,1,34,150.9,208.03,0,0
user_004,user_004_s05,1,35,188.92,114.88,0,0
user_004,user_004_s05,1,36,305.69,113.48,0,0
user_004,user_004_s05,1,37,212.81,108.5,0,0
user_004,user_004_s05,1,38,188.94,164.96,0,0
user_004,user_004_s05,1,39,335.41,143.35,0,0
user_004,user_004_s06,0,0,184.66,96.38,0,0
user_004,user_004_s06,0,1,197.45,123.39,0,0
user_004,user_004_s06,0,2,176.18,86.54,0,0
user_004,user_004_s06,0,3,193.86,100.67,0,0
user_004,user_004_s06,0,4,211.84,91.97,0,0
user_004,user_004_s06,0,5,176.53,106.94,0,0
user_004,user_004_s06,0,6,60.48,85.18,0,0
user_004,user_004_s06,0,7,244.14,128.23,0,0
user_004,user_004_s06,0,8,165.63,70.73,0,0
user_004,user_004_s06,0,9,144.74,124.87,0,0
user_004,user_004_s06,0,10,132.79,99.03,0,0
user_004,user_004_s06,0,11,164.09,106.38,0,0
user_004,user_004_s06,0,12,155.09,118.81,0,0
user_004,user_004_s06,0,13,148.17,111.23,0,0
user_004,user_004_s06,0,14,150.35,86.0,0,0
user_004,user_004_s06,0,15,198.5,107.14,0,0
user_004,user_004_s06,0,16,258.13,127.28,0,0
user_004,user_004_s06,0,17,210.06,83.5,0,0
user_004,user_004_s06,0,18,222.06,131.27,0,0
user_004,user_004_s06,0,19,162.46,103.73,0,0
user_004,user_004_s06,0,20,181.61,90.71,0,0
user_004,user_004_s06,0,21,194.4,83.4,0,0
user_004,user_004_s06,0,22,151.25,94.05,0,0
user_004,user_004_s06,0,23,160.54,66.52,0,0
user_004,user_004_s06,0,24,211.41,91.0,0,0
user_004,user_004_s06,0,25,220.78,93.42,0,0
user_004,user_004_s06,0,26,180.13,80.52,0,0
user_004,user_004_s06,0,27,129.97,109.49,0,0
user_004,user_004_s06,0,28,165.71,94.12,0,0
user_004,user_004_s06,0,29,120.19,87.5,0,0
user_004,user_004_s06,0,30,180.44,92.43,0,0
user_004,user_004_s06,0,31,187.6,103.24,0,0
user_004,user_004_s06,0,32,166.7,98.76,0,0
user_004,user_004_s06,0,33,187.06,86.46,0,0
user_004,user_004_s06,0,34,1528.25,99.6,0,1
user_004,user_004_s06,0,35,187.66,96.79,0,0
user_004,user_004_s06,0,36,129.71,79.49,0,0
user_004,user_004_s06,0,37,167.39,93.01,0,0
user_004,user_004_s06,0,38,193.74,106.81,0,1
user_004,user_004_s06,0,39,240.18,106.69,0,0
user_004,user_004_s07,1,0,119.58,81.55,0,0
user_004,user_004_s07,1,1,100.8,128.34,0,0
user_004,user_004_s07,1,2,327.78,158.45,0,0
user_004,user_004_s07,1,3,113.84,87.41,0,0
user_004,user_004_s07,1,4,397.77,140.88,0,0
user_004,user_004_s07,1,5,181.04,157.43,0,0
user_004,user_004_s07,1,6,380.58,72.64,0,0
user_004,user_004_s07,1,7,210.58,123.3,0,0
user_004,user_004_s07,1,8,113.45,185.3,0,0
user_004,user_004_s07,1,9,1281.91,149.91,0,0
user_004,user_004_s07,1,10,353.45,71.55,0,0
user_004,user_004_s07,1,11,166.83,153.35,0,0
user_004,user_004_s07,1,12,213.28,107.87,0,0
user_004,user_004_s07,1,13,166.85,154.41,0,0
user_004,user_004_s07,1,14,230.35,109.73,0,0
user_004,user_004_s07,1,15,248.82,130.34,0,0
user_004,user_004_s07,1,16,211.68,114.67,0,0
user_004,user_004_s07,1,17,93.02,132.16,0,0
user_004,user_004_s07,1,18,1221.84,113.7,0,0
user_004,user_004_s07,1,19,296.98,124.82,0,0
user_004,user_004_s07,1,20,223.2,94.03,0,0
user_004,user_004_s07,1,21,213.62,147.92,1,0
user_004,user_004_s07,1,22,749.32,137.72,1,0
user_004,user_004_s07,1,23,190.77,79.77,0,0
user_004,user_004_s07,1,24,354.03,164.17,0,0
user_004,user_004_s07,1,25,147.93,126.35,0,0
user_004,user_004_s07,1,26,298.38,137.29,0,0
user_004,user_004_s07,1,27,243.9,156.78,0,0
user_004,user_004_s07,1,28,259.89,142.67,0,0
user_004,user_004_s07,1,29,180.88,169.74,0,0
user_004,user_004_s07,1,30,211.65,122.57,0,0
user_004,user_004_s07,1,31,1180.22,165.51,0,0
user_004,user_004_s07,1,32,198.0,136.03,1,0
user_004,user_004_s07,1,33,1052.2,148.47,0,0
user_004,user_004_s07,1,34,1608.52,145.11,0,0
user_004,user_004_s07,1,35,1749.71,172.18,1,0
user_004,user_004_s07,1,36,861.09,155.39,0,0
user_004,user_004_s07,1,37,85.47,117.73,0,0
user_004,user_004_s07,1,38,334.14,111.31,0,0
user_004,user_004_s07,1,39,223.61,130.44,0,0
user_004,user_004_s08,0,0,128.72,91.71,0,0
user_004,user_004_s08,0,1,192.75,113.77,0,0
user_004,user_004_s08,0,2,179.78,92.6,0,0
user_004,user_004_s08,0,3,186.98,141.11,0,0
user_004,user_004_s08,0,4,182.04,103.01,0,0
user_004,user_004_s08,0,5,164.21,86.13,0,0
user_004,user_004_s08,0,6,537.0,89.1,0,0
user_004,user_004_s08,0,7,236.61,122.99,0,0
user_004,user_004_s08,0,8,203.56,98.24,0,0
user_004,user_004_s08,0,9,131.47,83.07,0,0
user_004,user_004_s08,0,10,209.25,118.32,1,0
user_004,user_004_s08,0,11,172.68,98.14,0,0
user_004,user_004_s08,0,12,173.8,115.13,0,0
user_004,user_004_s08,0,13,159.92,119.62,0,0
user_004,user_004_s08,0,14,211.78,109.11,0,0
user_004,user_004_s08,0,15,158.67,142.83,0,0
user_004,user_004_s08,0,16,146.87,77.34,0,0
user_004,user_004_s08,0,17,235.42,91.75,0,0
user_004,user_004_s08,0,18,183.34,100.68,0,0
user_004,user_004_s08,0,19,184.59,140.69,0,0
user_004,user_004_s08,0,20,217.96,133.32,0,0
user_004,user_004_s08,0,21,163.92,125.23,0,0
user_004,user_004_s08,0,22,171.85,92.13,0,0
user_004,user_004_s08,0,23,202.6,93.98,0,0
user_004,user_004_s08,0,24,1039.18,91.58,0,0
user_004,user_004_s08,0,25,199.24,92.3,0,0
user_004,user_004_s08,0,26,160.42,128.47,0,0
user_004,user_004_s08,0,27,224.44,100.87,0,0
user_004,user_004_s08,0,28,212.17,102.98,0,0
user_004,user_004_s08,0,29,206.92,117.06,0,0
user_004,user_004_s08,0,30,126.6,78.31,0,0
user_004,user_004_s08,0,31,186.34,105.58,0,0
user_004,user_004_s08,0,32,143.67,87.31,0,0
user_004,user_004_s08,0,33,849.33,100.07,0,0
user_004,user_004_s08,0,34,98.46,95.43,0,0
user_004,user_004_s08,0,35,129.23,94.61,0,0
user_004,user_004_s08,0,36,237.7,108.33,0,0
user_004,user_004_s08,0,37,205.11,108.26,0,0
user_004,user_004_s08,0,38,176.39,101.25,0,0
user_004,user_004_s08,0,39,154.34,110.64,0,0
user_004,user_004_s09,1,0,271.15,167.1,0,1
user_004,user_004_s09,1,1,1549.4,113.5,0,0
user_004,user_004_s09,1,2,272.53,80.05,0,0
user_004,user_004_s09,1,3,150.56,158.87,0,0
user_004,user_004_s09,1,4,362.13,95.55,0,0
user_004,user_004_s09,1,5,287.32,125.54,0,0
user_004,user_004_s09,1,6,218.18,136.67,1,0
user_004,user_004_s09,1,7,836.35,141.64,0,0
user_004,user_004_s09,1,8,312.71,154.47,0,0
user_004,user_004_s09,1,9,1463.3,147.05,0,0
user_004,user_004_s09,1,10,394.71,146.2,0,0
user_004,user_004_s09,1,11,195.66,109.06,0,0
user_004,user_004_s09,1,12,357.26,139.12,0,1
user_004,user_004_s09,1,13,225.34,89.26,0,0
user_004,user_004_s09,1,14,347.58,174.24,0,0
user_004,user_004_s09,1,15,187.23,92.12,0,0
user_004,user_004_s09,1,16,239.42,121.37,0,0
user_004,user_004_s09,1,17,293.85,94.43,1,0
user_004,user_004_s09,1,18,283.97,110.74,0,0
user_004,user_004_s09,1,19,314.34,131.34,0,0
user_004,user_004_s09,1,20,713.06,116.32,0,0
user_004,user_004_s09,1,21,243.99,162.66,0,0
user_004,user_004_s09,1,22,324.57,137.25,1,0
user_004,user_004_s09,1,23,189.28,118.14,0,0
user_004,user_004_s09,1,24,277.77,127.27,0,0
user_004,user_004_s09,1,25,222.94,164.75,0,0
user_004,user_004_s09,1,26,252.38,156.14,0,0
user_004,user_004_s09,1,27,243.97,99.42,0,0
user_004,user_004_s09,1,28,1561.22,112.11,0,0
user_004,user_004_s09,1,29,220.07,144.12,0,0
user_004,user_004_s09,1,30,813.01,140.75,0,0
user_004,user_004_s09,1,31,231.01,101.87,0,0
user_004,user_004_s09,1,32,347.03,151.72,1,0
user_004,user_004_s09,1,33,308.06,106.29,0,0
user_004,user_004_s09,1,34,924.44,167.08,1,0
user_004,user_004_s09,1,35,185.27,145.63,0,0
user_004,user_004_s09,1,36,181.06,99.61,0,0
user_004,user_004_s09,1,37,374.8,116.31,0,0
user_004,user_004_s09,1,38,168.19,115.83,0,0
user_004,user_004_s09,1,39,246.0,135.39,0,0
user_004,user_004_s10,1,0,1394.31,156.09,0,1
user_004,user_004_s10,1,1,150.9,172.05,0,0
user_004,user_004_s10,1,2,241.68,120.56,0,1
user_004,user_004_s10,1,3,327.94,124.16,0,0
user_004,user_004_s10,1,4,239.76,182.14,0,0
user_004,user_004_s10,1,5,184.56,151.1,0,0
user_004,user_004_s10,1,6,86.84,68.93,0,0
user_004,user_004_s10,1,7,310.21,145.98,1,0
user_004,user_004_s10,1,8,188.57,116.11,0,0
user_004,user_004_s10,1,9,158.93,158.75,0,0
user_004,user_004_s10,1,10,118.02,144.63,0,0
user_004,user_004_s10,1,11,137.92,82.72,0,0
user_004,user_004_s10,1,12,172.35,140.62,0,0
user_004,user_004_s10,1,13,1066.64,138.94,0,0
user_004,user_004_s10,1,14,154.52,143.34,0,0
user_004,user_004_s10,1,15,254.96,149.46,0,0
user_004,user_004_s10,1,16,223.83,175.98,1,0
user_004,user_004_s10,1,17,401.65,144.8,1,0
user_004,user_004_s10,1,18,118.81,133.53,0,0
user_004,user_004_s10,1,19,253.22,165.95,0,0
user_004,user_004_s10,1,20,254.12,197.49,0,0
user_004,user_004_s10,1,21,167.35,159.24,1,0
user_004,user_004_s10,1,22,816.98,138.81,0,0
user_004,user_004_s10,1,23,297.02,145.34,0,0
user_004,user_004_s10,1,24,248.54,140.25,0,0
user_004,user_004_s10,1,25,341.31,133.41,0,0
user_004,user_004_s10,1,26,84.72,195.26,0,0
user_004,user_004_s10,1,27,180.92,111.29,0,0
user_004,user_004_s10,1,28,347.84,166.15,0,0
user_004,user_004_s10,1,29,307.28,129.25,0,0
user_004,user_004_s10,1,30,280.52,90.22,0,0
user_004,user_004_s10,1,31,330.42,127.45,0,0
user_004,user_004_s10,1,32,103.53,117.12,0,0
user_004,user_004_s10,1,33,298.9,149.51,0,0
user_004,user_004_s10,1,34,318.26,135.5,0,0
user_004,user_004_s10,1,35,194.14,103.42,1,0
user_004,user_004_s10,1,36,430.98,175.26,0,0
user_004,user_004_s10,1,37,255.73,164.28,0,0
user_004,user_004_s10,1,38,83.63,178.57,0,0
user_004,user_004_s10,1,39,269.05,139.7,0,0
user_004,user_004_s11,0,0,120.55,105.16,0,0
user_004,user_004_s11,0,1,1516.89,116.41,0,0
user_004,user_004_s11,0,2,196.97,115.57,0,0
user_004,user_004_s11,0,3,183.01,101.52,0,0
user_004,user_004_s11,0,4,199.89,75.09,0,0
user_004,user_004_s11,0,5,169.29,98.37,0,0
user_004,user_004_s11,0,6,162.03,101.74,0,0
user_004,user_004_s11,0,7,175.94,106.6,0,0
user_004,user_004_s11,0,8,167.11,90.33,0,0
user_004,user_004_s11,0,9,272.19,120.19,0,0
user_004,user_004_s11,0,10,221.78,102.27,0,0
user_004,user_004_s11,0,11,147.07,87.42,0,0
user_004,user_004_s11,0,12,266.46,94.77,0,0
user_004,user_004_s11,0,13,168.35,132.7,0,0
user_004,user_004_s11,0,14,186.72,112.61,0,0
user_004,user_004_s11,0,15,221.21,118.72,0,0
user_004,user_004_s11,0,16,107.27,85.5,0,0
user_004,user_004_s11,0,17,176.13,91.1,0,0
user_004,user_004_s11,0,18,162.77,91.22,0,0
user_004,user_004_s11,0,19,193.7,104.98,0,0
user_004,user_004_s11,0,20,200.25,99.29,0,0
user_004,user_004_s11,0,21,182.48,94.27,0,0
user_004,user_004_s11,0,22,180.64,96.27,0,0
user_004,user_004_s11,0,23,227.87,89.43,0,0
user_004,user_004_s11,0,24,197.53,99.19,0,0
user_004,user_004_s11,0,25,187.2,119.75,0,0
user_004,user_004_s11,0,26,191.43,78.0,0,0
user_004,user_004_s11,0,27,258.5,107.56,0,0
user_004,user_004_s11,0,28,192.41,123.99,0,0
user_004,user_004_s11,0,29,165.11,99.14,0,0
user_004,user_004_s11,0,30,109.7,93.65,0,0
user_004,user_004_s11,0,31,128.57,116.74,0,0
user_004,user_004_s11,0,32,166.99,86.41,0,0
user_004,user_004_s11,0,33,181.24,101.69,0,0
user_004,user_004_s11,0,34,163.47,85.53,0,0
user_004,user_004_s11,0,35,199.5,72.33,0,0
user_004,user_004_s11,0,36,162.96,99.64,0,0
user_004,user_004_s11,0,37,1337.39,81.97,0,0
user_004,user_004_s11,0,38,209.89,101.87,0,0
user_004,user_004_s11,0,39,239.96,119.77,0,0
user_004,user_004_s12,0,0,203.48,127.83,0,0
user_004,user_004_s12,0,1,184.35,87.26,0,0
user_004,user_004_s12,0,2,172.01,120.88,0,0
user_004,user_004_s12,0,3,250.38,59.38,0,0
user_004,user_004_s12,0,4,158.79,114.34,0,0
user_004,user_004_s12,0,5,226.1,83.61,0,0
user_004,user_004_s12,0,6,191.95,112.75,0,0
user_004,user_004_s12,0,7,176.13,81.96,0,1
user_004,user_004_s12,0,8,231.31,96.15,0,0
user_004,user_004_s12,0,9,188.33,84.36,0,0
user_004,user_004_s12,0,10,172.97,93.84,0,0
user_004,user_004_s12,0,11,231.61,126.32,0,0
user_004,user_004_s12,0,12,226.44,95.52,0,1
user_004,user_004_s12,0,13,224.56,130.78,0,0
user_004,user_004_s12,0,14,40.0,91.11,0,0
user_004,user_004_s12,0,15,194.29,120.95,0,1
user_004,user_004_s12,0,16,185.23,71.4,0,0
user_004,user_004_s12,0,17,175.41,92.68,0,0
user_004,user_004_s12,0,18,201.03,88.72,1,0
user_004,user_004_s12,0,19,187.15,121.68,0,0
user_004,user_004_s12,0,20,203.73,100.18,0,0
user_004,user_004_s12,0,21,166.15,64.05,0,0
user_004,user_004_s12,0,22,236.33,76.42,0,0
user_004,user_004_s12,0,23,207.75,81.14,0,0
user_004,user_004_s12,0,24,198.35,112.08,0,0
user_004,user_004_s12,0,25,196.41,110.03,1,0
user_004,user_004_s12,0,26,222.78,92.46,0,0
user_004,user_004_s12,0,27,217.39,88.52,0,0
user_004,user_004_s12,0,28,172.32,108.62,0,0
user_004,user_004_s12,0,29,216.15,79.29,0,0
user_004,user_004_s12,0,30,183.71,104.51,0,0
user_004,user_004_s12,0,31,252.96,103.16,0,0
user_004,user_004_s12,0,32,220.41,92.87,0,0
user_004,user_004_s12,0,33,151.94,103.56,0,0
user_004,user_004_s12,0,34,269.41,98.86,0,0
user_004,user_004_s12,0,35,93.28,105.14,0,0
user_004,user_004_s12,0,36,202.12,76.04,0,0
user_004,user_004_s12,0,37,149.13,107.01,0,0
user_004,user_004_s12,0,38,251.58,113.55,1,0
user_004,user_004_s12,0,39,186.84,102.34,0,0
user_004,user_004_s13,1,0,266.15,177.93,1,0
user_004,user_004_s13,1,1,309.43,114.19,0,0
user_004,user_004_s13,1,2,342.02,158.45,0,0
user_004,user_004_s13,1,3,179.87,178.25,0,0
user_004,user_004_s13,1,4,181.74,140.42,0,0
user_004,user_004_s13,1,5,167.22,101.79,0,0
user_004,user_004_s13,1,6,1542.86,117.17,0,0
user_004,user_004_s13,1,7,1566.24,170.48,0,0
user_004,user_004_s13,1,8,1488.71,93.05,0,0
user_004,user_004_s13,1,9,1594.9,103.34,0,0
user_004,user_004_s13,1,10,268.67,170.3,0,0
user_004,user_004_s13,1,11,376.38,144.7,0,0
user_004,user_004_s13,1,12,446.4,128.74,1,0
user_004,user_004_s13,1,13,315.21,135.52,0,0
user_004,user_004_s13,1,14,218.01,102.61,0,0
user_004,user_004_s13,1,15,331.24,168.54,0,0
user_004,user_004_s13,1,16,277.52,125.01,0,0
user_004,user_004_s13,1,17,256.49,134.14,0,1
user_004,user_004_s13,1,18,204.11,163.89,0,0
user_004,user_004_s13,1,19,237.6,143.55,0,1
user_004,user_004_s13,1,20,1300.68,128.45,1,0
user_004,user_004_s13,1,21,344.51,85.13,0,0
user_004,user_004_s13,1,22,319.81,164.59,0,0
user_004,user_004_s13,1,23,430.61,154.87,0,0
user_004,user_004_s13,1,24,1076.04,134.76,0,1
user_004,user_004_s13,1,25,312.49,117.23,0,0
user_004,user_004_s13,1,26,250.92,152.63,0,0
user_004,user_004_s13,1,27,1514.85,168.4,0,0
user_004,user_004_s13,1,28,228.7,155.5,0,0
user_004,user_004_s13,1,29,217.74,207.43,0,0
user_004,user_004_s13,1,30,60.88,175.96,0,0
user_004,user_004_s13,1,31,191.72,148.59,0,0
user_004,user_004_s13,1,32,934.28,177.09,0,0
user_004,user_004_s13,1,33,307.8,153.84,0,0
user_004,user_004_s13,1,34,245.0,153.73,0,0
user_004,user_004_s13,1,35,310.32,195.91,0,0
user_004,user_004_s13,1,36,112.08,121.92,0,0
user_004,user_004_s13,1,37,300.51,152.99,0,0
user_004,user_004_s13,1,38,384.41,192.31,1,0
user_004,user_004_s13,1,39,266.52,162.62,0,0
user_005,user_005_s00,0,0,258.37,94.25,0,0
user_005,user_005_s00,0,1,157.7,80.37,0,0
user_005,user_005_s00,0,2,869.89,83.16,0,0
user_005,user_005_s00,0,3,206.59,120.68,0,0
user_005,user_005_s00,0,4,1299.71,88.48,0,0
user_005,user_005_s00,0,5,157.8,85.61,0,0
user_005,user_005_s00,0,6,210.64,89.02,0,0
user_005,user_005_s00,0,7,189.59,100.68,0,0
user_005,user_005_s00,0,8,181.11,73.12,0,0
user_005,user_005_s00,0,9,161.33,100.17,0,0
user_005,user_005_s00,0,10,151.74,97.0,0,0
user_005,user_005_s00,0,11,896.27,59.15,0,0
user_005,user_005_s00,0,12,152.18,125.48,0,0
user_005,user_005_s00,0,13,224.74,119.31,0,0
user_005,user_005_s00,0,14,119.29,77.44,0,0
user_005,user_005_s00,0,15,234.11,71.48,0,0
user_005,user_005_s00,0,16,189.6,96.49,0,0
user_005,user_005_s00,0,17,122.93,65.87,0,0
user_005,user_005_s00,0,18,191.31,117.52,0,0
user_005,user_005_s00,0,19,137.65,83.59,0,0
user_005,user_005_s00,0,20,169.3,122.29,0,0
user_005,user_005_s00,0,21,145.23,77.0,0,0
user_005,user_005_s00,0,22,161.6,90.19,0,0
user_005,user_005_s00,0,23,211.32,115.72,0,0
user_005,user_005_s00,0,24,191.75,86.28,0,0
user_005,user_005_s00,0,25,115.67,97.3,0,0
user_005,user_005_s00,0,26,118.32,112.49,0,0
user_005,user_005_s00,0,27,180.28,81.97,0,0
user_005,user_005_s00,0,28,183.64,68.9,0,0
user_005,user_005_s00,0,29,136.54,65.26,0,0
user_005,user_005_s00,0,30,241.4,103.06,0,0
user_005,user_005_s00,0,31,205.4,99.46,0,0
user_005,user_005_s00,0,32,138.8,111.92,0,0
user_005,user_005_s00,0,33,134.32,87.19,0,0
user_005,user_005_s00,0,34,157.21,65.78,0,0
user_005,user_005_s00,0,35,152.39,48.71,0,1
user_005,user_005_s00,0,36,225.89,145.36,1,0
user_005,user_005_s00,0,37,213.32,102.02,0,0
user_005,user_005_s00,0,38,169.38,94.8,0,0
user_005,user_005_s00,0,39,199.13,97.42,0,0
user_005,user_005_s01,0,0,219.85,94.32,0,0
user_005,user_005_s01,0,1,208.35,115.48,0,0
user_005,user_005_s01,0,2,274.09,97.22,0,0
user_005,user_005_s01,0,3,224.81,97.73,0,0
user_005,user_005_s01,0,4,139.69,64.62,0,0
user_005,user_005_s01,0,5,194.97,78.6,0,0
user_005,user_005_s01,0,6,147.4,115.55,0,0
user_005,user_005_s01,0,7,152.18,56.84,0,0
user_005,user_005_s01,0,8,107.83,120.12,0,1
user_005,user_005_s01,0,9,1117.93,104.51,0,0
user_005,user_005_s01,0,10,198.43,81.42,0,0
user_005,user_005_s01,0,11,170.15,79.86,0,0
user_005,user_005_s01,0,12,122.32,130.36,0,0
user_005,user_005_s01,0,13,102.71,121.39,0,0
user_005,user_005_s01,0,14,270.94,93.05,0,0
user_005,user_005_s01,0,15,188.25,97.75,0,0
user_005,user_005_s01,0,16,135.06,83.3,0,0
user_005,user_005_s01,0,17,194.58,97.76,0,0
user_005,user_005_s01,0,18,274.52,82.79,0,0
user_005,user_005_s01,0,19,201.92,93.81,0,0
user_005,user_005_s01,0,20,44.21,128.78,0,0
user_005,user_005_s01,0,21,295.96,93.49,0,0
user_005,user_005_s01,0,22,87.61,75.86,0,0
user_005,user_005_s01,0,23,163.67,69.97,0,0
user_005,user_005_s01,0,24,120.75,97.61,0,0
user_005,user_005_s01,0,25,138.95,81.17,0,0
user_005,user_005_s01,0,26,186.37,99.83,0,0
user_005,user_005_s01,0,27,77.35,65.28,0,0
user_005,user_005_s01,0,28,169.03,108.04,0,0
user_005,user_005_s01,0,29,226.3,75.63,0,0
user_005,user_005_s01,0,30,1298.08,96.12,0,0
user_005,user_005_s01,0,31,108.86,89.0,0,0
user_005,user_005_s01,0,32,166.75,127.07,0,0
user_005,user_005_s01,0,33,157.54,98.44,0,0
user_005,user_005_s01,0,34,145.65,131.28,0,0
user_005,user_005_s01,0,35,118.2,105.64,1,0
user_005,user_005_s01,0,36,197.23,121.65,0,0
user_005,user_005_s01,0,37,200.75,91.4,0,0
user_005,user_005_s01,0,38,123.88,101.66,0,0
user_005,user_005_s01,0,39,130.29,117.82,0,0
user_005,user_005_s02,0,0,191.63,109.32,0,0
user_005,user_005_s02,0,1,162.42,85.89,0,0
user_005,user_005_s02,0,2,275.27,118.92,0,0
user_005,user_005_s02,0,3,174.44,116.0,0,0
user_005,user_005_s02,0,4,114.38,130.22,0,0
user_005,user_005_s02,0,5,154.39,136.43,0,0
user_005,user_005_s02,0,6,130.98,109.89,0,0
user_005,user_005_s02,0,7,105.37,81.05,0,0
user_005,user_005_s02,0,8,171.88,136.59,0,0
user_005,user_005_s02,0,9,185.43,84.92,0,0
user_005,user_005_s02,0,10,243.31,110.03,0,0
user_005,user_005_s02,0,11,217.81,99.02,0,0
user_005,user_005_s02,0,12,215.7,95.8,0,0
user_005,user_005_s02,0,13,147.34,117.92,0,0
user_005,user_005_s02,0,14,229.63,108.3,0,0
user_005,user_005_s02,0,15,253.07,113.27,0,0
user_005,user_005_s02,0,16,206.94,88.67,0,0
user_005,user_005_s02,0,17,208.23,100.55,0,0
user_005,user_005_s02,0,18,130.14,89.53,0,0
user_005,user_005_s02,0,19,237.48,100.09,0,0
user_005,user_005_s02,0,20,271.1,101.57,0,0
user_005,user_005_s02,0,21,203.62,137.92,0,0
user_005,user_005_s02,0,22,161.17,98.97,0,0
user_005,user_005_s02,0,23,181.18,64.42,0,0
user_005,user_005_s02,0,24,169.22,129.6,0,0
user_005,user_005_s02,0,25,171.99,112.09,0,0
user_005,user_005_s02,0,26,218.67,101.35,0,0
user_005,user_005_s02,0,27,948.44,95.68,0,0
user_005,user_005_s02,0,28,235.14,86.24,0,0
user_005,user_005_s02,0,29,205.84,139.65,0,0
user_005,user_005_s02,0,30,148.68,104.73,0,0
user_005,user_005_s02,0,31,165.5,71.6,0,0
user_005,user_005_s02,0,32,162.63,109.84,0,0
user_005,user_005_s02,0,33,180.05,126.1,0,0
user_005,user_005_s02,0,34,271.74,106.67,1,0
user_005,user_005_s02,0,35,279.16,87.08,0,0
user_005,user_005_s02,0,36,227.4,85.42,0,0
user_005,user_005_s02,0,37,194.17,86.79,0,0
user_005,user_005_s02,0,38,125.66,131.94,0,0
user_005,user_005_s02,0,39,198.86,102.45,0,0
user_005,user_005_s03,0,0,123.09,69.26,0,0
user_005,user_005_s03,0,1,107.12,120.42,0,0
user_005,user_005_s03,0,2,144.95,116.74,0,0
user_005,user_005_s03,0,3,170.8,83.36,0,0
user_005,user_005_s03,0,4,219.29,83.67,0,0
user_005,user_005_s03,0,5,179.1,73.93,0,0
user_005,user_005_s03,0,6,219.42,74.14,0,0
user_005,user_005_s03,0,7,97.01,90.97,0,0
user_005,user_005_s03,0,8,145.39,91.37,0,0
user_005,user_005_s03,0,9,198.33,61.32,0,0
user_005,user_005_s03,0,10,181.31,133.44,0,0
user_005,user_005_s03,0,11,125.57,86.18,0,0
user_005,user_005_s03,0,12,208.66,92.2,0,0
user_005,user_005_s03,0,13,140.84,79.39,0,0
user_005,user_005_s03,0,14,129.45,86.04,0,0
user_005,user_005_s03,0,15,187.96,84.36,0,0
user_005,user_005_s03,0,16,165.71,90.93,0,0
user_005,user_005_s03,0,17,141.22,90.71,0,0
user_005,user_005_s03,0,18,139.65,105.89,0,0
user_005,user_005_s03,0,19,115.91,95.19,0,0
user_005,user_005_s03,0,20,147.11,104.02,0,0
user_005,user_005_s03,0,21,216.34,90.8,0,0
user_005,user_005_s03,0,22,176.75,95.27,1,0
user_005,user_005_s03,0,23,209.79,86.52,0,0
user_005,user_005_s03,0,24,189.31,109.56,0,0
user_005,user_005_s03,0,25,137.09,96.96,1,0
user_005,user_005_s03,0,26,89.1,88.06,0,0
user_005,user_005_s03,0,27,1112.37,87.51,0,0
user_005,user_005_s03,0,28,134.36,88.96,0,0
user_005,user_005_s03,0,29,130.78,91.55,0,0
user_005,user_005_s03,0,30,210.83,89.94,0,0
user_005,user_005_s03,0,31,210.35,80.64,0,0
user_005,user_005_s03,0,32,267.8,105.15,0,0
user_005,user_005_s03,0,33,130.08,106.32,0,0
user_005,user_005_s03,0,34,239.36,124.01,0,0
user_005,user_005_s03,0,35,239.08,79.81,0,0
user_005,user_005_s03,0,36,154.68,103.32,0,0
user_005,user_005_s03,0,37,187.34,55.64,0,0
user_005,user_005_s03,0,38,222.85,106.33,0,0
user_005,user_005_s03,0,39,162.7,64.02,0,0
user_005,user_005_s04,1,0,114.12,93.71,0,0
user_005,user_005_s04,1,1,179.87,169.22,0,0
user_005,user_005_s04,1,2,160.37,70.03,0,1
user_005,user_005_s04,1,3,301.24,148.66,0,0
user_005,user_005_s04,1,4,201.02,237.96,0,0
user_005,user_005_s04,1,5,326.4,179.89,0,0
user_005,user_005_s04,1,6,1391.64,124.95,0,0
user_005,user_005_s04,1,7,211.94,155.12,0,0
user_005,user_005_s04,1,8,157.16,62.39,0,0
user_005,user_005_s04,1,9,89.51,53.91,0,0
user_005,user_005_s04,1,10,210.05,120.59,0,0
user_005,user_005_s04,1,11,397.38,135.98,0,0
user_005,user_005_s04,1,12,769.21,164.94,0,0
user_005,user_005_s04,1,13,203.81,95.72,0,0
user_005,user_005_s04,1,14,80.54,127.44,1,0
user_005,user_005_s04,1,15,65.25,126.01,0,0
user_005,user_005_s04,1,16,135.16,113.92,1,0
user_005,user_005_s04,1,17,170.26,116.38,0,0
user_005,user_005_s04,1,18,174.88,83.82,1,0
user_005,user_005_s04,1,19,763.79,131.03,0,0
user_005,user_005_s04,1,20,45.57,127.51,0,0
user_005,user_005_s04,1,21,151.95,101.08,0,1
user_005,user_005_s04,1,22,269.28,147.1,0,0
user_005,user_005_s04,1,23,75.75,162.17,0,0
user_005,user_005_s04,1,24,938.75,147.58,0,0
user_005,user_005_s04,1,25,247.54,76.01,0,0
user_005,user_005_s04,1,26,135.68,123.54,0,0
user_005,user_005_s04,1,27,252.61,81.46,0,0
user_005,user_005_s04,1,28,58.81,123.41,0,0
user_005,user_005_s04,1,29,309.52,81.62,0,0
user_005,user_005_s04,1,30,255.14,172.55,0,0
user_005,user_005_s04,1,31,222.87,151.99,1,0
user_005,user_005_s04,1,32,334.11,167.38,0,0
user_005,user_005_s04,1,33,182.81,163.16,0,0
user_005,user_005_s04,1,34,152.79,108.13,0,0
user_005,user_005_s04,1,35,359.88,101.68,1,0
user_005,user_005_s04,1,36,408.6,191.88,0,0
user_005,user_005_s04,1,37,144.93,112.52,0,0
user_005,user_005_s04,1,38,205.24,63.02,0,0
user_005,user_005_s04,1,39,325.81,161.32,0,0
user_005,user_005_s05,0,0,201.34,127.11,0,0
user_005,user_005_s05,0,1,200.88,95.0,0,1
user_005,user_005_s05,0,2,134.05,73.74,0,0
user_005,user_005_s05,0,3,214.34,116.43,0,0
user_005,user_005_s05,0,4,184.67,118.45,0,0
user_005,user_005_s05,0,5,152.74,99.37,0,0
user_005,user_005_s05,0,6,183.7,90.51,0,0
user_005,user_005_s05,0,7,188.8,106.6,0,0
user_005,user_005_s05,0,8,222.92,91.16,0,0
user_005,user_005_s05,0,9,124.44,57.01,0,0
user_005,user_005_s05,0,10,234.18,105.5,0,0
user_005,user_005_s05,0,11,173.93,111.59,0,0
user_005,user_005_s05,0,12,149.43,121.75,0,0
user_005,user_005_s05,0,13,148.01,81.54,0,1
user_005,user_005_s05,0,14,126.51,99.26,0,0
user_005,user_005_s05,0,15,92.28,99.66,0,0
user_005,user_005_s05,0,16,204.21,96.65,0,0
user_005,user_005_s05,0,17,264.54,97.2,0,0
user_005,user_005_s05,0,18,97.99,95.76,0,0
user_005,user_005_s05,0,19,128.87,98.99,0,0
user_005,user_005_s05,0,20,207.64,108.78,0,0
user_005,user_005_s05,0,21,719.72,117.66,1,0
user_005,user_005_s05,0,22,211.47,81.07,0,0
user_005,user_005_s05,0,23,168.15,91.88,0,0
user_005,user_005_s05,0,24,145.98,87.25,0,0
user_005,user_005_s05,0,25,968.09,84.6,0,1
user_005,user_005_s05,0,26,973.03,65.15,1,0
user_005,user_005_s05,0,27,119.93,95.52,0,0
user_005,user_005_s05,0,28,216.74,103.94,0,0
user_005,user_005_s05,0,29,228.02,92.2,0,0
user_005,user_005_s05,0,30,237.94,94.9,0,0
user_005,user_005_s05,0,31,193.26,102.82,0,0
user_005,user_005_s05,0,32,68.44,121.19,0,0
user_005,user_005_s05,0,33,575.17,87.3,0,0
user_005,user_005_s05,0,34,234.16,73.38,0,0
user_005,user_005_s05,0,35,247.97,93.4,0,0
user_005,user_005_s05,0,36,235.92,129.94,0,0
user_005,user_005_s05,0,37,161.92,73.58,0,0
user_005,user_005_s05,0,38,112.38,107.11,0,0
user_005,user_005_s05,0,39,170.97,116.51,0,0
user_005,user_005_s06,1,0,40.0,80.5,0,0
user_005,user_005_s06,1,1,140.72,115.77,0,0
user_005,user_005_s06,1,2,361.1,98.26,0,0
user_005,user_005_s06,1,3,236.89,207.2,0,0
user_005,user_005_s06,1,4,968.29,103.18,1,0
user_005,user_005_s06,1,5,386.58,90.73,0,0
user_005,user_005_s06,1,6,181.64,155.35,0,0
user_005,user_005_s06,1,7,330.02,215.92,0,1
user_005,user_005_s06,1,8,193.14,140.01,0,0
user_005,user_005_s06,1,9,324.06,143.27,0,0
user_005,user_005_s06,1,10,222.28,199.24,0,0
user_005,user_005_s06,1,11,238.02,181.87,0,0
user_005,user_005_s06,1,12,349.77,162.81,1,0
user_005,user_005_s06,1,13,342.18,120.38,0,0
user_005,user_005_s06,1,14,246.03,164.09,0,1
user_005,user_005_s06,1,15,1130.77,87.6,0,0
user_005,user_005_s06,1,16,431.77,118.64,0,0
user_005,user_005_s06,1,17,1331.92,205.17,0,0
user_005,user_005_s06,1,18,222.27,199.71,0,0
user_005,user_005_s06,1,19,194.7,163.32,1,0
user_005,user_005_s06,1,20,371.33,63.66,0,0
user_005,user_005_s06,1,21,275.59,94.02,1,0
user_005,user_005_s06,1,22,246.23,116.29,0,0
user_005,user_005_s06,1,23,275.55,137.67,0,0
user_005,user_005_s06,1,24,299.0,92.25,0,1
user_005,user_005_s06,1,25,257.48,134.52,0,0
user_005,user_005_s06,1,26,1157.79,219.31,0,0
user_005,user_005_s06,1,27,1411.59,161.77,0,1
user_005,user_005_s06,1,28,319.43,154.11,0,0
user_005,user_005_s06,1,29,408.15,102.05,0,0
user_005,user_005_s06,1,30,264.34,75.89,1,0
user_005,user_005_s06,1,31,336.11,93.18,0,0
user_005,user_005_s06,1,32,369.18,74.19,0,0
user_005,user_005_s06,1,33,1204.84,148.05,0,0
user_005,user_005_s06,1,34,359.86,161.06,0,0
user_005,user_005_s06,1,35,329.89,104.25,0,0
user_005,user_005_s06,1,36,469.45,151.12,0,0
user_005,user_005_s06,1,37,1484.71,206.75,1,0
user_005,user_005_s06,1,38,247.11,227.32,0,1
user_005,user_005_s06,1,39,240.87,177.33,0,0
user_005,user_005_s07,0,0,160.87,62.14,0,0
user_005,user_005_s07,0,1,117.0,102.82,0,0
user_005,user_005_s07,0,2,108.02,84.92,0,1
user_005,user_005_s07,0,3,128.56,125.5,0,0
user_005,user_005_s07,0,4,105.65,98.26,0,0
user_005,user_005_s07,0,5,185.58,101.99,0,0
user_005,user_005_s07,0,6,149.73,82.15,0,0
user_005,user_005_s07,0,7,195.24,66.43,0,0
user_005,user_005_s07,0,8,136.98,70.46,0,0
user_005,user_005_s07,0,9,138.73,61.28,0,0
user_005,user_005_s07,0,10,244.21,103.48,0,0
user_005,user_005_s07,0,11,82.39,79.5,0,0
user_005,user_005_s07,0,12,216.96,104.26,0,0
user_005,user_005_s07,0,13,234.08,89.15,0,0
user_005,user_005_s07,0,14,192.95,81.21,0,0
user_005,user_005_s07,0,15,142.21,64.98,1,0
user_005,user_005_s07,0,16,223.55,92.21,0,0
user_005,user_005_s07,0,17,142.61,82.58,0,0
user_005,user_005_s07,0,18,124.84,103.33,0,0
user_005,user_005_s07,0,19,139.54,73.38,0,0
user_005,user_005_s07,0,20,131.12,98.03,0,0
user_005,user_005_s07,0,21,113.69,117.01,0,0
user_005,user_005_s07,0,22,208.88,91.67,0,0
user_005,user_005_s07,0,23,121.71,101.17,0,0
user_005,user_005_s07,0,24,156.13,97.22,0,0
user_005,user_005_s07,0,25,1321.64,121.77,0,0
user_005,user_005_s07,0,26,158.93,93.51,0,0
user_005,user_005_s07,0,27,104.01,99.59,0,0
user_005,user_005_s07,0,28,102.87,85.96,0,0
user_005,user_005_s07,0,29,152.45,72.29,0,0
user_005,user_005_s07,0,30,206.43,64.26,0,0
user_005,user_005_s07,0,31,177.89,110.08,0,0
user_005,user_005_s07,0,32,181.07,67.96,0,0
user_005,user_005_s07,0,33,151.49,100.44,0,0
user_005,user_005_s07,0,34,141.97,94.33,0,0
user_005,user_005_s07,0,35,194.12,103.62,0,0
user_005,user_005_s07,0,36,131.44,77.1,0,0
user_005,user_005_s07,0,37,196.13,71.99,0,0
user_005,user_005_s07,0,38,214.71,93.63,0,0
user_005,user_005_s07,0,39,118.57,81.22,0,0
user_005,user_005_s08,0,0,273.28,133.55,0,0
user_005,user_005_s08,0,1,204.41,69.61,0,0
user_005,user_005_s08,0,2,128.19,69.65,0,0
user_005,user_005_s08,0,3,173.1,40.42,0,0
user_005,user_005_s08,0,4,162.82,110.43,0,0
user_005,user_005_s08,0,5,158.28,105.58,0,0
user_005,user_005_s08,0,6,93.18,95.24,0,0
user_005,user_005_s08,0,7,187.78,70.73,0,0
user_005,user_005_s08,0,8,105.74,91.78,0,0
user_005,user_005_s08,0,9,52.99,96.85,0,0
user_005,user_005_s08,0,10,153.95,107.92,0,0
user_005,user_005_s08,0,11,134.89,98.48,0,0
user_005,user_005_s08,0,12,130.0,105.72,0,0
user_005,user_005_s08,0,13,40.0,91.13,0,0
user_005,user_005_s08,0,14,130.49,115.3,0,0
user_005,user_005_s08,0,15,161.84,105.13,0,0
user_005,user_005_s08,0,16,966.13,71.46,0,0
user_005,user_005_s08,0,17,187.8,119.15,0,0
user_005,user_005_s08,0,18,234.33,116.12,0,0
user_005,user_005_s08,0,19,193.77,102.05,0,0
user_005,user_005_s08,0,20,1601.3,98.63,0,0
user_005,user_005_s08,0,21,221.21,124.14,0,0
user_005,user_005_s08,0,22,122.72,63.19,0,0
user_005,user_005_s08,0,23,190.2,116.41,0,0
user_005,user_005_s08,0,24,215.93,84.61,0,0
user_005,user_005_s08,0,25,149.7,113.71,0,0
user_005,user_005_s08,0,26,133.28,95.66,0,0
user_005,user_005_s08,0,27,194.42,70.42,0,0
user_005,user_005_s08,0,28,101.3,84.24,0,1
user_005,user_005_s08,0,29,119.52,112.35,0,0
user_005,user_005_s08,0,30,139.01,89.54,0,0
user_005,user_005_s08,0,31,190.73,81.93,0,0
user_005,user_005_s08,0,32,180.01,81.8,0,0
user_005,user_005_s08,0,33,217.66,105.32,0,0
user_005,user_005_s08,0,34,127.21,125.84,0,0
user_005,user_005_s08,0,35,124.73,53.8,0,1
user_005,user_005_s08,0,36,194.12,145.28,0,0
user_005,user_005_s08,0,37,132.91,97.2,0,0
user_005,user_005_s08,0,38,141.94,104.17,0,0
user_005,user_005_s08,0,39,83.94,85.35,0,0
user_005,user_005_s09,0,0,177.58,83.24,0,0
user_005,user_005_s09,0,1,122.07,108.68,0,0
user_005,user_005_s09,0,2,168.16,94.9,0,0
user_005,user_005_s09,0,3,161.07,85.24,0,0
user_005,user_005_s09,0,4,254.66,88.0,0,0
user_005,user_005_s09,0,5,123.89,79.41,0,0
user_005,user_005_s09,0,6,188.35,110.66,0,0
user_005,user_005_s09,0,7,122.52,75.74,0,0
user_005,user_005_s09,0,8,147.19,90.21,0,0
user_005,user_005_s09,0,9,185.82,101.55,0,0
user_005,user_005_s09,0,10,163.22,125.02,0,0
user_005,user_005_s09,0,11,172.73,94.98,0,0
user_005,user_005_s09,0,12,188.41,90.66,0,0
user_005,user_005_s09,0,13,150.16,100.22,0,0
user_005,user_005_s09,0,14,213.93,56.77,0,0
user_005,user_005_s09,0,15,158.87,72.96,0,0
user_005,user_005_s09,0,16,168.49,88.2,0,0
user_005,user_005_s09,0,17,189.73,81.95,0,0
user_005,user_005_s09,0,18,183.51,65.52,0,0
user_005,user_005_s09,0,19,202.82,111.03,0,0
user_005,user_005_s09,0,20,187.68,99.96,0,0
user_005,user_005_s09,0,21,194.71,97.75,0,0
user_005,user_005_s09,0,22,157.95,82.31,0,0
user_005,user_005_s09,0,23,123.54,96.62,0,0
user_005,user_005_s09,0,24,106.93,104.68,0,0
user_005,user_005_s09,0,25,95.68,90.25,0,0
user_005,user_005_s09,0,26,254.59,103.38,0,0
user_005,user_005_s09,0,27,70.59,80.42,0,0
user_005,user_005_s09,0,28,228.26,96.96,0,0
user_005,user_005_s09,0,29,135.01,116.3,0,0
user_005,user_005_s09,0,30,227.92,117.96,0,0
user_005,user_005_s09,0,31,71.07,119.73,0,0
user_005,user_005_s09,0,32,162.13,100.44,0,0
user_005,user_005_s09,0,33,1100.61,95.74,0,0
user_005,user_005_s09,0,34,206.02,86.85,0,0
user_005,user_005_s09,0,35,157.4,61.69,0,0
user_005,user_005_s09,0,36,83.08,70.26,0,0
user_005,user_005_s09,0,37,111.8,92.04,0,0
user_005,user_005_s09,0,38,237.3,93.15,0,0
user_005,user_005_s09,0,39,156.89,121.3,0,0
user_005,user_005_s10,0,0,177.07,85.86,0,0
user_005,user_005_s10,0,1,183.98,88.85,0,0
user_005,user_005_s10,0,2,170.73,72.91,0,0
user_005,user_005_s10,0,3,121.46,73.46,0,0
user_005,user_005_s10,0,4,197.11,113.38,0,0
user_005,user_005_s10,0,5,164.74,137.37,0,0
user_005,user_005_s10,0,6,117.8,84.84,0,0
user_005,user_005_s10,0,7,199.93,101.77,0,0
user_005,user_005_s10,0,8,153.65,99.42,0,0
user_005,user_005_s10,0,9,183.88,113.86,0,0
user_005,user_005_s10,0,10,714.35,136.42,0,0
user_005,user_005_s10,0,11,214.61,123.5,0,0
user_005,user_005_s10,0,12,183.54,90.93,0,0
user_005,user_005_s10,0,13,132.45,105.13,0,0
user_005,user_005_s10,0,14,188.26,106.97,0,0
user_005,user_005_s10,0,15,189.77,94.97,0,0
user_005,user_005_s10,0,16,197.02,75.06,0,0
user_005,user_005_s10,0,17,221.3,80.56,0,0
user_005,user_005_s10,0,18,144.85,116.6,0,0
user_005,user_005_s10,0,19,204.27,118.51,0,0
user_005,user_005_s10,0,20,93.53,91.5,0,0
user_005,user_005_s10,0,21,167.8,100.18,0,0
user_005,user_005_s10,0,22,160.64,117.51,0,0
user_005,user_005_s10,0,23,240.37,63.79,0,0
user_005,user_005_s10,0,24,166.12,87.08,0,0
user_005,user_005_s10,0,25,201.49,132.7,0,0
user_005,user_005_s10,0,26,908.6,100.89,0,0
user_005,user_005_s10,0,27,157.07,74.44,0,0
user_005,user_005_s10,0,28,134.18,97.52,0,0
user_005,user_005_s10,0,29,287.93,114.26,0,0
user_005,user_005_s10,0,30,142.49,48.2,0,0
user_005,user_005_s10,0,31,1007.72,98.61,0,0
user_005,user_005_s10,0,32,941.33,88.45,0,0
user_005,user_005_s10,0,33,99.79,64.95,0,0
user_005,user_005_s10,0,34,1044.6,96.86,0,0
user_005,user_005_s10,0,35,192.09,92.82,0,0
user_005,user_005_s10,0,36,177.32,94.9,0,0
user_005,user_005_s10,0,37,66.88,88.9,0,0
user_005,user_005_s10,0,38,147.11,76.44,0,0
user_005,user_005_s10,0,39,220.6,68.41,0,0
user_005,user_005_s11,1,0,482.92,114.71,0,0
user_005,user_005_s11,1,1,240.9,153.04,0,0
user_005,user_005_s11,1,2,832.36,161.45,0,0
user_005,user_005_s11,1,3,300.79,167.06,0,0
user_005,user_005_s11,1,4,279.42,133.83,0,0
user_005,user_005_s11,1,5,402.12,149.85,1,0
user_005,user_005_s11,1,6,182.06,126.88,0,0
user_005,user_005_s11,1,7,324.93,61.39,0,0
user_005,user_005_s11,1,8,260.55,124.9,0,0
user_005,user_005_s11,1,9,345.67,118.27,0,0
user_005,user_005_s11,1,10,221.07,90.65,0,1
user_005,user_005_s11,1,11,206.98,110.28,0,0
user_005,user_005_s11,1,12,319.59,139.51,1,0
user_005,user_005_s11,1,13,280.68,86.73,0,0
user_005,user_005_s11,1,14,158.1,104.31,0,0
user_005,user_005_s11,1,15,383.42,198.3,0,0
user_005,user_005_s11,1,16,319.64,67.2,0,0
user_005,user_005_s11,1,17,235.71,126.27,0,0
user_005,user_005_s11,1,18,194.72,85.36,0,0
user_005,user_005_s11,1,19,936.06,102.61,0,0
user_005,user_005_s11,1,20,312.14,125.66,0,0
user_005,user_005_s11,1,21,77.6,92.79,0,0
user_005,user_005_s11,1,22,786.62,157.77,0,0
user_005,user_005_s11,1,23,311.32,190.11,0,0
user_005,user_005_s11,1,24,40.0,168.91,0,0
user_005,user_005_s11,1,25,263.84,176.53,0,0
user_005,user_005_s11,1,26,315.69,76.47,0,0
user_005,user_005_s11,1,27,864.05,123.77,0,0
user_005,user_005_s11,1,28,326.91,153.34,0,0
user_005,user_005_s11,1,29,209.36,170.14,1,0
user_005,user_005_s11,1,30,135.25,206.85,0,0
user_005,user_005_s11,1,31,56.2,178.37,0,0
user_005,user_005_s11,1,32,357.06,171.19,0,0
user_005,user_005_s11,1,33,316.57,243.48,0,0
user_005,user_005_s11,1,34,364.99,137.9,0,0
user_005,user_005_s11,1,35,168.0,121.86,0,0
user_005,user_005_s11,1,36,327.06,141.27,0,0
user_005,user_005_s11,1,37,87.11,95.81,0,0
user_005,user_005_s11,1,38,152.98,136.7,0,0
user_005,user_005_s11,1,39,256.54,62.03,0,1
user_005,user_005_s12,0,0,172.31,74.77,0,0
user_005,user_005_s12,0,1,156.41,97.58,0,0
user_005,user_005_s12,0,2,178.35,112.21,0,0
user_005,user_005_s12,0,3,1238.91,124.45,0,0
user_005,user_005_s12,0,4,261.68,97.08,0,0
user_005,user_005_s12,0,5,156.41,112.06,0,0
user_005,user_005_s12,0,6,194.44,70.05,0,0
user_005,user_005_s12,0,7,137.11,91.78,0,0
user_005,user_005_s12,0,8,211.26,86.24,0,0
user_005,user_005_s12,0,9,889.85,98.78,0,0
user_005,user_005_s12,0,10,187.48,122.27,1,0
user_005,user_005_s12,0,11,120.53,97.07,0,0
user_005,user_005_s12,0,12,133.25,75.08,0,0
user_005,user_005_s12,0,13,1127.82,69.05,0,0
user_005,user_005_s12,0,14,132.74,122.91,0,0
user_005,user_005_s12,0,15,197.74,101.95,0,0
user_005,user_005_s12,0,16,124.35,100.74,0,0
user_005,user_005_s12,0,17,214.75,86.08,0,0
user_005,user_005_s12,0,18,136.31,97.4,0,0
user_005,user_005_s12,0,19,123.5,74.17,0,0
user_005,user_005_s12,0,20,135.11,99.61,0,0
user_005,user_005_s12,0,21,142.44,70.69,0,0
user_005,user_005_s12,0,22,186.81,85.79,0,0
user_005,user_005_s12,0,23,171.29,80.54,0,0
user_005,user_005_s12,0,24,117.39,32.14,0,0
user_005,user_005_s12,0,25,166.78,86.02,0,0
user_005,user_005_s12,0,26,115.15,75.8,0,0
user_005,user_005_s12,0,27,197.86,88.55,0,0
user_005,user_005_s12,0,28,206.35,92.47,0,0
user_005,user_005_s12,0,29,166.97,125.17,0,0
user_005,user_005_s12,0,30,180.65,98.08,0,0
user_005,user_005_s12,0,31,849.73,98.63,0,0
user_005,user_005_s12,0,32,160.78,101.62,0,0
user_005,user_005_s12,0,33,124.37,108.58,0,0
user_005,user_005_s12,0,34,194.88,100.85,0,0
user_005,user_005_s12,0,35,115.65,97.66,0,0
user_005,user_005_s12,0,36,158.33,105.61,0,0
user_005,user_005_s12,0,37,1368.45,47.52,0,0
user_005,user_005_s12,0,38,135.59,131.12,0,0
user_005,user_005_s12,0,39,156.5,121.87,0,0
user_005,user_005_s13,0,0,82.73,67.29,0,0
user_005,user_005_s13,0,1,202.1,124.39,0,0
user_005,user_005_s13,0,2,100.22,107.45,0,1
user_005,user_005_s13,0,3,235.48,93.64,0,0
user_005,user_005_s13,0,4,182.47,103.23,0,0
user_005,user_005_s13,0,5,151.37,103.66,0,0
user_005,user_005_s13,0,6,218.64,91.3,0,0
user_005,user_005_s13,0,7,189.18,121.44,0,0
user_005,user_005_s13,0,8,234.14,120.81,0,0
user_005,user_005_s13,0,9,176.54,97.93,0,0
user_005,user_005_s13,0,10,179.24,83.94,0,0
user_005,user_005_s13,0,11,159.61,119.23,0,0
user_005,user_005_s13,0,12,184.99,57.61,0,0
user_005,user_005_s13,0,13,251.4,103.27,1,0
user_005,user_005_s13,0,14,149.55,108.74,0,0
user_005,user_005_s13,0,15,202.81,79.71,0,0
user_005,user_005_s13,0,16,132.07,113.08,0,0
user_005,user_005_s13,0,17,595.74,94.56,0,0
user_005,user_005_s13,0,18,182.42,84.95,0,0
user_005,user_005_s13,0,19,189.96,112.88,0,0
user_005,user_005_s13,0,20,167.72,74.95,0,1
user_005,user_005_s13,0,21,103.58,111.14,0,0
user_005,user_005_s13,0,22,186.9,58.35,0,0
user_005,user_005_s13,0,23,185.14,100.34,0,0
user_005,user_005_s13,0,24,131.68,95.86,0,0
user_005,user_005_s13,0,25,110.17,85.06,0,0
user_005,user_005_s13,0,26,161.14,102.26,0,0
user_005,user_005_s13,0,27,203.04,93.58,1,0
user_005,user_005_s13,0,28,192.1,114.57,0,0
user_005,user_005_s13,0,29,132.05,105.42,0,0
user_005,user_005_s13,0,30,179.15,103.43,0,0
user_005,user_005_s13,0,31,213.88,100.45,0,0
user_005,user_005_s13,0,32,118.54,86.31,0,0
user_005,user_005_s13,0,33,175.74,89.46,0,0
user_005,user_005_s13,0,34,234.82,99.64,0,0
user_005,user_005_s13,0,35,113.81,91.84,0,0
user_005,user_005_s13,0,36,226.3,115.63,0,0
user_005,user_005_s13,0,37,247.76,96.78,1,0
user_005,user_005_s13,0,38,162.53,102.01,0,0
user_005,user_005_s13,0,39,156.94,69.08,0,0
user_006,user_006_s00,0,0,259.4,114.33,0,0
user_006,user_006_s00,0,1,209.54,87.22,0,0
user_006,user_006_s00,0,2,277.05,104.06,0,0
user_006,user_006_s00,0,3,189.98,124.38,0,0
user_006,user_006_s00,0,4,223.34,122.23,0,0
user_006,user_006_s00,0,5,173.34,118.88,0,0
user_006,user_006_s00,0,6,278.69,111.87,0,0
user_006,user_006_s00,0,7,160.83,131.7,0,0
user_006,user_006_s00,0,8,167.81,112.26,0,0
user_006,user_006_s00,0,9,194.99,123.17,0,0
user_006,user_006_s00,0,10,731.88,121.66,0,1
user_006,user_006_s00,0,11,248.61,114.05,0,0
user_006,user_006_s00,0,12,220.52,107.13,0,0
user_006,user_006_s00,0,13,250.77,113.25,0,0
user_006,user_006_s00,0,14,212.51,144.3,0,0
user_006,user_006_s00,0,15,230.65,134.03,0,0
user_006,user_006_s00,0,16,272.12,132.79,0,0
user_006,user_006_s00,0,17,208.08,108.41,0,0
user_006,user_006_s00,0,18,190.55,99.62,0,0
user_006,user_006_s00,0,19,232.27,133.82,0,0
user_006,user_006_s00,0,20,241.37,131.23,0,0
user_006,user_006_s00,0,21,220.13,120.87,0,0
user_006,user_006_s00,0,22,250.25,114.02,0,0
user_006,user_006_s00,0,23,209.61,99.27,0,0
user_006,user_006_s00,0,24,220.7,130.72,0,0
user_006,user_006_s00,0,25,229.04,135.03,0,0
user_006,user_006_s00,0,26,226.1,109.86,0,0
user_006,user_006_s00,0,27,270.82,108.73,0,0
user_006,user_006_s00,0,28,228.87,135.77,0,0
user_006,user_006_s00,0,29,206.15,110.36,0,0
user_006,user_006_s00,0,30,234.21,143.03,0,0
user_006,user_006_s00,0,31,250.43,117.55,1,0
user_006,user_006_s00,0,32,242.52,113.8,0,0
user_006,user_006_s00,0,33,240.65,119.63,0,0
user_006,user_006_s00,0,34,165.87,113.8,0,0
user_006,user_006_s00,0,35,132.32,134.22,0,0
user_006,user_006_s00,0,36,259.42,130.97,0,0
user_006,user_006_s00,0,37,231.21,133.7,0,0
user_006,user_006_s00,0,38,215.67,121.51,0,0
user_006,user_006_s00,0,39,239.82,112.86,0,0
user_006,user_006_s01,0,0,179.4,123.79,0,0
user_006,user_006_s01,0,1,164.27,121.71,0,0
user_006,user_006_s01,0,2,185.53,127.02,0,0
user_006,user_006_s01,0,3,168.49,112.95,0,0
user_006,user_006_s01,0,4,194.11,126.18,0,0
user_006,user_006_s01,0,5,144.9,102.31,0,0
user_006,user_006_s01,0,6,219.89,105.22,0,0
user_006,user_006_s01,0,7,177.1,124.05,0,0
user_006,user_006_s01,0,8,208.92,119.31,0,0
user_006,user_006_s01,0,9,226.16,104.01,0,0
user_006,user_006_s01,0,10,207.29,93.81,0,0
user_006,user_006_s01,0,11,223.19,105.17,0,0
user_006,user_006_s01,0,12,126.52,98.69,0,0
user_006,user_006_s01,0,13,179.6,131.2,0,0
user_006,user_006_s01,0,14,233.44,118.18,0,0
user_006,user_006_s01,0,15,213.41,97.59,0,0
user_006,user_006_s01,0,16,258.58,93.83,0,0
user_006,user_006_s01,0,17,253.72,97.42,0,0
user_006,user_006_s01,0,18,206.34,100.39,0,0
user_006,user_006_s01,0,19,187.73,105.68,0,0
user_006,user_006_s01,0,20,163.9,122.97,0,0
user_006,user_006_s01,0,21,180.18,94.88,0,0
user_006,user_006_s01,0,22,182.46,138.82,0,0
user_006,user_006_s01,0,23,176.22,95.2,0,0
user_006,user_006_s01,0,24,165.25,88.91,0,0
user_006,user_006_s01,0,25,209.78,130.71,0,0
user_006,user_006_s01,0,26,253.46,125.75,0,0
user_006,user_006_s01,0,27,227.71,105.47,0,0
user_006,user_006_s01,0,28,185.35,113.07,0,0
user_006,user_006_s01,0,29,230.44,113.41,0,0
user_006,user_006_s01,0,30,207.92,109.77,0,0
user_006,user_006_s01,0,31,194.86,90.43,0,0
user_006,user_006_s01,0,32,192.75,74.44,0,0
user_006,user_006_s01,0,33,189.49,96.53,0,0
user_006,user_006_s01,0,34,218.19,132.43,0,0
user_006,user_006_s01,0,35,200.94,132.96,0,0
user_006,user_006_s01,0,36,171.66,104.39,0,0
user_006,user_006_s01,0,37,170.02,95.0,0,0
user_006,user_006_s01,0,38,206.55,111.68,0,0
user_006,user_006_s01,0,39,630.15,113.85,0,0
user_006,user_006_s02,1,0,1514.42,129.42,0,0
user_006,user_006_s02,1,1,410.92,120.07,0,1
user_006,user_006_s02,1,2,253.82,123.76,0,0
user_006,user_006_s02,1,3,129.37,128.54,0,0
user_006,user_006_s02,1,4,1080.83,123.47,0,0
user_006,user_006_s02,1,5,329.66,143.39,0,1
user_006,user_006_s02,1,6,209.02,121.13,0,0
user_006,user_006_s02,1,7,292.25,169.13,1,0
user_006,user_006_s02,1,8,164.88,123.13,0,0
user_006,user_006_s02,1,9,246.87,75.83,0,0
user_006,user_006_s02,1,10,53.25,139.2,0,1
user_006,user_006_s02,1,11,157.39,132.54,0,0
user_006,user_006_s02,1,12,221.27,122.81,0,0
user_006,user_006_s02,1,13,197.1,114.9,0,0
user_006,user_006_s02,1,14,133.69,64.7,0,0
user_006,user_006_s02,1,15,187.88,69.24,0,0
user_006,user_006_s02,1,16,1136.2,166.51,0,0
user_006,user_006_s02,1,17,1114.54,106.08,0,0
user_006,user_006_s02,1,18,1594.18,148.06,0,0
user_006,user_006_s02,1,19,271.2,78.54,0,0
user_006,user_006_s02,1,20,198.46,93.59,0,0
user_006,user_006_s02,1,21,313.64,140.29,0,0
user_006,user_006_s02,1,22,154.75,119.15,0,0
user_006,user_006_s02,1,23,352.12,136.48,0,0
user_006,user_006_s02,1,24,296.99,121.56,1,0
user_006,user_006_s02,1,25,782.26,116.3,0,0
user_006,user_006_s02,1,26,202.11,103.52,0,0
user_006,user_006_s02,1,27,235.67,89.61,0,0
user_006,user_006_s02,1,28,262.19,159.89,0,1
user_006,user_006_s02,1,29,295.73,164.34,0,1
user_006,user_006_s02,1,30,130.98,93.82,0,0
user_006,user_006_s02,1,31,251.28,92.05,0,0
user_006,user_006_s02,1,32,78.49,112.51,0,0
user_006,user_006_s02,1,33,209.69,131.14,0,0
user_006,user_006_s02,1,34,320.05,117.0,1,0
user_006,user_006_s02,1,35,125.77,135.44,0,0
user_006,user_006_s02,1,36,113.48,120.59,0,0
user_006,user_006_s02,1,37,236.62,118.82,0,0
user_006,user_006_s02,1,38,315.55,187.23,0,0
user_006,user_006_s02,1,39,243.7,107.71,0,0
user_006,user_006_s03,0,0,242.28,129.94,0,0
user_006,user_006_s03,0,1,220.81,128.21,0,0
user_006,user_006_s03,0,2,243.89,130.83,0,0
user_006,user_006_s03,0,3,218.77,94.18,0,0
user_006,user_006_s03,0,4,207.46,118.48,0,0
user_006,user_006_s03,0,5,236.41,126.18,0,0
user_006,user_006_s03,0,6,283.39,128.62,0,0
user_006,user_006_s03,0,7,190.43,99.34,0,0
user_006,user_006_s03,0,8,226.34,118.61,0,0
user_006,user_006_s03,0,9,199.35,110.76,0,0
user_006,user_006_s03,0,10,216.6,134.66,0,0
user_006,user_006_s03,0,11,200.95,91.02,0,0
user_006,user_006_s03,0,12,126.74,99.36,0,0
user_006,user_006_s03,0,13,192.78,85.31,0,0
user_006,user_006_s03,0,14,233.25,111.69,0,0
user_006,user_006_s03,0,15,173.72,140.29,0,0
user_006,user_006_s03,0,16,230.6,109.14,0,1
user_006,user_006_s03,0,17,205.72,111.1,1,0
user_006,user_006_s03,0,18,193.07,117.17,0,0
user_006,user_006_s03,0,19,230.09,108.17,0,0
user_006,user_006_s03,0,20,222.5,114.68,0,0
user_006,user_006_s03,0,21,213.72,115.03,0,0
user_006,user_006_s03,0,22,233.8,98.33,0,0
user_006,user_006_s03,0,23,206.38,108.47,0,0
user_006,user_006_s03,0,24,144.05,119.75,0,0
user_006,user_006_s03,0,25,186.77,122.27,0,0
user_006,user_006_s03,0,26,138.66,127.26,0,0
user_006,user_006_s03,0,27,221.7,114.27,0,0
user_006,user_006_s03,0,28,229.76,114.54,0,0
user_006,user_006_s03,0,29,231.3,119.86,0,0
user_006,user_006_s03,0,30,216.03,101.72,0,0
user_006,user_006_s03,0,31,232.18,101.16,0,0
user_006,user_006_s03,0,32,146.35,108.06,0,0
user_006,user_006_s03,0,33,195.9,92.54,0,0
user_006,user_006_s03,0,34,151.8,115.23,0,0
user_006,user_006_s03,0,35,187.44,123.9,0,0
user_006,user_006_s03,0,36,254.05,100.16,0,0
user_006,user_006_s03,0,37,236.41,115.61,0,0
user_006,user_006_s03,0,38,221.87,101.25,0,0
user_006,user_006_s03,0,39,193.4,96.02,0,0
user_006,user_006_s04,1,0,907.44,165.15,1,0
user_006,user_006_s04,1,1,167.66,171.85,0,0
user_006,user_006_s04,1,2,292.1,159.16,0,0
user_006,user_006_s04,1,3,387.56,115.85,0,0
user_006,user_006_s04,1,4,281.38,114.2,0,0
user_006,user_006_s04,1,5,109.4,147.18,0,0
user_006,user_006_s04,1,6,282.84,146.98,1,0
user_006,user_006_s04,1,7,248.77,128.54,0,1
user_006,user_006_s04,1,8,184.48,181.07,0,0
user_006,user_006_s04,1,9,287.66,133.05,0,0
user_006,user_006_s04,1,10,1048.21,90.68,0,0
user_006,user_006_s04,1,11,215.16,138.06,0,0
user_006,user_006_s04,1,12,145.98,158.05,1,0
user_006,user_006_s04,1,13,119.87,154.12,0,0
user_006,user_006_s04,1,14,215.36,153.9,0,0
user_006,user_006_s04,1,15,251.55,186.81,0,0
user_006,user_006_s04,1,16,225.97,112.79,0,0
user_006,user_006_s04,1,17,214.11,132.4,0,1
user_006,user_006_s04,1,18,1301.71,188.26,1,0
user_006,user_006_s04,1,19,295.41,88.59,0,0
user_006,user_006_s04,1,20,276.74,142.89,0,0
user_006,user_006_s04,1,21,320.5,179.29,0,0
user_006,user_006_s04,1,22,216.02,178.87,0,0
user_006,user_006_s04,1,23,184.93,163.15,0,0
user_006,user_006_s04,1,24,225.53,163.87,0,0
user_006,user_006_s04,1,25,220.63,114.88,1,0
user_006,user_006_s04,1,26,117.06,183.38,0,0
user_006,user_006_s04,1,27,223.88,110.37,0,0
user_006,user_006_s04,1,28,340.96,112.06,0,0
user_006,user_006_s04,1,29,319.39,155.42,0,0
user_006,user_006_s04,1,30,299.83,130.43,0,0
user_006,user_006_s04,1,31,879.51,150.28,0,0
user_006,user_006_s04,1,32,365.36,156.64,0,0
user_006,user_006_s04,1,33,187.37,194.87,0,0
user_006,user_006_s04,1,34,194.14,156.73,1,0
user_006,user_006_s04,1,35,342.33,126.87,0,0
user_006,user_006_s04,1,36,264.54,163.61,0,0
user_006,user_006_s04,1,37,214.97,120.82,0,0
user_006,user_006_s04,1,38,301.73,170.33,0,0
user_006,user_006_s04,1,39,231.48,146.25,0,0
user_006,user_006_s05,0,0,163.51,96.37,0,0
user_006,user_006_s05,0,1,228.32,105.29,0,0
user_006,user_006_s05,0,2,189.07,106.33,0,0
user_006,user_006_s05,0,3,155.48,115.89,0,0
user_006,user_006_s05,0,4,132.6,110.16,0,0
user_006,user_006_s05,0,5,158.54,99.07,1,0
user_006,user_006_s05,0,6,156.26,109.0,0,0
user_006,user_006_s05,0,7,213.18,97.17,0,0
user_006,user_006_s05,0,8,215.77,101.87,0,0
user_006,user_006_s05,0,9,146.2,110.61,0,0
user_006,user_006_s05,0,10,207.02,99.28,0,0
user_006,user_006_s05,0,11,203.57,104.77,0,0
user_006,user_006_s05,0,12,141.82,112.86,0,0
user_006,user_006_s05,0,13,178.79,109.5,0,0
user_006,user_006_s05,0,14,193.11,116.53,0,0
user_006,user_006_s05,0,15,1553.82,131.31,0,0
user_006,user_006_s05,0,16,123.91,109.37,0,0
user_006,user_006_s05,0,17,186.04,93.66,0,0
user_006,user_006_s05,0,18,203.08,106.79,0,1
user_006,user_006_s05,0,19,234.9,106.21,0,0
user_006,user_006_s05,0,20,159.05,108.17,0,0
user_006,user_006_s05,0,21,163.22,120.06,0,0
user_006,user_006_s05,0,22,174.57,77.16,0,0
user_006,user_006_s05,0,23,191.44,120.31,0,0
user_006,user_006_s05,0,24,184.89,124.86,0,1
user_006,user_006_s05,0,25,202.0,107.55,0,0
user_006,user_006_s05,0,26,143.66,107.88,0,0
user_006,user_006_s05,0,27,195.0,96.63,0,0
user_006,user_006_s05,0,28,156.58,99.97,0,0
user_006,user_006_s05,0,29,176.78,109.31,0,0
user_006,user_006_s05,0,30,239.23,108.44,0,0
user_006,user_006_s05,0,31,134.45,109.61,1,0
user_006,user_006_s05,0,32,172.19,108.34,0,0
user_006,user_006_s05,0,33,138.62,112.01,0,0
user_006,user_006_s05,0,34,186.78,110.5,0,0
user_006,user_006_s05,0,35,216.97,86.07,0,0
user_006,user_006_s05,0,36,187.34,111.12,0,0
user_006,user_006_s05,0,37,177.68,124.97,0,0
user_006,user_006_s05,0,38,226.43,99.53,0,0
user_006,user_006_s05,0,39,192.76,120.12,0,0
user_006,user_006_s06,0,0,181.25,124.57,0,0
user_006,user_006_s06,0,1,191.77,118.73,0,0
user_006,user_006_s06,0,2,187.76,120.13,0,0
user_006,user_006_s06,0,3,787.93,102.77,0,0
user_006,user_006_s06,0,4,223.17,137.07,0,0
user_006,user_006_s06,0,5,116.37,96.0,0,1
user_006,user_006_s06,0,6,213.38,116.82,0,0
user_006,user_006_s06,0,7,145.95,94.61,0,0
user_006,user_006_s06,0,8,193.29,111.32,0,0
user_006,user_006_s06,0,9,201.16,104.93,0,0
user_006,user_006_s06,0,10,192.93,114.47,0,0
user_006,user_006_s06,0,11,221.7,117.25,0,0
user_006,user_006_s06,0,12,229.1,99.74,0,0
user_006,user_006_s06,0,13,178.71,112.25,0,0
user_006,user_006_s06,0,14,177.49,131.45,0,0
user_006,user_006_s06,0,15,203.59,94.94,0,0
user_006,user_006_s06,0,16,152.73,101.12,1,0
user_006,user_006_s06,0,17,188.72,124.26,0,0
user_006,user_006_s06,0,18,250.28,113.69,0,0
user_006,user_006_s06,0,19,153.99,114.68,0,0
user_006,user_006_s06,0,20,193.33,126.44,0,0
user_006,user_006_s06,0,21,184.83,101.93,0,0
user_006,user_006_s06,0,22,272.45,105.64,0,0
user_006,user_006_s06,0,23,186.66,103.97,0,0
user_006,user_006_s06,0,24,188.62,107.94,0,0
user_006,user_006_s06,0,25,170.03,130.72,1,0
user_006,user_006_s06,0,26,205.12,89.69,0,0
user_006,user_006_s06,0,27,213.92,96.53,0,0
user_006,user_006_s06,0,28,174.92,94.22,0,0
user_006,user_006_s06,0,29,238.16,131.56,0,0
user_006,user_006_s06,0,30,213.95,104.35,0,0
user_006,user_006_s06,0,31,233.54,108.23,0,0
user_006,user_006_s06,0,32,193.74,90.86,0,0
user_006,user_006_s06,0,33,213.01,109.1,0,0
user_006,user_006_s06,0,34,197.62,124.33,0,0
user_006,user_006_s06,0,35,253.98,116.06,0,0
user_006,user_006_s06,0,36,208.73,111.19,0,0
user_006,user_006_s06,0,37,205.1,91.53,0,0
user_006,user_006_s06,0,38,189.35,108.22,0,0
user_006,user_006_s06,0,39,187.4,114.63,0,0
user_006,user_006_s07,0,0,146.06,111.45,0,0
user_006,user_006_s07,0,1,170.63,81.08,0,0
user_006,user_006_s07,0,2,212.16,104.32,0,1
user_006,user_006_s07,0,3,220.04,91.62,0,0
user_006,user_006_s07,0,4,201.95,121.83,0,0
user_006,user_006_s07,0,5,230.58,119.78,0,0
user_006,user_006_s07,0,6,248.38,91.7,0,0
user_006,user_006_s07,0,7,173.75,103.91,0,0
user_006,user_006_s07,0,8,240.19,107.88,0,0
user_006,user_006_s07,0,9,181.26,116.68,0,0
user_006,user_006_s07,0,10,224.45,81.92,0,0
user_006,user_006_s07,0,11,213.95,74.71,0,0
user_006,user_006_s07,0,12,123.36,105.04,0,0
user_006,user_006_s07,0,13,157.45,70.37,0,0
user_006,user_006_s07,0,14,148.85,106.67,0,0
user_006,user_006_s07,0,15,129.93,112.52,0,0
user_006,user_006_s07,0,16,219.71,121.21,1,0
user_006,user_006_s07,0,17,259.83,96.13,1,0
user_006,user_006_s07,0,18,181.36,106.7,0,0
user_006,user_006_s07,0,19,218.86,113.32,0,0
user_006,user_006_s07,0,20,240.13,88.66,0,0
user_006,user_006_s07,0,21,197.08,116.88,0,0
user_006,user_006_s07,0,22,189.19,108.23,0,1
user_006,user_006_s07,0,23,181.76,96.36,0,0
user_006,user_006_s07,0,24,208.18,106.43,0,0
user_006,user_006_s07,0,25,219.55,102.65,0,0
user_006,user_006_s07,0,26,205.63,115.05,0,0
user_006,user_006_s07,0,27,204.47,99.66,0,0
user_006,user_006_s07,0,28,188.32,107.59,0,0
user_006,user_006_s07,0,29,136.31,96.15,0,0
user_006,user_006_s07,0,30,220.33,91.87,0,0
user_006,user_006_s07,0,31,146.71,106.84,0,0
user_006,user_006_s07,0,32,210.94,92.43,0,0
user_006,user_006_s07,0,33,810.98,115.33,0,0
user_006,user_006_s07,0,34,151.58,112.52,1,0
user_006,user_006_s07,0,35,169.55,94.2,0,0
user_006,user_006_s07,0,36,261.61,107.41,0,0
user_006,user_006_s07,0,37,187.37,94.14,0,0
user_006,user_006_s07,0,38,148.89,82.88,0,0
user_006,user_006_s07,0,39,217.06,96.47,0,0
user_006,user_006_s08,1,0,180.33,118.44,0,1
user_006,user_006_s08,1,1,185.72,118.96,0,0
user_006,user_006_s08,1,2,301.62,148.92,0,0
user_006,user_006_s08,1,3,237.17,139.46,0,0
user_006,user_006_s08,1,4,967.99,121.69,0,0
user_006,user_006_s08,1,5,225.45,156.2,0,1
user_006,user_006_s08,1,6,247.18,136.93,0,0
user_006,user_006_s08,1,7,256.73,156.35,0,0
user_006,user_006_s08,1,8,331.41,112.31,0,0
user_006,user_006_s08,1,9,326.47,160.24,0,0
user_006,user_006_s08,1,10,1414.19,148.14,0,0
user_006,user_006_s08,1,11,209.1,165.05,0,0
user_006,user_006_s08,1,12,998.58,159.7,0,0
user_006,user_006_s08,1,13,293.4,133.92,0,0
user_006,user_006_s08,1,14,330.77,131.97,0,1
user_006,user_006_s08,1,15,317.79,179.25,0,0
user_006,user_006_s08,1,16,1488.63,128.93,0,0
user_006,user_006_s08,1,17,1438.83,154.15,0,0
user_006,user_006_s08,1,18,292.47,126.73,0,0
user_006,user_006_s08,1,19,256.28,90.8,0,0
user_006,user_006_s08,1,20,258.92,106.2,0,0
user_006,user_006_s08,1,21,253.2,145.84,0,0
user_006,user_006_s08,1,22,1130.54,153.0,0,0
user_006,user_006_s08,1,23,205.63,145.92,0,0
user_006,user_006_s08,1,24,204.69,163.79,0,0
user_006,user_006_s08,1,25,150.23,145.48,1,0
user_006,user_006_s08,1,26,904.97,117.17,0,0
user_006,user_006_s08,1,27,1437.2,150.41,0,0
user_006,user_006_s08,1,28,293.47,140.1,0,0
user_006,user_006_s08,1,29,323.73,122.02,0,0
user_006,user_006_s08,1,30,327.59,147.45,0,0
user_006,user_006_s08,1,31,333.3,137.91,0,0
user_006,user_006_s08,1,32,201.32,121.3,0,0
user_006,user_006_s08,1,33,160.38,131.67,0,0
user_006,user_006_s08,1,34,303.71,170.29,0,1
user_006,user_006_s08,1,35,1597.09,169.49,0,0
user_006,user_006_s08,1,36,1577.92,140.55,0,0
user_006,user_006_s08,1,37,276.67,137.38,0,0
user_006,user_006_s08,1,38,577.83,101.21,0,0
user_006,user_006_s08,1,39,269.43,177.71,0,0
user_006,user_006_s09,1,0,276.54,153.55,0,0
user_006,user_006_s09,1,1,328.85,159.0,0,0
user_006,user_006_s09,1,2,196.38,155.09,0,0
user_006,user_006_s09,1,3,197.14,161.28,0,0
user_006,user_006_s09,1,4,295.82,183.88,0,0
user_006,user_006_s09,1,5,215.18,144.69,0,0
user_006,user_006_s09,1,6,212.25,164.35,0,0
user_006,user_006_s09,1,7,1595.99,147.57,0,1
user_006,user_006_s09,1,8,148.4,81.21,0,0
user_006,user_006_s09,1,9,385.92,129.6,0,0
user_006,user_006_s09,1,10,200.96,109.83,0,0
user_006,user_006_s09,1,11,303.49,140.3,1,0
user_006,user_006_s09,1,12,235.88,111.95,0,0
user_006,user_006_s09,1,13,262.22,150.67,0,0
user_006,user_006_s09,1,14,225.21,161.08,0,1
user_006,user_006_s09,1,15,302.78,167.24,0,0
user_006,user_006_s09,1,16,219.35,178.77,0,0
user_006,user_006_s09,1,17,203.71,87.42,0,0
user_006,user_006_s09,1,18,369.09,100.64,0,0
user_006,user_006_s09,1,19,245.45,215.04,0,0
user_006,user_006_s09,1,20,196.59,161.87,0,0
user_006,user_006_s09,1,21,140.14,140.1,0,0
user_006,user_006_s09,1,22,1420.17,134.77,0,0
user_006,user_006_s09,1,23,205.17,132.3,0,0
user_006,user_006_s09,1,24,1221.21,80.27,0,0
user_006,user_006_s09,1,25,271.06,112.47,0,1
user_006,user_006_s09,1,26,253.32,130.78,0,0
user_006,user_006_s09,1,27,255.19,114.04,0,0
user_006,user_006_s09,1,28,396.99,117.66,0,0
user_006,user_006_s09,1,29,91.49,204.81,0,0
user_006,user_006_s09,1,30,258.27,126.9,0,0
user_006,user_006_s09,1,31,225.04,141.59,0,0
user_006,user_006_s09,1,32,228.65,140.6,0,0
user_006,user_006_s09,1,33,253.77,150.22,0,0
user_006,user_006_s09,1,34,224.97,120.65,0,0
user_006,user_006_s09,1,35,256.46,168.45,0,0
user_006,user_006_s09,1,36,241.78,146.18,0,0
user_006,user_006_s09,1,37,152.39,98.2,0,1
user_006,user_006_s09,1,38,269.85,130.9,0,0
user_006,user_006_s09,1,39,293.04,129.11,1,0
user_006,user_006_s10,0,0,259.81,133.45,0,0
user_006,user_006_s10,0,1,175.46,106.97,0,0
user_006,user_006_s10,0,2,257.84,103.75,0,0
user_006,user_006_s10,0,3,198.55,126.74,0,0
user_006,user_006_s10,0,4,215.17,128.92,0,0
user_006,user_006_s10,0,5,180.29,97.47,0,0
user_006,user_006_s10,0,6,238.32,110.51,0,0
user_006,user_006_s10,0,7,232.7,111.71,0,0
user_006,user_006_s10,0,8,262.73,102.11,0,0
user_006,user_006_s10,0,9,1168.04,117.71,0,0
user_006,user_006_s10,0,10,204.25,103.06,0,0
user_006,user_006_s10,0,11,309.41,105.22,0,0
user_006,user_006_s10,0,12,250.12,111.14,0,0
user_006,user_006_s10,0,13,222.79,92.41,0,0
user_006,user_006_s10,0,14,170.92,84.76,0,0
user_006,user_006_s10,0,15,1120.53,124.9,0,0
user_006,user_006_s10,0,16,155.81,102.52,0,0
user_006,user_006_s10,0,17,173.06,141.31,0,1
user_006,user_006_s10,0,18,251.02,139.11,0,0
user_006,user_006_s10,0,19,220.99,105.67,0,0
user_006,user_006_s10,0,20,183.86,144.07,0,0
user_006,user_006_s10,0,21,199.97,125.16,0,0
user_006,user_006_s10,0,22,195.86,103.8,0,0
user_006,user_006_s10,0,23,231.54,77.67,0,0
user_006,user_006_s10,0,24,174.91,121.79,0,0
user_006,user_006_s10,0,25,216.35,112.93,0,0
user_006,user_006_s10,0,26,214.68,118.33,0,0
user_006,user_006_s10,0,27,175.92,109.42,0,0
user_006,user_006_s10,0,28,258.12,97.07,0,0
user_006,user_006_s10,0,29,194.58,106.74,0,0
user_006,user_006_s10,0,30,171.07,122.04,0,0
user_006,user_006_s10,0,31,233.33,107.72,0,0
user_006,user_006_s10,0,32,206.39,107.64,1,0
user_006,user_006_s10,0,33,701.22,92.0,0,0
user_006,user_006_s10,0,34,164.59,113.74,0,0
user_006,user_006_s10,0,35,231.96,97.5,0,0
user_006,user_006_s10,0,36,277.84,124.9,0,0
user_006,user_006_s10,0,37,161.96,102.6,0,0
user_006,user_006_s10,0,38,216.5,108.52,0,0
user_006,user_006_s10,0,39,178.06,141.7,0,0
user_006,user_006_s11,0,0,177.56,109.03,0,0
user_006,user_006_s11,0,1,147.92,124.22,0,0
user_006,user_006_s11,0,2,187.17,117.6,0,0
user_006,user_006_s11,0,3,242.32,113.5,0,0
user_006,user_006_s11,0,4,239.79,118.23,0,0
user_006,user_006_s11,0,5,230.98,124.36,0,0
user_006,user_006_s11,0,6,208.13,128.7,0,0
user_006,user_006_s11,0,7,219.14,115.51,0,0
user_006,user_006_s11,0,8,202.37,105.21,0,0
user_006,user_006_s11,0,9,161.77,78.26,0,0
user_006,user_006_s11,0,10,168.5,122.67,0,0
user_006,user_006_s11,0,11,178.56,116.43,0,0
user_006,user_006_s11,0,12,246.32,111.53,0,0
user_006,user_006_s11,0,13,1277.66,100.19,0,0
user_006,user_006_s11,0,14,162.62,122.5,0,0
user_006,user_006_s11,0,15,200.84,106.0,0,0
user_006,user_006_s11,0,16,185.46,109.01,0,0
user_006,user_006_s11,0,17,193.81,108.72,0,0
user_006,user_006_s11,0,18,180.96,115.54,0,0
user_006,user_006_s11,0,19,246.46,93.98,0,0
user_006,user_006_s11,0,20,198.41,117.06,0,0
user_006,user_006_s11,0,21,206.33,99.75,0,0
user_006,user_006_s11,0,22,206.61,100.22,0,0
user_006,user_006_s11,0,23,164.37,121.42,0,0
user_006,user_006_s11,0,24,202.71,96.05,0,0
user_006,user_006_s11,0,25,234.88,121.39,0,0
user_006,user_006_s11,0,26,248.72,110.84,0,0
user_006,user_006_s11,0,27,160.32,87.23,0,0
user_006,user_006_s11,0,28,147.82,127.88,0,0
user_006,user_006_s11,0,29,201.14,113.66,0,0
user_006,user_006_s11,0,30,236.46,114.79,0,0
user_006,user_006_s11,0,31,211.17,123.06,0,0
user_006,user_006_s11,0,32,221.99,129.7,0,0
user_006,user_006_s11,0,33,153.16,112.19,0,0
user_006,user_006_s11,0,34,179.75,117.8,0,0
user_006,user_006_s11,0,35,645.93,114.48,0,0
user_006,user_006_s11,0,36,194.24,104.85,0,0
user_006,user_006_s11,0,37,126.04,88.11,0,0
user_006,user_006_s11,0,38,244.0,112.37,0,0
user_006,user_006_s11,0,39,251.49,128.08,0,0
user_006,user_006_s12,0,0,195.11,119.91,0,0
user_006,user_006_s12,0,1,189.76,98.41,0,0
user_006,user_006_s12,0,2,169.89,121.35,0,0
user_006,user_006_s12,0,3,187.77,136.76,0,0
user_006,user_006_s12,0,4,209.62,127.2,0,0
user_006,user_006_s12,0,5,246.1,125.11,0,0
user_006,user_006_s12,0,6,661.31,113.27,0,0
user_006,user_006_s12,0,7,157.12,103.05,0,0
user_006,user_006_s12,0,8,231.59,108.28,0,0
user_006,user_006_s12,0,9,214.28,114.98,0,0
user_006,user_006_s12,0,10,177.17,92.07,0,0
user_006,user_006_s12,0,11,204.39,98.65,0,0
user_006,user_006_s12,0,12,217.55,89.77,0,0
user_006,user_006_s12,0,13,199.83,112.21,0,0
user_006,user_006_s12,0,14,214.44,110.15,0,0
user_006,user_006_s12,0,15,169.13,100.23,1,0
user_006,user_006_s12,0,16,265.47,120.11,0,0
user_006,user_006_s12,0,17,133.16,94.94,0,0
user_006,user_006_s12,0,18,217.74,99.73,0,0
user_006,user_006_s12,0,19,210.62,119.57,0,0
user_006,user_006_s12,0,20,219.93,121.57,0,0
user_006,user_006_s12,0,21,174.35,98.3,0,0
user_006,user_006_s12,0,22,237.68,112.16,0,0
user_006,user_006_s12,0,23,194.6,98.53,0,1
user_006,user_006_s12,0,24,158.23,106.37,1,0
user_006,user_006_s12,0,25,161.31,110.97,0,0
user_006,user_006_s12,0,26,202.45,116.6,0,0
user_006,user_006_s12,0,27,144.39,113.32,0,0
user_006,user_006_s12,0,28,258.98,112.72,0,0
user_006,user_006_s12,0,29,233.63,94.48,0,0
user_006,user_006_s12,0,30,259.87,114.27,0,0
user_006,user_006_s12,0,31,256.31,116.47,0,0
user_006,user_006_s12,0,32,186.37,118.33,0,0
user_006,user_006_s12,0,33,168.92,99.33,0,0
user_006,user_006_s12,0,34,107.91,121.39,0,0
user_006,user_006_s12,0,35,184.54,91.26,0,0
user_006,user_006_s12,0,36,257.8,103.22,0,0
user_006,user_006_s12,0,37,170.32,105.32,0,0
user_006,user_006_s12,0,38,191.16,92.0,0,0
user_006,user_006_s12,0,39,179.54,105.11,0,0
user_006,user_006_s13,0,0,255.21,112.4,0,0
user_006,user_006_s13,0,1,204.6,111.2,0,0
user_006,user_006_s13,0,2,189.26,114.13,0,0
user_006,user_006_s13,0,3,157.73,115.26,0,0
user_006,user_006_s13,0,4,188.85,126.1,0,0
user_006,user_006_s13,0,5,225.69,117.43,0,0
user_006,user_006_s13,0,6,227.22,108.6,0,0
user_006,user_006_s13,0,7,210.75,99.67,1,0
user_006,user_006_s13,0,8,220.28,104.63,0,0
user_006,user_006_s13,0,9,244.88,114.53,0,1
user_006,user_006_s13,0,10,204.37,101.48,0,0
user_006,user_006_s13,0,11,247.95,123.77,0,0
user_006,user_006_s13,0,12,177.32,116.81,0,0
user_006,user_006_s13,0,13,199.35,126.43,0,0
user_006,user_006_s13,0,14,185.61,102.39,0,0
user_006,user_006_s13,0,15,682.87,99.79,0,0
user_006,user_006_s13,0,16,167.61,126.33,0,0
user_006,user_006_s13,0,17,190.97,112.76,0,0
user_006,user_006_s13,0,18,139.09,108.27,0,0
user_006,user_006_s13,0,19,221.88,120.43,0,0
user_006,user_006_s13,0,20,1058.27,119.93,0,0
user_006,user_006_s13,0,21,232.55,94.06,0,0
user_006,user_006_s13,0,22,229.24,129.69,0,0
user_006,user_006_s13,0,23,230.14,105.47,0,0
user_006,user_006_s13,0,24,225.43,133.94,0,0
user_006,user_006_s13,0,25,222.55,93.01,0,0
user_006,user_006_s13,0,26,224.73,115.29,0,0
user_006,user_006_s13,0,27,179.71,108.5,0,1
user_006,user_006_s13,0,28,195.07,84.35,0,0
user_006,user_006_s13,0,29,204.2,119.89,0,0
user_006,user_006_s13,0,30,190.5,85.04,0,0
user_006,user_006_s13,0,31,148.99,107.07,0,0
user_006,user_006_s13,0,32,160.17,125.9,0,0
user_006,user_006_s13,0,33,209.58,103.85,0,0
user_006,user_006_s13,0,34,232.38,98.81,0,0
user_006,user_006_s13,0,35,202.14,121.8,0,0
user_006,user_006_s13,0,36,295.09,107.64,0,0
user_006,user_006_s13,0,37,170.8,105.54,0,0
user_006,user_006_s13,0,38,216.84,128.21,0,0
user_006,user_006_s13,0,39,245.38,95.25,0,0
user_007,user_007_s00,1,0,1249.31,157.1,0,0
user_007,user_007_s00,1,1,222.5,167.87,0,0
user_007,user_007_s00,1,2,426.16,137.62,0,0
user_007,user_007_s00,1,3,40.0,178.39,0,0
user_007,user_007_s00,1,4,500.49,173.6,0,0
user_007,user_007_s00,1,5,145.02,276.3,0,0
user_007,user_007_s00,1,6,344.42,206.4,1,0
user_007,user_007_s00,1,7,337.06,182.26,0,0
user_007,user_007_s00,1,8,412.78,184.85,0,0
user_007,user_007_s00,1,9,254.83,239.84,0,1
user_007,user_007_s00,1,10,1076.79,117.6,0,0
user_007,user_007_s00,1,11,254.98,151.87,0,0
user_007,user_007_s00,1,12,266.74,76.85,0,0
user_007,user_007_s00,1,13,67.72,184.12,0,0
user_007,user_007_s00,1,14,1427.17,196.71,0,0
user_007,user_007_s00,1,15,708.52,116.51,0,0
user_007,user_007_s00,1,16,1613.81,222.24,0,0
user_007,user_007_s00,1,17,263.81,128.54,0,0
user_007,user_007_s00,1,18,503.85,144.92,0,0
user_007,user_007_s00,1,19,262.72,165.02,1,0
user_007,user_007_s00,1,20,337.38,229.17,0,0
user_007,user_007_s00,1,21,1156.81,122.48,0,0
user_007,user_007_s00,1,22,114.04,172.49,0,0
user_007,user_007_s00,1,23,268.31,193.52,0,0
user_007,user_007_s00,1,24,372.51,184.55,0,0
user_007,user_007_s00,1,25,356.04,186.15,0,0
user_007,user_007_s00,1,26,258.68,192.94,0,0
user_007,user_007_s00,1,27,1467.49,135.69,0,0
user_007,user_007_s00,1,28,1716.2,233.24,0,1
user_007,user_007_s00,1,29,336.2,154.98,0,0
user_007,user_007_s00,1,30,382.3,149.21,0,0
user_007,user_007_s00,1,31,260.77,218.44,1,0
user_007,user_007_s00,1,32,538.11,132.39,0,0
user_007,user_007_s00,1,33,348.62,173.75,0,0
user_007,user_007_s00,1,34,289.58,128.37,0,0
user_007,user_007_s00,1,35,441.92,269.41,0,0
user_007,user_007_s00,1,36,293.7,260.24,1,0
user_007,user_007_s00,1,37,285.63,155.02,0,0
user_007,user_007_s00,1,38,335.95,182.43,0,1
user_007,user_007_s00,1,39,225.66,160.04,0,0
user_007,user_007_s01,0,0,431.1,100.44,0,0
user_007,user_007_s01,0,1,189.0,176.41,0,0
user_007,user_007_s01,0,2,240.77,131.41,0,0
user_007,user_007_s01,0,3,169.66,105.95,0,0
user_007,user_007_s01,0,4,285.42,114.67,0,0
user_007,user_007_s01,0,5,249.87,129.92,0,0
user_007,user_007_s01,0,6,165.63,119.35,0,0
user_007,user_007_s01,0,7,204.33,127.88,0,0
user_007,user_007_s01,0,8,305.83,162.2,0,0
user_007,user_007_s01,0,9,298.62,92.45,0,0
user_007,user_007_s01,0,10,138.4,135.06,0,0
user_007,user_007_s01,0,11,195.39,117.81,0,0
user_007,user_007_s01,0,12,332.85,107.57,0,0
user_007,user_007_s01,0,13,213.35,145.33,1,0
user_007,user_007_s01,0,14,234.42,84.43,0,0
user_007,user_007_s01,0,15,285.11,62.68,0,0
user_007,user_007_s01,0,16,143.34,124.96,0,0
user_007,user_007_s01,0,17,166.93,116.24,0,0
user_007,user_007_s01,0,18,203.94,87.04,0,0
user_007,user_007_s01,0,19,295.79,78.45,0,0
user_007,user_007_s01,0,20,284.68,165.97,0,0
user_007,user_007_s01,0,21,1101.36,130.69,0,0
user_007,user_007_s01,0,22,215.03,120.03,0,0
user_007,user_007_s01,0,23,291.28,172.33,0,0
user_007,user_007_s01,0,24,214.22,144.13,0,0
user_007,user_007_s01,0,25,258.13,162.09,0,0
user_007,user_007_s01,0,26,278.2,91.2,0,0
user_007,user_007_s01,0,27,325.36,90.3,0,0
user_007,user_007_s01,0,28,220.01,134.4,0,0
user_007,user_007_s01,0,29,201.6,129.53,0,0
user_007,user_007_s01,0,30,301.22,149.6,0,0
user_007,user_007_s01,0,31,305.84,80.36,0,0
user_007,user_007_s01,0,32,190.74,136.48,0,0
user_007,user_007_s01,0,33,156.99,143.34,0,0
user_007,user_007_s01,0,34,296.65,142.07,0,0
user_007,user_007_s01,0,35,1100.8,109.79,1,0
user_007,user_007_s01,0,36,121.67,132.03,0,0
user_007,user_007_s01,0,37,207.27,100.92,1,0
user_007,user_007_s01,0,38,223.54,112.52,0,0
user_007,user_007_s01,0,39,153.69,94.49,0,0
user_007,user_007_s02,0,0,217.59,115.29,0,0
user_007,user_007_s02,0,1,353.33,106.66,0,0
user_007,user_007_s02,0,2,190.54,94.34,0,0
user_007,user_007_s02,0,3,216.14,69.16,0,0
user_007,user_007_s02,0,4,105.1,96.08,0,0
user_007,user_007_s02,0,5,153.66,89.65,0,0
user_007,user_007_s02,0,6,232.55,153.07,0,0
user_007,user_007_s02,0,7,185.1,167.14,0,0
user_007,user_007_s02,0,8,241.84,111.49,0,0
user_007,user_007_s02,0,9,230.46,78.94,0,0
user_007,user_007_s02,0,10,125.72,130.45,0,0
user_007,user_007_s02,0,11,265.93,89.12,0,0
user_007,user_007_s02,0,12,130.24,99.51,0,0
user_007,user_007_s02,0,13,158.95,97.59,0,0
user_007,user_007_s02,0,14,218.71,100.68,0,0
user_007,user_007_s02,0,15,299.09,104.18,0,0
user_007,user_007_s02,0,16,144.59,81.13,0,0
user_007,user_007_s02,0,17,213.8,95.83,0,0
user_007,user_007_s02,0,18,214.3,137.22,0,0
user_007,user_007_s02,0,19,244.42,111.9,0,1
user_007,user_007_s02,0,20,276.07,115.72,0,0
user_007,user_007_s02,0,21,180.64,59.05,0,0
user_007,user_007_s02,0,22,265.73,135.49,0,0
user_007,user_007_s02,0,23,284.87,96.23,0,0
user_007,user_007_s02,0,24,312.13,139.72,0,0
user_007,user_007_s02,0,25,235.08,116.42,0,0
user_007,user_007_s02,0,26,214.38,99.2,0,0
user_007,user_007_s02,0,27,176.4,72.38,1,0
user_007,user_007_s02,0,28,117.25,164.98,0,0
user_007,user_007_s02,0,29,188.22,132.01,0,0
user_007,user_007_s02,0,30,211.67,133.45,0,1
user_007,user_007_s02,0,31,198.34,156.43,0,0
user_007,user_007_s02,0,32,240.84,118.09,0,0
user_007,user_007_s02,0,33,117.53,145.21,0,0
user_007,user_007_s02,0,34,193.99,101.2,0,0
user_007,user_007_s02,0,35,324.79,130.44,0,0
user_007,user_007_s02,0,36,264.75,97.56,0,0
user_007,user_007_s02,0,37,241.95,100.6,0,0
user_007,user_007_s02,0,38,228.4,115.04,0,0
user_007,user_007_s02,0,39,182.96,82.24,0,0
user_007,user_007_s03,0,0,199.52,151.62,0,0
user_007,user_007_s03,0,1,265.85,102.82,0,0
user_007,user_007_s03,0,2,205.43,96.81,0,0
user_007,user_007_s03,0,3,207.13,144.3,0,0
user_007,user_007_s03,0,4,183.44,135.18,0,0
user_007,user_007_s03,0,5,149.55,118.22,0,0
user_007,user_007_s03,0,6,147.55,130.15,0,0
user_007,user_007_s03,0,7,103.15,83.9,0,0
user_007,user_007_s03,0,8,274.0,109.71,0,0
user_007,user_007_s03,0,9,230.81,142.78,0,0
user_007,user_007_s03,0,10,207.97,95.38,0,0
user_007,user_007_s03,0,11,220.78,87.66,0,0
user_007,user_007_s03,0,12,223.42,113.55,0,0
user_007,user_007_s03,0,13,158.87,114.11,0,0
user_007,user_007_s03,0,14,183.47,127.22,0,0
user_007,user_007_s03,0,15,174.52,78.53,0,0
user_007,user_007_s03,0,16,353.94,50.38,0,0
user_007,user_007_s03,0,17,264.32,133.8,0,0
user_007,user_007_s03,0,18,213.1,85.63,0,0
user_007,user_007_s03,0,19,285.1,97.0,0,0
user_007,user_007_s03,0,20,277.51,59.18,0,0
user_007,user_007_s03,0,21,120.05,136.25,0,0
user_007,user_007_s03,0,22,189.62,120.08,1,0
user_007,user_007_s03,0,23,202.03,119.11,0,0
user_007,user_007_s03,0,24,239.76,118.95,0,0
user_007,user_007_s03,0,25,189.55,62.14,0,0
user_007,user_007_s03,0,26,197.09,87.98,0,0
user_007,user_007_s03,0,27,175.29,100.8,0,0
user_007,user_007_s03,0,28,266.05,93.66,0,0
user_007,user_007_s03,0,29,116.28,105.13,0,0
user_007,user_007_s03,0,30,177.33,117.58,0,0
user_007,user_007_s03,0,31,92.22,135.85,0,0
user_007,user_007_s03,0,32,141.14,76.08,0,0
user_007,user_007_s03,0,33,222.08,111.45,0,0
user_007,user_007_s03,0,34,223.22,128.76,0,0
user_007,user_007_s03,0,35,184.19,89.45,0,0
user_007,user_007_s03,0,36,270.56,107.02,0,1
user_007,user_007_s03,0,37,284.38,122.87,0,0
user_007,user_007_s03,0,38,198.85,111.93,0,0
user_007,user_007_s03,0,39,218.06,127.86,0,0
user_007,user_007_s04,0,0,288.98,73.57,0,0
user_007,user_007_s04,0,1,211.18,105.6,0,0
user_007,user_007_s04,0,2,202.11,101.55,0,0
user_007,user_007_s04,0,3,170.94,138.0,0,0
user_007,user_007_s04,0,4,185.16,113.9,0,1
user_007,user_007_s04,0,5,171.14,118.27,0,0
user_007,user_007_s04,0,6,255.67,114.78,0,0
user_007,user_007_s04,0,7,164.39,64.14,0,0
user_007,user_007_s04,0,8,74.69,67.32,0,0
user_007,user_007_s04,0,9,213.18,107.66,0,0
user_007,user_007_s04,0,10,192.88,122.02,0,0
user_007,user_007_s04,0,11,174.47,109.68,0,0
user_007,user_007_s04,0,12,264.45,94.55,0,0
user_007,user_007_s04,0,13,982.65,109.54,0,0
user_007,user_007_s04,0,14,304.4,107.46,0,0
user_007,user_007_s04,0,15,273.05,134.05,0,0
user_007,user_007_s04,0,16,786.61,132.7,0,0
user_007,user_007_s04,0,17,182.59,102.02,0,0
user_007,user_007_s04,0,18,239.99,114.12,0,0
user_007,user_007_s04,0,19,241.6,121.96,0,0
user_007,user_007_s04,0,20,171.58,125.53,0,0
user_007,user_007_s04,0,21,112.52,155.05,0,0
user_007,user_007_s04,0,22,336.69,114.64,0,0
user_007,user_007_s04,0,23,267.13,143.41,0,0
user_007,user_007_s04,0,24,219.1,87.44,0,0
user_007,user_007_s04,0,25,220.24,99.99,0,0
user_007,user_007_s04,0,26,247.01,63.98,0,0
user_007,user_007_s04,0,27,254.21,118.96,0,0
user_007,user_007_s04,0,28,84.3,130.89,0,0
user_007,user_007_s04,0,29,188.59,53.9,0,0
user_007,user_007_s04,0,30,182.34,119.85,0,0
user_007,user_007_s04,0,31,199.97,129.84,0,0
user_007,user_007_s04,0,32,255.99,128.48,0,0
user_007,user_007_s04,0,33,102.1,86.58,0,0
user_007,user_007_s04,0,34,128.6,133.9,0,0
user_007,user_007_s04,0,35,168.71,115.54,0,0
user_007,user_007_s04,0,36,1317.43,129.53,0,0
user_007,user_007_s04,0,37,259.68,112.3,0,0
user_007,user_007_s04,0,38,307.71,124.48,0,0
user_007,user_007_s04,0,39,192.47,141.98,0,0
user_007,user_007_s05,0,0,220.25,125.23,0,0
user_007,user_007_s05,0,1,233.41,109.12,0,0
user_007,user_007_s05,0,2,260.27,120.37,0,0
user_007,user_007_s05,0,3,255.11,114.18,0,0
user_007,user_007_s05,0,4,218.66,146.98,0,0
user_007,user_007_s05,0,5,214.29,108.88,0,0
user_007,user_007_s05,0,6,212.0,134.75,0,0
user_007,user_007_s05,0,7,170.35,102.53,0,0
user_007,user_007_s05,0,8,169.59,139.06,0,0
user_007,user_007_s05,0,9,249.93,144.42,0,0
user_007,user_007_s05,0,10,174.4,145.55,0,0
user_007,user_007_s05,0,11,266.15,154.84,0,0
user_007,user_007_s05,0,12,214.16,126.51,0,0
user_007,user_007_s05,0,13,266.49,149.24,0,0
user_007,user_007_s05,0,14,255.52,158.52,0,0
user_007,user_007_s05,0,15,267.9,92.51,0,0
user_007,user_007_s05,0,16,188.62,104.98,0,0
user_007,user_007_s05,0,17,241.81,83.53,0,0
user_007,user_007_s05,0,18,261.58,144.99,0,0
user_007,user_007_s05,0,19,124.02,83.22,0,0
user_007,user_007_s05,0,20,319.5,76.7,0,0
user_007,user_007_s05,0,21,353.41,93.1,0,0
user_007,user_007_s05,0,22,274.17,77.7,0,0
user_007,user_007_s05,0,23,265.67,126.03,0,0
user_007,user_007_s05,0,24,252.62,93.41,0,0
user_007,user_007_s05,0,25,197.81,78.85,0,0
user_007,user_007_s05,0,26,210.62,118.48,0,0
user_007,user_007_s05,0,27,275.2,119.89,0,0
user_007,user_007_s05,0,28,158.76,74.54,0,0
user_007,user_007_s05,0,29,153.5,102.33,0,0
user_007,user_007_s05,0,30,193.37,117.69,0,0
user_007,user_007_s05,0,31,256.68,110.91,0,0
user_007,user_007_s05,0,32,165.2,111.56,0,0
user_007,user_007_s05,0,33,203.7,147.83,0,0
user_007,user_007_s05,0,34,1592.89,171.08,0,0
user_007,user_007_s05,0,35,156.44,111.95,0,0
user_007,user_007_s05,0,36,70.63,87.71,0,0
user_007,user_007_s05,0,37,155.56,113.84,0,0
user_007,user_007_s05,0,38,232.92,124.15,0,0
user_007,user_007_s05,0,39,246.46,118.2,0,0
user_007,user_007_s06,1,0,40.0,85.11,0,0
user_007,user_007_s06,1,1,283.0,149.08,0,0
user_007,user_007_s06,1,2,170.72,124.8,0,0
user_007,user_007_s06,1,3,350.56,91.27,0,0
user_007,user_007_s06,1,4,247.53,59.02,0,0
user_007,user_007_s06,1,5,1269.57,168.09,0,0
user_007,user_007_s06,1,6,196.75,159.31,0,0
user_007,user_007_s06,1,7,52.08,164.74,0,0
user_007,user_007_s06,1,8,278.92,101.45,0,0
user_007,user_007_s06,1,9,218.57,145.74,0,0
user_007,user_007_s06,1,10,723.32,69.57,0,0
user_007,user_007_s06,1,11,119.7,88.72,0,0
user_007,user_007_s06,1,12,158.89,138.98,0,0
user_007,user_007_s06,1,13,862.02,150.24,0,0
user_007,user_007_s06,1,14,336.79,57.08,0,0
user_007,user_007_s06,1,15,206.85,85.22,0,0
user_007,user_007_s06,1,16,307.65,119.32,1,0
user_007,user_007_s06,1,17,40.0,184.53,1,0
user_007,user_007_s06,1,18,1055.21,97.27,0,0
user_007,user_007_s06,1,19,299.05,144.24,0,0
user_007,user_007_s06,1,20,270.03,149.4,0,0
user_007,user_007_s06,1,21,183.25,125.02,0,0
user_007,user_007_s06,1,22,244.95,150.52,0,0
user_007,user_007_s06,1,23,291.3,71.07,1,0
user_007,user_007_s06,1,24,248.52,105.01,0,1
user_007,user_007_s06,1,25,355.7,207.97,0,0
user_007,user_007_s06,1,26,288.91,211.44,0,0
user_007,user_007_s06,1,27,312.62,178.84,0,0
user_007,user_007_s06,1,28,460.68,191.52,0,0
user_007,user_007_s06,1,29,351.57,47.38,0,0
user_007,user_007_s06,1,30,464.06,90.59,0,0
user_007,user_007_s06,1,31,166.92,121.99,0,0
user_007,user_007_s06,1,32,53.57,256.31,0,0
user_007,user_007_s06,1,33,232.39,121.9,0,0
user_007,user_007_s06,1,34,221.89,174.01,0,0
user_007,user_007_s06,1,35,429.39,155.96,0,1
user_007,user_007_s06,1,36,1156.78,154.86,0,0
user_007,user_007_s06,1,37,239.95,136.16,0,1
user_007,user_007_s06,1,38,299.56,78.21,0,0
user_007,user_007_s06,1,39,261.99,20.0,0,0
user_007,user_007_s07,0,0,207.87,106.46,0,0
user_007,user_007_s07,0,1,236.08,109.07,0,0
user_007,user_007_s07,0,2,123.21,134.05,0,0
user_007,user_007_s07,0,3,181.27,124.09,0,0
user_007,user_007_s07,0,4,221.04,111.73,0,0
user_007,user_007_s07,0,5,246.93,155.07,0,1
user_007,user_007_s07,0,6,206.69,132.28,0,0
user_007,user_007_s07,0,7,222.94,104.54,0,0
user_007,user_007_s07,0,8,133.82,105.61,0,0
user_007,user_007_s07,0,9,153.46,133.49,0,0
user_007,user_007_s07,0,10,204.59,119.41,0,0
user_007,user_007_s07,0,11,238.93,87.59,0,0
user_007,user_007_s07,0,12,222.15,136.04,0,0
user_007,user_007_s07,0,13,157.24,144.76,0,0
user_007,user_007_s07,0,14,194.03,142.93,0,0
user_007,user_007_s07,0,15,299.1,151.62,0,0
user_007,user_007_s07,0,16,240.96,164.28,0,0
user_007,user_007_s07,0,17,198.48,156.12,0,0
user_007,user_007_s07,0,18,146.6,122.73,0,0
user_007,user_007_s07,0,19,165.38,109.53,0,0
user_007,user_007_s07,0,20,208.65,70.56,0,0
user_007,user_007_s07,0,21,224.83,114.8,0,1
user_007,user_007_s07,0,22,242.24,127.02,0,0
user_007,user_007_s07,0,23,231.56,115.58,0,0
user_007,user_007_s07,0,24,186.0,69.15,0,0
user_007,user_007_s07,0,25,177.54,107.65,0,0
user_007,user_007_s07,0,26,331.26,130.05,0,0
user_007,user_007_s07,0,27,174.81,89.88,0,0
user_007,user_007_s07,0,28,130.63,118.52,0,0
user_007,user_007_s07,0,29,109.77,124.91,0,0
user_007,user_007_s07,0,30,187.02,141.41,0,0
user_007,user_007_s07,0,31,264.74,155.7,0,0
user_007,user_007_s07,0,32,173.64,105.46,0,0
user_007,user_007_s07,0,33,297.04,118.95,0,0
user_007,user_007_s07,0,34,207.81,119.71,0,1
user_007,user_007_s07,0,35,274.93,130.15,0,0
user_007,user_007_s07,0,36,162.72,127.45,0,0
user_007,user_007_s07,0,37,163.65,148.79,0,0
user_007,user_007_s07,0,38,781.74,58.5,0,0
user_007,user_007_s07,0,39,237.25,124.59,0,0
user_007,user_007_s08,1,0,854.42,254.76,0,0
user_007,user_007_s08,1,1,932.43,182.85,0,0
user_007,user_007_s08,1,2,116.5,204.63,0,0
user_007,user_007_s08,1,3,1547.62,144.21,0,0
user_007,user_007_s08,1,4,1156.85,160.77,0,0
user_007,user_007_s08,1,5,1626.77,118.57,0,0
user_007,user_007_s08,1,6,444.38,149.97,0,0
user_007,user_007_s08,1,7,957.64,169.55,0,0
user_007,user_007_s08,1,8,212.43,88.08,0,0
user_007,user_007_s08,1,9,388.18,205.22,0,0
user_007,user_007_s08,1,10,446.48,228.54,0,1
user_007,user_007_s08,1,11,54.75,174.6,1,0
user_007,user_007_s08,1,12,355.09,33.78,0,0
user_007,user_007_s08,1,13,40.0,161.77,0,0
user_007,user_007_s08,1,14,246.41,102.06,0,0
user_007,user_007_s08,1,15,461.38,143.1,0,0
user_007,user_007_s08,1,16,712.21,251.05,0,0
user_007,user_007_s08,1,17,1556.46,47.54,0,0
user_007,user_007_s08,1,18,154.96,132.27,0,0
user_007,user_007_s08,1,19,251.0,218.46,0,0
user_007,user_007_s08,1,20,326.86,138.26,0,0
user_007,user_007_s08,1,21,230.48,134.26,0,0
user_007,user_007_s08,1,22,197.15,281.44,0,0
user_007,user_007_s08,1,23,262.34,194.83,0,0
user_007,user_007_s08,1,24,370.0,223.94,0,0
user_007,user_007_s08,1,25,296.04,200.92,1,0
user_007,user_007_s08,1,26,202.81,183.48,0,0
user_007,user_007_s08,1,27,230.5,241.21,0,0
user_007,user_007_s08,1,28,264.04,274.79,0,0
user_007,user_007_s08,1,29,187.38,86.87,0,0
user_007,user_007_s08,1,30,1054.81,173.17,0,0
user_007,user_007_s08,1,31,402.47,172.76,1,0
user_007,user_007_s08,1,32,288.06,152.54,0,0
user_007,user_007_s08,1,33,88.67,226.39,0,0
user_007,user_007_s08,1,34,1269.76,188.47,0,0
user_007,user_007_s08,1,35,1261.86,275.84,0,0
user_007,user_007_s08,1,36,137.15,232.63,1,0
user_007,user_007_s08,1,37,270.38,246.48,0,0
user_007,user_007_s08,1,38,214.52,112.23,0,0
user_007,user_007_s08,1,39,406.83,132.81,0,0
user_007,user_007_s09,0,0,123.79,102.1,0,0
user_007,user_007_s09,0,1,340.85,135.18,0,0
user_007,user_007_s09,0,2,244.98,162.06,0,0
user_007,user_007_s09,0,3,225.86,110.07,0,0
user_007,user_007_s09,0,4,145.39,102.61,0,0
user_007,user_007_s09,0,5,216.55,102.09,0,0
user_007,user_007_s09,0,6,256.85,120.62,0,0
user_007,user_007_s09,0,7,245.8,105.93,0,0
user_007,user_007_s09,0,8,174.72,76.97,0,0
user_007,user_007_s09,0,9,212.14,83.55,0,0
user_007,user_007_s09,0,10,178.56,143.09,0,0
user_007,user_007_s09,0,11,855.27,149.38,0,0
user_007,user_007_s09,0,12,269.35,157.02,0,0
user_007,user_007_s09,0,13,184.06,124.01,0,0
user_007,user_007_s09,0,14,145.36,94.75,0,0
user_007,user_007_s09,0,15,232.27,108.04,0,0
user_007,user_007_s09,0,16,185.96,82.72,0,0
user_007,user_007_s09,0,17,190.44,81.79,0,0
user_007,user_007_s09,0,18,147.35,124.7,0,0
user_007,user_007_s09,0,19,154.79,131.52,0,0
user_007,user_007_s09,0,20,225.35,165.64,0,0
user_007,user_007_s09,0,21,199.54,116.57,0,0
user_007,user_007_s09,0,22,365.6,85.93,0,0
user_007,user_007_s09,0,23,251.28,115.63,0,0
user_007,user_007_s09,0,24,146.36,111.78,0,0
user_007,user_007_s09,0,25,123.29,106.76,0,0
user_007,user_007_s09,0,26,239.5,126.83,0,0
user_007,user_007_s09,0,27,191.72,89.37,0,0
user_007,user_007_s09,0,28,295.59,121.71,0,0
user_007,user_007_s09,0,29,232.51,134.23,0,0
user_007,user_007_s09,0,30,96.44,152.69,0,0
user_007,user_007_s09,0,31,1079.21,126.03,0,0
user_007,user_007_s09,0,32,174.99,143.64,0,0
user_007,user_007_s09,0,33,242.14,107.9,0,0
user_007,user_007_s09,0,34,152.31,111.25,0,0
user_007,user_007_s09,0,35,224.76,150.96,0,0
user_007,user_007_s09,0,36,135.28,85.6,0,0
user_007,user_007_s09,0,37,215.95,108.88,0,0
user_007,user_007_s09,0,38,237.81,145.69,0,0
user_007,user_007_s09,0,39,303.4,113.49,0,0
user_007,user_007_s10,0,0,128.04,129.7,0,0
user_007,user_007_s10,0,1,164.82,105.08,0,0
user_007,user_007_s10,0,2,166.78,141.66,0,0
user_007,user_007_s10,0,3,249.57,94.56,0,0
user_007,user_007_s10,0,4,271.81,94.48,0,0
user_007,user_007_s10,0,5,259.29,164.08,1,0
user_007,user_007_s10,0,6,286.1,81.48,0,0
user_007,user_007_s10,0,7,219.37,117.62,0,1
user_007,user_007_s10,0,8,155.96,162.77,0,0
user_007,user_007_s10,0,9,212.03,117.58,0,0
user_007,user_007_s10,0,10,171.47,150.64,0,0
user_007,user_007_s10,0,11,254.56,133.95,0,0
user_007,user_007_s10,0,12,193.45,118.09,0,0
user_007,user_007_s10,0,13,209.11,115.13,0,0
user_007,user_007_s10,0,14,1101.13,67.32,0,0
user_007,user_007_s10,0,15,170.49,110.6,0,0
user_007,user_007_s10,0,16,272.96,123.85,0,0
user_007,user_007_s10,0,17,134.05,123.83,0,0
user_007,user_007_s10,0,18,233.45,177.54,0,0
user_007,user_007_s10,0,19,209.57,125.02,0,0
user_007,user_007_s10,0,20,264.75,133.41,0,0
user_007,user_007_s10,0,21,132.44,146.27,0,0
user_007,user_007_s10,0,22,123.04,131.26,0,0
user_007,user_007_s10,0,23,260.1,116.2,0,0
user_007,user_007_s10,0,24,191.54,116.31,0,0
user_007,user_007_s10,0,25,209.57,109.84,0,0
user_007,user_007_s10,0,26,175.38,128.94,0,0
user_007,user_007_s10,0,27,269.88,114.17,0,0
user_007,user_007_s10,0,28,233.01,133.29,0,0
user_007,user_007_s10,0,29,229.49,94.01,0,0
user_007,user_007_s10,0,30,144.74,121.8,0,0
user_007,user_007_s10,0,31,245.17,155.57,0,0
user_007,user_007_s10,0,32,155.4,112.87,0,0
user_007,user_007_s10,0,33,175.45,162.57,0,0
user_007,user_007_s10,0,34,132.98,122.2,0,0
user_007,user_007_s10,0,35,205.62,116.91,0,0
user_007,user_007_s10,0,36,279.0,121.07,0,0
user_007,user_007_s10,0,37,228.65,110.78,0,0
user_007,user_007_s10,0,38,188.48,70.66,0,0
user_007,user_007_s10,0,39,221.59,139.42,0,0
user_007,user_007_s11,1,0,211.67,168.58,0,0
user_007,user_007_s11,1,1,190.97,204.13,0,0
user_007,user_007_s11,1,2,1073.62,131.89,1,0
user_007,user_007_s11,1,3,306.42,160.36,0,1
user_007,user_007_s11,1,4,317.17,217.94,0,0
user_007,user_007_s11,1,5,228.97,132.69,0,0
user_007,user_007_s11,1,6,330.3,188.6,0,0
user_007,user_007_s11,1,7,489.52,123.28,0,0
user_007,user_007_s11,1,8,334.46,162.27,0,0
user_007,user_007_s11,1,9,1626.65,188.07,0,0
user_007,user_007_s11,1,10,310.54,67.01,0,0
user_007,user_007_s11,1,11,198.57,146.42,0,0
user_007,user_007_s11,1,12,941.8,187.33,0,0
user_007,user_007_s11,1,13,1264.6,178.69,1,0
user_007,user_007_s11,1,14,1270.71,146.92,0,0
user_007,user_007_s11,1,15,437.37,122.2,0,0
user_007,user_007_s11,1,16,1550.55,195.79,0,0
user_007,user_007_s11,1,17,274.79,155.41,1,0
user_007,user_007_s11,1,18,223.64,192.26,0,0
user_007,user_007_s11,1,19,345.19,185.25,0,0
user_007,user_007_s11,1,20,176.03,150.11,0,0
user_007,user_007_s11,1,21,187.08,214.64,0,0
user_007,user_007_s11,1,22,403.01,143.87,0,0
user_007,user_007_s11,1,23,277.98,219.65,0,0
user_007,user_007_s11,1,24,275.88,225.2,0,0
user_007,user_007_s11,1,25,289.51,213.69,0,0
user_007,user_007_s11,1,26,384.51,161.44,0,0
user_007,user_007_s11,1,27,325.03,277.25,0,0
user_007,user_007_s11,1,28,228.58,175.55,0,0
user_007,user_007_s11,1,29,232.4,179.34,0,0
user_007,user_007_s11,1,30,286.75,168.17,0,0
user_007,user_007_s11,1,31,339.54,121.13,0,0
user_007,user_007_s11,1,32,303.69,224.09,0,0
user_007,user_007_s11,1,33,294.24,144.8,0,0
user_007,user_007_s11,1,34,312.37,208.15,0,0
user_007,user_007_s11,1,35,303.61,218.34,1,0
user_007,user_007_s11,1,36,224.62,194.72,0,1
user_007,user_007_s11,1,37,424.97,139.72,0,0
user_007,user_007_s11,1,38,256.26,154.62,0,1
user_007,user_007_s11,1,39,321.18,55.43,0,0
user_007,user_007_s12,1,0,600.9,113.09,0,0
user_007,user_007_s12,1,1,368.38,196.04,0,0
user_007,user_007_s12,1,2,252.04,147.8,0,0
user_007,user_007_s12,1,3,260.81,146.48,0,0
user_007,user_007_s12,1,4,341.24,276.7,0,0
user_007,user_007_s12,1,5,79.04,189.66,0,0
user_007,user_007_s12,1,6,274.34,172.61,0,0
user_007,user_007_s12,1,7,277.1,187.69,0,0
user_007,user_007_s12,1,8,363.46,227.06,0,0
user_007,user_007_s12,1,9,575.67,148.47,0,0
user_007,user_007_s12,1,10,1570.95,156.98,0,0
user_007,user_007_s12,1,11,93.84,216.21,0,0
user_007,user_007_s12,1,12,1376.08,107.83,0,0
user_007,user_007_s12,1,13,366.26,232.87,1,0
user_007,user_007_s12,1,14,345.16,103.4,0,0
user_007,user_007_s12,1,15,1273.64,171.2,0,0
user_007,user_007_s12,1,16,453.26,103.72,1,0
user_007,user_007_s12,1,17,449.53,130.78,0,0
user_007,user_007_s12,1,18,306.49,248.18,0,0
user_007,user_007_s12,1,19,470.6,235.55,0,1
user_007,user_007_s12,1,20,221.86,240.88,0,0
user_007,user_007_s12,1,21,1799.42,111.19,0,0
user_007,user_007_s12,1,22,298.35,131.04,0,0
user_007,user_007_s12,1,23,153.02,200.41,0,0
user_007,user_007_s12,1,24,407.53,219.13,1,0
user_007,user_007_s12,1,25,507.81,143.58,0,0
user_007,user_007_s12,1,26,282.86,154.59,0,1
user_007,user_007_s12,1,27,528.41,127.03,0,0
user_007,user_007_s12,1,28,127.09,266.16,1,0
user_007,user_007_s12,1,29,184.34,159.77,0,0
user_007,user_007_s12,1,30,315.27,185.02,0,0
user_007,user_007_s12,1,31,287.33,187.63,0,0
user_007,user_007_s12,1,32,250.38,238.6,0,0
user_007,user_007_s12,1,33,350.23,135.96,0,0
user_007,user_007_s12,1,34,267.65,241.72,0,0
user_007,user_007_s12,1,35,288.8,119.68,1,0
user_007,user_007_s12,1,36,368.27,241.6,0,0
user_007,user_007_s12,1,37,250.33,97.91,1,0
user_007,user_007_s12,1,38,320.34,178.24,1,0
user_007,user_007_s12,1,39,1602.44,264.52,1,0
user_007,user_007_s13,0,0,314.46,82.27,1,0
user_007,user_007_s13,0,1,241.15,114.57,0,0
user_007,user_007_s13,0,2,222.62,132.67,0,0
user_007,user_007_s13,0,3,176.61,121.46,0,0
user_007,user_007_s13,0,4,266.43,135.27,0,0
user_007,user_007_s13,0,5,201.98,140.77,0,0
user_007,user_007_s13,0,6,126.54,132.78,0,0
user_007,user_007_s13,0,7,206.49,113.4,0,0
user_007,user_007_s13,0,8,229.72,132.52,0,0
user_007,user_007_s13,0,9,169.03,173.75,0,0
user_007,user_007_s13,0,10,211.11,84.21,0,1
user_007,user_007_s13,0,11,213.92,131.73,0,0
user_007,user_007_s13,0,12,214.86,164.06,0,0
user_007,user_007_s13,0,13,292.41,91.78,0,0
user_007,user_007_s13,0,14,139.4,144.08,0,0
user_007,user_007_s13,0,15,340.43,147.29,0,0
user_007,user_007_s13,0,16,216.24,84.52,0,0
user_007,user_007_s13,0,17,253.08,137.14,0,0
user_007,user_007_s13,0,18,225.9,113.5,0,0
user_007,user_007_s13,0,19,114.49,118.57,0,0
user_007,user_007_s13,0,20,154.72,112.21,0,0
user_007,user_007_s13,0,21,186.71,151.57,0,0
user_007,user_007_s13,0,22,277.93,117.32,0,1
user_007,user_007_s13,0,23,135.03,108.88,0,0
user_007,user_007_s13,0,24,166.79,109.29,0,0
user_007,user_007_s13,0,25,228.12,111.82,0,0
user_007,user_007_s13,0,26,246.63,94.07,0,0
user_007,user_007_s13,0,27,244.82,108.67,0,0
user_007,user_007_s13,0,28,159.08,122.85,0,0
user_007,user_007_s13,0,29,122.19,129.74,0,0
user_007,user_007_s13,0,30,250.61,148.96,0,0
user_007,user_007_s13,0,31,304.34,125.81,0,0
user_007,user_007_s13,0,32,197.47,108.61,0,0
user_007,user_007_s13,0,33,149.43,95.72,0,0
user_007,user_007_s13,0,34,192.38,127.1,0,0
user_007,user_007_s13,0,35,241.9,117.2,0,0
user_007,user_007_s13,0,36,204.21,117.99,0,0
user_007,user_007_s13,0,37,302.78,126.33,0,0
user_007,user_007_s13,0,38,273.8,132.5,0,0
user_007,user_007_s13,0,39,229.29,126.5,0,0
user_008,user_008_s00,0,0,218.23,90.18,0,0
user_008,user_008_s00,0,1,85.51,115.43,0,0
user_008,user_008_s00,0,2,120.35,105.35,0,0
user_008,user_008_s00,0,3,206.23,102.66,0,0
user_008,user_008_s00,0,4,182.3,99.81,0,0
user_008,user_008_s00,0,5,163.63,84.49,0,0
user_008,user_008_s00,0,6,241.38,114.05,0,0
user_008,user_008_s00,0,7,145.73,98.26,0,0
user_008,user_008_s00,0,8,166.61,78.31,0,0
user_008,user_008_s00,0,9,157.27,83.66,0,0
user_008,user_008_s00,0,10,213.66,78.65,0,0
user_008,user_008_s00,0,11,105.01,93.61,0,0
user_008,user_008_s00,0,12,164.55,113.29,0,0
user_008,user_008_s00,0,13,104.85,89.98,0,0
user_008,user_008_s00,0,14,1406.37,122.85,0,0
user_008,user_008_s00,0,15,224.03,101.51,0,0
user_008,user_008_s00,0,16,224.9,98.2,0,0
user_008,user_008_s00,0,17,153.34,104.17,0,0
user_008,user_008_s00,0,18,214.79,131.03,0,0
user_008,user_008_s00,0,19,179.77,77.11,0,0
user_008,user_008_s00,0,20,255.12,136.13,0,0
user_008,user_008_s00,0,21,182.46,122.55,0,0
user_008,user_008_s00,0,22,43.92,103.42,0,0
user_008,user_008_s00,0,23,232.4,126.9,0,1
user_008,user_008_s00,0,24,166.43,97.55,1,0
user_008,user_008_s00,0,25,175.44,109.41,0,0
user_008,user_008_s00,0,26,205.17,93.29,0,0
user_008,user_008_s00,0,27,119.37,122.68,0,0
user_008,user_008_s00,0,28,192.44,90.05,0,0
user_008,user_008_s00,0,29,214.84,102.84,0,0
user_008,user_008_s00,0,30,206.54,117.08,0,0
user_008,user_008_s00,0,31,159.61,124.27,0,0
user_008,user_008_s00,0,32,872.92,87.83,0,0
user_008,user_008_s00,0,33,140.19,118.52,1,0
user_008,user_008_s00,0,34,158.32,84.7,0,0
user_008,user_008_s00,0,35,182.17,61.92,0,0
user_008,user_008_s00,0,36,203.2,89.26,0,0
user_008,user_008_s00,0,37,172.98,120.11,0,0
user_008,user_008_s00,0,38,248.67,103.6,0,0
user_008,user_008_s00,0,39,203.19,93.41,0,0
user_008,user_008_s01,1,0,319.8,216.37,0,0
user_008,user_008_s01,1,1,1020.61,90.78,0,0
user_008,user_008_s01,1,2,440.03,152.03,0,0
user_008,user_008_s01,1,3,200.64,185.42,0,0
user_008,user_008_s01,1,4,433.44,174.17,0,0
user_008,user_008_s01,1,5,272.49,103.32,0,1
user_008,user_008_s01,1,6,559.18,111.09,0,0
user_008,user_008_s01,1,7,327.69,171.07,1,0
user_008,user_008_s01,1,8,155.43,180.76,1,0
user_008,user_008_s01,1,9,1123.34,110.71,0,0
user_008,user_008_s01,1,10,433.08,175.64,0,0
user_008,user_008_s01,1,11,297.27,93.04,0,1
user_008,user_008_s01,1,12,281.99,185.68,0,0
user_008,user_008_s01,1,13,366.26,120.38,0,0
user_008,user_008_s01,1,14,251.1,162.13,0,0
user_008,user_008_s01,1,15,265.63,154.86,0,1
user_008,user_008_s01,1,16,186.2,208.89,0,0
user_008,user_008_s01,1,17,475.56,169.13,0,0
user_008,user_008_s01,1,18,156.11,132.71,0,0
user_008,user_008_s01,1,19,306.79,174.21,0,0
user_008,user_008_s01,1,20,340.38,251.4,0,0
user_008,user_008_s01,1,21,286.97,190.69,0,0
user_008,user_008_s01,1,22,152.73,156.08,0,0
user_008,user_008_s01,1,23,180.34,122.55,0,1
user_008,user_008_s01,1,24,345.0,131.95,0,0
user_008,user_008_s01,1,25,204.03,188.08,0,0
user_008,user_008_s01,1,26,64.18,120.29,0,0
user_008,user_008_s01,1,27,330.33,158.76,0,0
user_008,user_008_s01,1,28,194.01,220.88,0,0
user_008,user_008_s01,1,29,356.76,165.15,1,0
user_008,user_008_s01,1,30,266.62,111.92,0,0
user_008,user_008_s01,1,31,1190.73,252.93,0,0
user_008,user_008_s01,1,32,294.1,234.95,0,0
user_008,user_008_s01,1,33,770.91,180.34,0,0
user_008,user_008_s01,1,34,199.1,213.88,1,0
user_008,user_008_s01,1,35,260.31,147.09,0,0
user_008,user_008_s01,1,36,164.58,190.01,1,0
user_008,user_008_s01,1,37,1497.28,140.31,1,0
user_008,user_008_s01,1,38,255.17,99.96,0,0
user_008,user_008_s01,1,39,131.56,270.86,1,0
user_008,user_008_s02,0,0,240.74,96.73,0,0
user_008,user_008_s02,0,1,256.96,94.61,0,0
user_008,user_008_s02,0,2,173.65,130.52,0,1
user_008,user_008_s02,0,3,143.77,120.01,0,0
user_008,user_008_s02,0,4,230.32,81.03,0,0
user_008,user_008_s02,0,5,97.12,104.83,0,0
user_008,user_008_s02,0,6,190.53,143.04,0,0
user_008,user_008_s02,0,7,176.33,85.98,0,0
user_008,user_008_s02,0,8,241.52,97.94,0,0
user_008,user_008_s02,0,9,246.45,108.17,0,0
user_008,user_008_s02,0,10,132.54,86.27,0,0
user_008,user_008_s02,0,11,186.64,132.53,0,0
user_008,user_008_s02,0,12,150.66,88.94,0,0
user_008,user_008_s02,0,13,1298.06,71.08,0,0
user_008,user_008_s02,0,14,208.55,87.92,0,0
user_008,user_008_s02,0,15,162.15,110.89,0,0
user_008,user_008_s02,0,16,187.92,82.6,0,0
user_008,user_008_s02,0,17,225.12,104.05,0,0
user_008,user_008_s02,0,18,252.3,109.12,0,1
user_008,user_008_s02,0,19,192.54,74.59,0,0
user_008,user_008_s02,0,20,184.21,87.17,0,1
user_008,user_008_s02,0,21,124.51,104.96,0,0
user_008,user_008_s02,0,22,255.74,111.85,0,0
user_008,user_008_s02,0,23,202.62,87.65,0,0
user_008,user_008_s02,0,24,185.11,101.12,0,0
user_008,user_008_s02,0,25,182.61,92.62,0,0
user_008,user_008_s02,0,26,196.04,112.34,0,0
user_008,user_008_s02,0,27,216.08,108.28,0,0
user_008,user_008_s02,0,28,222.11,90.88,0,1
user_008,user_008_s02,0,29,256.96,107.48,0,0
user_008,user_008_s02,0,30,1143.36,90.11,0,0
user_008,user_008_s02,0,31,263.95,107.07,0,0
user_008,user_008_s02,0,32,230.01,107.34,0,0
user_008,user_008_s02,0,33,175.54,144.37,0,0
user_008,user_008_s02,0,34,97.21,91.6,0,0
user_008,user_008_s02,0,35,182.64,95.4,0,0
user_008,user_008_s02,0,36,254.41,85.54,0,0
user_008,user_008_s02,0,37,140.69,78.02,0,0
user_008,user_008_s02,0,38,182.49,89.26,0,0
user_008,user_008_s02,0,39,186.52,111.12,0,1
user_008,user_008_s03,0,0,182.82,117.39,0,0
user_008,user_008_s03,0,1,163.8,106.77,0,0
user_008,user_008_s03,0,2,110.6,89.48,0,0
user_008,user_008_s03,0,3,177.17,88.99,0,0
user_008,user_008_s03,0,4,215.66,118.64,0,0
user_008,user_008_s03,0,5,1137.11,92.37,0,0
user_008,user_008_s03,0,6,122.29,75.04,1,0
user_008,user_008_s03,0,7,247.75,107.15,0,0
user_008,user_008_s03,0,8,142.99,94.76,0,0
user_008,user_008_s03,0,9,184.57,81.39,0,0
user_008,user_008_s03,0,10,162.76,106.16,0,0
user_008,user_008_s03,0,11,210.81,119.72,0,0
user_008,user_008_s03,0,12,195.06,105.15,1,0
user_008,user_008_s03,0,13,223.51,83.98,0,0
user_008,user_008_s03,0,14,280.33,114.15,0,0
user_008,user_008_s03,0,15,209.86,124.94,0,0
user_008,user_008_s03,0,16,162.37,147.9,0,0
user_008,user_008_s03,0,17,212.94,132.87,0,0
user_008,user_008_s03,0,18,285.26,85.17,0,0
user_008,user_008_s03,0,19,222.46,121.49,0,0
user_008,user_008_s03,0,20,236.56,109.76,0,0
user_008,user_008_s03,0,21,112.82,82.3,0,0
user_008,user_008_s03,0,22,209.33,110.29,0,0
user_008,user_008_s03,0,23,177.42,142.16,0,0
user_008,user_008_s03,0,24,157.33,128.07,0,0
user_008,user_008_s03,0,25,189.39,85.01,0,0
user_008,user_008_s03,0,26,195.77,105.03,0,0
user_008,user_008_s03,0,27,160.05,114.35,0,0
user_008,user_008_s03,0,28,199.66,71.04,0,0
user_008,user_008_s03,0,29,182.02,71.71,0,0
user_008,user_008_s03,0,30,224.71,107.78,0,0
user_008,user_008_s03,0,31,201.57,108.03,0,0
user_008,user_008_s03,0,32,208.8,68.92,0,0
user_008,user_008_s03,0,33,238.2,112.32,0,0
user_008,user_008_s03,0,34,217.52,125.95,0,0
user_008,user_008_s03,0,35,190.18,100.51,0,0
user_008,user_008_s03,0,36,88.78,105.93,0,0
user_008,user_008_s03,0,37,215.51,115.9,0,0
user_008,user_008_s03,0,38,146.04,113.32,0,0
user_008,user_008_s03,0,39,186.27,72.24,0,0
user_008,user_008_s04,1,0,231.81,109.52,0,0
user_008,user_008_s04,1,1,219.56,108.85,0,0
user_008,user_008_s04,1,2,1309.27,132.16,0,1
user_008,user_008_s04,1,3,396.91,113.72,0,0
user_008,user_008_s04,1,4,216.58,177.62,0,0
user_008,user_008_s04,1,5,115.18,218.17,0,0
user_008,user_008_s04,1,6,440.35,106.72,0,0
user_008,user_008_s04,1,7,263.25,136.3,0,0
user_008,user_008_s04,1,8,298.02,161.84,0,0
user_008,user_008_s04,1,9,373.76,117.09,1,0
user_008,user_008_s04,1,10,1595.76,92.08,0,0
user_008,user_008_s04,1,11,313.13,185.87,0,0
user_008,user_008_s04,1,12,234.14,149.76,0,0
user_008,user_008_s04,1,13,292.43,137.15,0,0
user_008,user_008_s04,1,14,226.54,176.0,0,0
user_008,user_008_s04,1,15,227.74,152.65,0,0
user_008,user_008_s04,1,16,953.1,124.57,0,1
user_008,user_008_s04,1,17,195.43,92.69,0,0
user_008,user_008_s04,1,18,272.75,109.28,0,0
user_008,user_008_s04,1,19,272.54,167.56,0,0
user_008,user_008_s04,1,20,299.74,149.62,1,0
user_008,user_008_s04,1,21,284.36,119.8,0,1
user_008,user_008_s04,1,22,401.09,186.84,0,1
user_008,user_008_s04,1,23,319.8,120.81,0,0
user_008,user_008_s04,1,24,211.69,160.1,0,0
user_008,user_008_s04,1,25,997.07,133.76,0,0
user_008,user_008_s04,1,26,350.69,192.55,0,0
user_008,user_008_s04,1,27,147.96,152.06,0,0
user_008,user_008_s04,1,28,402.31,127.8,0,0
user_008,user_008_s04,1,29,163.01,120.07,0,0
user_008,user_008_s04,1,30,306.72,125.68,0,0
user_008,user_008_s04,1,31,230.04,101.31,1,0
user_008,user_008_s04,1,32,225.1,79.3,0,0
user_008,user_008_s04,1,33,117.68,136.81,0,1
user_008,user_008_s04,1,34,307.34,107.9,0,0
user_008,user_008_s04,1,35,118.93,107.81,0,0
user_008,user_008_s04,1,36,105.68,123.16,0,1
user_008,user_008_s04,1,37,328.98,128.0,0,0
user_008,user_008_s04,1,38,383.03,126.46,0,1
user_008,user_008_s04,1,39,172.22,185.87,0,0
user_008,user_008_s05,1,0,209.07,134.88,0,0
user_008,user_008_s05,1,1,443.81,109.25,0,0
user_008,user_008_s05,1,2,153.6,108.71,0,1
user_008,user_008_s05,1,3,192.51,248.31,0,0
user_008,user_008_s05,1,4,129.17,148.39,0,0
user_008,user_008_s05,1,5,174.55,126.09,0,0
user_008,user_008_s05,1,6,277.47,118.71,0,0
user_008,user_008_s05,1,7,338.03,164.59,0,1
user_008,user_008_s05,1,8,260.74,117.28,0,0
user_008,user_008_s05,1,9,228.12,97.83,0,0
user_008,user_008_s05,1,10,130.27,143.12,0,0
user_008,user_008_s05,1,11,185.23,142.79,0,1
user_008,user_008_s05,1,12,97.94,126.72,0,0
user_008,user_008_s05,1,13,341.23,106.5,1,0
user_008,user_008_s05,1,14,348.64,127.83,0,0
user_008,user_008_s05,1,15,258.41,124.48,0,1
user_008,user_008_s05,1,16,309.78,118.56,0,0
user_008,user_008_s05,1,17,356.12,156.29,0,1
user_008,user_008_s05,1,18,273.51,239.41,0,0
user_008,user_008_s05,1,19,411.26,201.28,0,0
user_008,user_008_s05,1,20,153.61,227.29,1,0
user_008,user_008_s05,1,21,225.56,120.3,0,0
user_008,user_008_s05,1,22,212.87,215.9,0,0
user_008,user_008_s05,1,23,331.71,154.19,0,0
user_008,user_008_s05,1,24,109.87,186.55,0,0
user_008,user_008_s05,1,25,907.24,164.01,0,0
user_008,user_008_s05,1,26,322.6,129.86,0,0
user_008,user_008_s05,1,27,1133.06,175.17,0,0
user_008,user_008_s05,1,28,258.4,165.17,0,0
user_008,user_008_s05,1,29,204.07,69.12,0,0
user_008,user_008_s05,1,30,332.76,139.21,0,0
user_008,user_008_s05,1,31,372.56,181.69,1,0
user_008,user_008_s05,1,32,186.58,156.33,0,0
user_008,user_008_s05,1,33,49.82,164.51,0,0
user_008,user_008_s05,1,34,68.08,112.46,0,0
user_008,user_008_s05,1,35,290.58,155.42,0,0
user_008,user_008_s05,1,36,426.88,140.39,0,0
user_008,user_008_s05,1,37,767.19,135.82,0,0
user_008,user_008_s05,1,38,233.7,115.54,1,0
user_008,user_008_s05,1,39,1525.76,183.5,0,0
user_008,user_008_s06,0,0,203.54,86.02,0,0
user_008,user_008_s06,0,1,181.62,97.92,0,0
user_008,user_008_s06,0,2,175.57,102.54,0,0
user_008,user_008_s06,0,3,242.95,117.07,0,0
user_008,user_008_s06,0,4,199.54,86.7,0,0
user_008,user_008_s06,0,5,145.32,122.37,0,0
user_008,user_008_s06,0,6,142.51,92.0,0,0
user_008,user_008_s06,0,7,261.57,100.15,0,0
user_008,user_008_s06,0,8,152.79,135.33,0,0
user_008,user_008_s06,0,9,201.11,84.41,0,0
user_008,user_008_s06,0,10,253.65,117.35,0,0
user_008,user_008_s06,0,11,214.24,122.88,0,0
user_008,user_008_s06,0,12,150.9,109.34,0,0
user_008,user_008_s06,0,13,138.32,101.01,0,0
user_008,user_008_s06,0,14,278.94,144.74,0,0
user_008,user_008_s06,0,15,137.08,103.03,0,0
user_008,user_008_s06,0,16,160.86,107.28,0,0
user_008,user_008_s06,0,17,205.97,96.74,0,0
user_008,user_008_s06,0,18,177.15,106.25,0,0
user_008,user_008_s06,0,19,215.78,122.09,0,0
user_008,user_008_s06,0,20,116.29,97.93,1,0
user_008,user_008_s06,0,21,177.57,62.2,0,0
user_008,user_008_s06,0,22,220.84,113.31,0,0
user_008,user_008_s06,0,23,221.01,82.28,0,0
user_008,user_008_s06,0,24,159.92,117.76,0,0
user_008,user_008_s06,0,25,138.03,103.28,0,0
user_008,user_008_s06,0,26,198.23,121.68,0,0
user_008,user_008_s06,0,27,123.86,84.82,0,0
user_008,user_008_s06,0,28,250.4,92.87,0,0
user_008,user_008_s06,0,29,195.49,96.67,0,0
user_008,user_008_s06,0,30,153.86,74.41,0,0
user_008,user_008_s06,0,31,136.43,124.97,0,0
user_008,user_008_s06,0,32,156.97,71.62,0,0
user_008,user_008_s06,0,33,111.71,124.69,0,0
user_008,user_008_s06,0,34,211.93,111.57,0,0
user_008,user_008_s06,0,35,148.7,99.42,0,0
user_008,user_008_s06,0,36,207.3,110.03,0,0
user_008,user_008_s06,0,37,214.02,109.49,1,0
user_008,user_008_s06,0,38,234.89,95.5,0,0
user_008,user_008_s06,0,39,200.09,109.11,0,0
user_008,user_008_s07,0,0,153.17,65.57,0,0
user_008,user_008_s07,0,1,228.08,105.44,0,0
user_008,user_008_s07,0,2,196.08,74.31,0,0
user_008,user_008_s07,0,3,204.58,103.95,0,0
user_008,user_008_s07,0,4,172.21,79.7,0,0
user_008,user_008_s07,0,5,213.56,89.92,0,0
user_008,user_008_s07,0,6,130.89,84.78,0,0
user_008,user_008_s07,0,7,137.76,125.01,0,0
user_008,user_008_s07,0,8,193.32,103.24,1,0
user_008,user_008_s07,0,9,159.86,119.99,0,0
user_008,user_008_s07,0,10,172.79,151.84,0,1
user_008,user_008_s07,0,11,165.46,96.32,0,0
user_008,user_008_s07,0,12,234.54,124.68,0,0
user_008,user_008_s07,0,13,237.08,81.77,0,0
user_008,user_008_s07,0,14,142.95,119.86,0,0
user_008,user_008_s07,0,15,87.7,79.66,0,0
user_008,user_008_s07,0,16,138.79,95.05,0,0
user_008,user_008_s07,0,17,129.75,105.87,0,0
user_008,user_008_s07,0,18,213.99,108.94,0,0
user_008,user_008_s07,0,19,218.32,70.6,0,0
user_008,user_008_s07,0,20,123.22,78.5,0,0
user_008,user_008_s07,0,21,136.69,107.32,0,1
user_008,user_008_s07,0,22,101.39,88.24,0,0
user_008,user_008_s07,0,23,180.01,68.17,0,0
user_008,user_008_s07,0,24,171.27,94.02,0,0
user_008,user_008_s07,0,25,211.92,93.09,0,0
user_008,user_008_s07,0,26,1000.55,98.85,0,0
user_008,user_008_s07,0,27,203.2,105.72,0,0
user_008,user_008_s07,0,28,98.32,104.48,0,0
user_008,user_008_s07,0,29,142.94,80.43,0,0
user_008,user_008_s07,0,30,219.7,87.4,0,0
user_008,user_008_s07,0,31,147.22,113.49,0,0
user_008,user_008_s07,0,32,94.15,84.82,0,0
user_008,user_008_s07,0,33,212.84,87.7,0,0
user_008,user_008_s07,0,34,145.33,66.08,0,0
user_008,user_008_s07,0,35,225.25,94.85,0,0
user_008,user_008_s07,0,36,172.56,102.13,0,0
user_008,user_008_s07,0,37,159.95,56.9,0,0
user_008,user_008_s07,0,38,239.89,74.54,0,0
user_008,user_008_s07,0,39,109.98,67.69,0,0
user_008,user_008_s08,0,0,198.32,101.31,0,0
user_008,user_008_s08,0,1,195.69,124.2,0,0
user_008,user_008_s08,0,2,238.71,80.99,0,0
user_008,user_008_s08,0,3,229.82,121.18,1,0
user_008,user_008_s08,0,4,120.28,102.73,0,0
user_008,user_008_s08,0,5,135.9,95.34,0,0
user_008,user_008_s08,0,6,177.54,125.2,0,0
user_008,user_008_s08,0,7,206.07,88.15,0,0
user_008,user_008_s08,0,8,255.22,148.35,0,0
user_008,user_008_s08,0,9,191.9,100.36,0,0
user_008,user_008_s08,0,10,271.75,106.72,0,0
user_008,user_008_s08,0,11,154.29,133.87,0,0
user_008,user_008_s08,0,12,162.53,107.23,0,0
user_008,user_008_s08,0,13,173.83,126.97,0,0
user_008,user_008_s08,0,14,148.9,65.73,0,0
user_008,user_008_s08,0,15,245.22,95.17,0,0
user_008,user_008_s08,0,16,53.75,111.53,0,0
user_008,user_008_s08,0,17,164.19,124.88,0,0
user_008,user_008_s08,0,18,244.68,118.8,0,0
user_008,user_008_s08,0,19,173.51,116.98,0,0
user_008,user_008_s08,0,20,241.01,124.48,0,0
user_008,user_008_s08,0,21,1259.63,113.06,0,0
user_008,user_008_s08,0,22,192.64,62.02,0,0
user_008,user_008_s08,0,23,245.69,131.91,0,0
user_008,user_008_s08,0,24,306.61,87.47,0,0
user_008,user_008_s08,0,25,208.32,109.91,0,0
user_008,user_008_s08,0,26,186.38,107.33,0,0
user_008,user_008_s08,0,27,232.7,104.72,0,0
user_008,user_008_s08,0,28,246.43,82.24,0,0
user_008,user_008_s08,0,29,186.83,66.01,0,0
user_008,user_008_s08,0,30,165.15,84.26,0,0
user_008,user_008_s08,0,31,272.42,119.9,0,0
user_008,user_008_s08,0,32,175.54,75.6,0,0
user_008,user_008_s08,0,33,246.9,86.64,0,0
user_008,user_008_s08,0,34,201.54,111.95,0,0
user_008,user_008_s08,0,35,277.76,83.77,0,0
user_008,user_008_s08,0,36,147.35,93.21,0,0
user_008,user_008_s08,0,37,147.26,105.39,1,0
user_008,user_008_s08,0,38,230.37,109.31,0,0
user_008,user_008_s08,0,39,133.64,83.39,1,0
user_008,user_008_s09,0,0,295.56,91.62,0,0
user_008,user_008_s09,0,1,238.65,119.69,0,0
user_008,user_008_s09,0,2,201.5,121.25,0,0
user_008,user_008_s09,0,3,202.34,105.25,0,0
user_008,user_008_s09,0,4,1161.53,122.1,0,0
user_008,user_008_s09,0,5,190.15,132.01,0,0
user_008,user_008_s09,0,6,93.05,106.58,0,0
user_008,user_008_s09,0,7,274.19,83.73,0,0
user_008,user_008_s09,0,8,257.0,137.58,0,0
user_008,user_008_s09,0,9,117.91,125.94,0,0
user_008,user_008_s09,0,10,242.99,120.78,0,0
user_008,user_008_s09,0,11,199.24,96.32,0,0
user_008,user_008_s09,0,12,189.92,129.0,0,0
user_008,user_008_s09,0,13,223.63,149.6,0,1
user_008,user_008_s09,0,14,785.11,107.43,0,0
user_008,user_008_s09,0,15,199.07,111.63,1,0
user_008,user_008_s09,0,16,203.49,89.03,0,0
user_008,user_008_s09,0,17,203.54,95.76,0,0
user_008,user_008_s09,0,18,132.98,88.84,0,0
user_008,user_008_s09,0,19,221.4,112.34,0,0
user_008,user_008_s09,0,20,251.26,103.15,0,0
user_008,user_008_s09,0,21,219.47,117.06,0,0
user_008,user_008_s09,0,22,188.45,92.4,0,0
user_008,user_008_s09,0,23,330.66,106.52,0,0
user_008,user_008_s09,0,24,154.56,91.2,0,0
user_008,user_008_s09,0,25,237.31,113.45,0,0
user_008,user_008_s09,0,26,211.47,77.97,0,0
user_008,user_008_s09,0,27,297.68,112.74,0,0
user_008,user_008_s09,0,28,218.46,104.36,0,0
user_008,user_008_s09,0,29,228.91,113.32,1,0
user_008,user_008_s09,0,30,224.26,77.58,0,0
user_008,user_008_s09,0,31,148.04,122.55,0,0
user_008,user_008_s09,0,32,157.28,103.97,0,0
user_008,user_008_s09,0,33,186.18,114.02,0,0
user_008,user_008_s09,0,34,246.27,73.34,0,0
user_008,user_008_s09,0,35,210.98,85.57,0,0
user_008,user_008_s09,0,36,189.54,102.18,0,0
user_008,user_008_s09,0,37,266.49,136.6,0,0
user_008,user_008_s09,0,38,103.01,120.07,0,0
user_008,user_008_s09,0,39,136.47,112.32,0,0
user_008,user_008_s10,0,0,208.58,94.13,0,0
user_008,user_008_s10,0,1,175.72,100.94,0,0
user_008,user_008_s10,0,2,233.95,99.97,0,0
user_008,user_008_s10,0,3,207.83,94.24,0,0
user_008,user_008_s10,0,4,170.28,109.65,0,0
user_008,user_008_s10,0,5,565.08,110.56,1,0
user_008,user_008_s10,0,6,211.17,79.31,0,0
user_008,user_008_s10,0,7,124.33,123.4,0,0
user_008,user_008_s10,0,8,204.33,66.38,0,0
user_008,user_008_s10,0,9,189.64,97.85,0,0
user_008,user_008_s10,0,10,119.5,124.59,0,0
user_008,user_008_s10,0,11,198.39,114.03,0,0
user_008,user_008_s10,0,12,195.12,95.23,0,0
user_008,user_008_s10,0,13,195.29,140.56,0,0
user_008,user_008_s10,0,14,192.96,93.61,0,0
user_008,user_008_s10,0,15,154.0,63.16,0,0
user_008,user_008_s10,0,16,214.62,111.01,0,0
user_008,user_008_s10,0,17,152.28,67.52,0,0
user_008,user_008_s10,0,18,133.43,85.98,0,0
user_008,user_008_s10,0,19,218.67,114.33,0,0
user_008,user_008_s10,0,20,1477.28,93.2,0,0
user_008,user_008_s10,0,21,215.33,113.5,0,0
user_008,user_008_s10,0,22,175.7,79.61,0,0
user_008,user_008_s10,0,23,91.28,118.92,0,0
user_008,user_008_s10,0,24,258.0,69.23,0,0
user_008,user_008_s10,0,25,90.52,127.89,0,0
user_008,user_008_s10,0,26,214.35,92.92,0,0
user_008,user_008_s10,0,27,288.63,132.03,0,0
user_008,user_008_s10,0,28,193.08,85.8,0,0
user_008,user_008_s10,0,29,199.99,139.7,0,0
user_008,user_008_s10,0,30,1257.57,83.52,0,0
user_008,user_008_s10,0,31,195.45,67.22,0,0
user_008,user_008_s10,0,32,300.34,103.03,0,0
user_008,user_008_s10,0,33,144.71,126.24,0,0
user_008,user_008_s10,0,34,138.59,117.6,0,1
user_008,user_008_s10,0,35,169.83,124.86,0,0
user_008,user_008_s10,0,36,270.63,117.99,0,0
user_008,user_008_s10,0,37,157.68,86.2,0,0
user_008,user_008_s10,0,38,206.76,117.13,0,0
user_008,user_008_s10,0,39,237.99,104.0,0,0
user_008,user_008_s11,0,0,1162.54,81.4,0,0
user_008,user_008_s11,0,1,189.37,84.83,0,0
user_008,user_008_s11,0,2,227.6,95.35,0,0
user_008,user_008_s11,0,3,243.96,97.12,0,0
user_008,user_008_s11,0,4,159.06,111.38,0,0
user_008,user_008_s11,0,5,239.62,103.33,0,0
user_008,user_008_s11,0,6,168.17,113.7,0,0
user_008,user_008_s11,0,7,813.61,115.26,0,0
user_008,user_008_s11,0,8,833.75,120.91,0,0
user_008,user_008_s11,0,9,234.78,69.29,0,0
user_008,user_008_s11,0,10,209.11,84.51,0,1
user_008,user_008_s11,0,11,140.94,117.29,0,0
user_008,user_008_s11,0,12,102.46,110.6,0,0
user_008,user_008_s11,0,13,184.44,125.52,0,0
user_008,user_008_s11,0,14,240.93,76.38,0,0
user_008,user_008_s11,0,15,215.51,97.22,0,0
user_008,user_008_s11,0,16,205.39,100.7,1,0
user_008,user_008_s11,0,17,193.26,109.73,0,0
user_008,user_008_s11,0,18,208.66,107.18,0,0
user_008,user_008_s11,0,19,145.15,115.62,0,0
user_008,user_008_s11,0,20,231.62,104.24,0,0
user_008,user_008_s11,0,21,234.84,133.23,0,0
user_008,user_008_s11,0,22,176.29,139.44,0,0
user_008,user_008_s11,0,23,214.89,84.69,0,0
user_008,user_008_s11,0,24,109.95,107.36,0,0
user_008,user_008_s11,0,25,202.37,122.03,0,0
user_008,user_008_s11,0,26,187.11,117.89,0,0
user_008,user_008_s11,0,27,254.96,98.53,0,0
user_008,user_008_s11,0,28,183.92,111.45,0,0
user_008,user_008_s11,0,29,235.93,75.61,0,0
user_008,user_008_s11,0,30,174.54,106.11,0,0
user_008,user_008_s11,0,31,82.19,78.01,0,0
user_008,user_008_s11,0,32,182.61,116.38,0,0
user_008,user_008_s11,0,33,203.19,84.73,0,0
user_008,user_008_s11,0,34,200.95,109.66,0,0
user_008,user_008_s11,0,35,201.68,112.7,0,0
user_008,user_008_s11,0,36,168.92,107.96,0,0
user_008,user_008_s11,0,37,177.82,94.16,0,0
user_008,user_008_s11,0,38,138.71,102.38,0,0
user_008,user_008_s11,0,39,96.3,129.5,0,0
user_008,user_008_s12,0,0,206.29,121.81,0,0
user_008,user_008_s12,0,1,150.98,88.95,0,0
user_008,user_008_s12,0,2,177.24,87.02,0,0
user_008,user_008_s12,0,3,130.59,62.96,0,0
user_008,user_008_s12,0,4,193.35,117.52,0,0
user_008,user_008_s12,0,5,183.18,100.21,1,0
user_008,user_008_s12,0,6,121.07,63.61,0,0
user_008,user_008_s12,0,7,171.92,122.14,0,0
user_008,user_008_s12,0,8,177.64,92.14,0,0
user_008,user_008_s12,0,9,193.17,94.54,0,0
user_008,user_008_s12,0,10,194.98,69.22,0,0
user_008,user_008_s12,0,11,144.34,108.31,0,0
user_008,user_008_s12,0,12,216.69,108.49,0,0
user_008,user_008_s12,0,13,204.97,97.78,0,0
user_008,user_008_s12,0,14,144.17,90.56,0,0
user_008,user_008_s12,0,15,1317.44,149.91,0,0
user_008,user_008_s12,0,16,768.17,75.26,0,0
user_008,user_008_s12,0,17,107.76,84.65,0,0
user_008,user_008_s12,0,18,189.62,112.52,0,0
user_008,user_008_s12,0,19,237.16,78.94,0,0
user_008,user_008_s12,0,20,248.75,77.5,0,0
user_008,user_008_s12,0,21,126.39,120.77,0,0
user_008,user_008_s12,0,22,217.82,110.51,0,0
user_008,user_008_s12,0,23,183.6,108.15,0,0
user_008,user_008_s12,0,24,62.72,102.26,0,0
user_008,user_008_s12,0,25,163.28,85.22,0,0
user_008,user_008_s12,0,26,157.86,93.79,0,0
user_008,user_008_s12,0,27,720.92,97.17,0,0
user_008,user_008_s12,0,28,137.04,115.21,0,0
user_008,user_008_s12,0,29,206.92,107.01,0,0
user_008,user_008_s12,0,30,174.26,80.63,0,0
user_008,user_008_s12,0,31,109.02,114.1,0,0
user_008,user_008_s12,0,32,152.57,66.0,0,0
user_008,user_008_s12,0,33,254.12,92.47,0,0
user_008,user_008_s12,0,34,171.03,76.45,1,0
user_008,user_008_s12,0,35,223.62,82.01,0,0
user_008,user_008_s12,0,36,220.95,136.27,0,0
user_008,user_008_s12,0,37,157.64,70.05,0,0
user_008,user_008_s12,0,38,116.94,82.75,0,0
user_008,user_008_s12,0,39,123.35,108.66,0,1
user_008,user_008_s13,0,0,157.71,82.89,0,0
user_008,user_008_s13,0,1,156.91,121.06,0,0
user_008,user_008_s13,0,2,197.64,137.21,0,0
user_008,user_008_s13,0,3,173.06,100.02,0,0
user_008,user_008_s13,0,4,124.69,134.74,0,0
user_008,user_008_s13,0,5,88.36,116.34,0,1
user_008,user_008_s13,0,6,151.8,142.7,0,0
user_008,user_008_s13,0,7,113.46,108.66,0,0
user_008,user_008_s13,0,8,140.1,102.11,0,0
user_008,user_008_s13,0,9,160.19,115.87,0,0
user_008,user_008_s13,0,10,173.7,91.0,0,0
user_008,user_008_s13,0,11,148.36,107.39,0,0
user_008,user_008_s13,0,12,287.6,125.39,0,0
user_008,user_008_s13,0,13,119.36,115.42,0,0
user_008,user_008_s13,0,14,239.74,98.85,0,0
user_008,user_008_s13,0,15,172.9,103.36,0,0
user_008,user_008_s13,0,16,148.78,114.22,0,0
user_008,user_008_s13,0,17,209.45,113.57,0,0
user_008,user_008_s13,0,18,158.75,114.07,1,0
user_008,user_008_s13,0,19,141.49,106.07,0,0
user_008,user_008_s13,0,20,268.04,83.38,0,0
user_008,user_008_s13,0,21,73.88,86.48,0,0
user_008,user_008_s13,0,22,168.89,108.44,0,0
user_008,user_008_s13,0,23,190.08,115.66,0,0
user_008,user_008_s13,0,24,249.43,113.13,0,0
user_008,user_008_s13,0,25,161.4,86.29,0,0
user_008,user_008_s13,0,26,310.49,96.5,0,0
user_008,user_008_s13,0,27,217.81,76.56,0,0
user_008,user_008_s13,0,28,65.46,72.33,0,0
user_008,user_008_s13,0,29,109.98,101.04,0,0
user_008,user_008_s13,0,30,192.36,125.92,0,0
user_008,user_008_s13,0,31,125.08,101.4,0,0
user_008,user_008_s13,0,32,207.52,136.64,0,0
user_008,user_008_s13,0,33,158.71,96.25,0,0
user_008,user_008_s13,0,34,122.54,100.06,0,0
user_008,user_008_s13,0,35,133.81,80.13,0,0
user_008,user_008_s13,0,36,222.33,92.68,0,0
user_008,user_008_s13,0,37,82.24,76.26,0,0
user_008,user_008_s13,0,38,231.76,69.33,0,0
user_008,user_008_s13,0,39,233.18,76.59,0,0
user_009,user_009_s00,1,0,488.49,170.49,0,0
user_009,user_009_s00,1,1,407.97,198.28,0,0
user_009,user_009_s00,1,2,370.32,187.7,0,0
user_009,user_009_s00,1,3,929.69,135.16,0,0
user_009,user_009_s00,1,4,282.49,202.17,0,0
user_009,user_009_s00,1,5,264.52,188.32,0,0
user_009,user_009_s00,1,6,391.42,159.31,0,0
user_009,user_009_s00,1,7,475.82,169.66,0,0
user_009,user_009_s00,1,8,304.2,170.54,0,0
user_009,user_009_s00,1,9,271.48,176.11,0,0
user_009,user_009_s00,1,10,203.34,247.86,0,0
user_009,user_009_s00,1,11,358.04,259.72,0,0
user_009,user_009_s00,1,12,446.18,87.26,0,0
user_009,user_009_s00,1,13,450.66,202.36,0,0
user_009,user_009_s00,1,14,459.53,219.07,0,0
user_009,user_009_s00,1,15,373.33,177.14,0,0
user_009,user_009_s00,1,16,344.21,218.11,0,0
user_009,user_009_s00,1,17,1147.34,244.11,0,0
user_009,user_009_s00,1,18,236.77,135.75,0,0
user_009,user_009_s00,1,19,296.68,189.67,0,1
user_009,user_009_s00,1,20,489.29,254.94,0,0
user_009,user_009_s00,1,21,239.94,140.56,0,0
user_009,user_009_s00,1,22,333.05,180.75,0,0
user_009,user_009_s00,1,23,392.65,168.82,1,0
user_009,user_009_s00,1,24,343.54,222.54,0,0
user_009,user_009_s00,1,25,439.03,227.53,0,0
user_009,user_009_s00,1,26,472.71,190.69,0,0
user_009,user_009_s00,1,27,379.08,186.03,0,0
user_009,user_009_s00,1,28,460.57,123.32,0,0
user_009,user_009_s00,1,29,253.01,235.83,0,0
user_009,user_009_s00,1,30,1507.15,172.23,1,0
user_009,user_009_s00,1,31,1457.34,179.78,0,0
user_009,user_009_s00,1,32,510.07,219.67,0,0
user_009,user_009_s00,1,33,1192.51,191.95,1,0
user_009,user_009_s00,1,34,335.0,220.82,0,0
user_009,user_009_s00,1,35,1294.83,206.48,0,0
user_009,user_009_s00,1,36,1710.8,192.17,0,0
user_009,user_009_s00,1,37,450.19,195.99,0,0
user_009,user_009_s00,1,38,500.78,144.67,0,0
user_009,user_009_s00,1,39,339.49,179.54,0,0
user_009,user_009_s01,1,0,178.48,118.6,0,0
user_009,user_009_s01,1,1,256.88,182.76,0,0
user_009,user_009_s01,1,2,206.74,94.07,0,0
user_009,user_009_s01,1,3,1114.2,157.81,0,0
user_009,user_009_s01,1,4,228.64,144.19,0,0
user_009,user_009_s01,1,5,243.65,141.42,0,0
user_009,user_009_s01,1,6,1217.6,147.92,0,0
user_009,user_009_s01,1,7,358.76,123.5,0,1
user_009,user_009_s01,1,8,368.96,159.36,0,0
user_009,user_009_s01,1,9,154.02,148.73,0,0
user_009,user_009_s01,1,10,300.68,172.86,0,0
user_009,user_009_s01,1,11,286.01,190.94,0,0
user_009,user_009_s01,1,12,263.84,150.56,0,0
user_009,user_009_s01,1,13,271.96,124.46,1,0
user_009,user_009_s01,1,14,356.07,115.66,0,0
user_009,user_009_s01,1,15,339.02,193.92,0,0
user_009,user_009_s01,1,16,329.24,190.39,0,0
user_009,user_009_s01,1,17,281.65,171.54,0,0
user_009,user_009_s01,1,18,424.01,148.71,0,0
user_009,user_009_s01,1,19,239.74,169.55,0,0
user_009,user_009_s01,1,20,155.9,183.05,0,0
user_009,user_009_s01,1,21,249.07,130.0,0,0
user_009,user_009_s01,1,22,271.35,147.88,0,1
user_009,user_009_s01,1,23,357.27,116.53,0,0
user_009,user_009_s01,1,24,232.12,143.49,0,0
user_009,user_009_s01,1,25,301.26,189.67,0,0
user_009,user_009_s01,1,26,165.47,176.82,0,0
user_009,user_009_s01,1,27,341.97,150.78,0,0
user_009,user_009_s01,1,28,272.08,72.74,0,0
user_009,user_009_s01,1,29,970.25,128.96,0,0
user_009,user_009_s01,1,30,1237.59,149.88,1,0
user_009,user_009_s01,1,31,341.18,141.1,0,0
user_009,user_009_s01,1,32,1176.39,147.96,0,0
user_009,user_009_s01,1,33,259.83,153.75,1,0
user_009,user_009_s01,1,34,456.13,132.33,0,0
user_009,user_009_s01,1,35,403.88,146.85,0,0
user_009,user_009_s01,1,36,331.04,142.93,0,0
user_009,user_009_s01,1,37,139.96,127.65,1,0
user_009,user_009_s01,1,38,359.27,198.0,0,0
user_009,user_009_s01,1,39,223.55,133.91,0,1
user_009,user_009_s02,0,0,256.4,110.8,0,0
user_009,user_009_s02,0,1,197.42,140.89,0,0
user_009,user_009_s02,0,2,219.38,96.89,0,0
user_009,user_009_s02,0,3,249.45,128.65,0,0
user_009,user_009_s02,0,4,149.18,128.18,0,0
user_009,user_009_s02,0,5,186.23,136.18,0,0
user_009,user_009_s02,0,6,237.86,146.39,0,0
user_009,user_009_s02,0,7,287.09,108.41,0,0
user_009,user_009_s02,0,8,1581.1,130.38,0,0
user_009,user_009_s02,0,9,285.96,99.31,0,0
user_009,user_009_s02,0,10,190.42,99.12,0,0
user_009,user_009_s02,0,11,82.12,112.28,0,0
user_009,user_009_s02,0,12,252.08,128.54,0,0
user_009,user_009_s02,0,13,243.71,149.41,0,0
user_009,user_009_s02,0,14,251.76,152.41,0,0
user_009,user_009_s02,0,15,250.16,115.96,0,0
user_009,user_009_s02,0,16,229.36,126.84,0,0
user_009,user_009_s02,0,17,210.81,137.33,0,0
user_009,user_009_s02,0,18,212.38,134.41,0,0
user_009,user_009_s02,0,19,202.51,119.02,0,0
user_009,user_009_s02,0,20,204.98,123.06,0,0
user_009,user_009_s02,0,21,146.92,119.99,0,0
user_009,user_009_s02,0,22,171.48,118.37,0,0
user_009,user_009_s02,0,23,214.74,116.18,0,0
user_009,user_009_s02,0,24,129.23,119.84,0,0
user_009,user_009_s02,0,25,138.82,115.12,0,0
user_009,user_009_s02,0,26,207.7,103.11,0,0
user_009,user_009_s02,0,27,216.18,136.01,0,0
user_009,user_009_s02,0,28,208.57,130.3,0,0
user_009,user_009_s02,0,29,123.51,152.7,0,0
user_009,user_009_s02,0,30,285.36,127.89,0,0
user_009,user_009_s02,0,31,162.35,114.94,0,0
user_009,user_009_s02,0,32,187.79,111.49,0,0
user_009,user_009_s02,0,33,169.53,122.58,0,0
user_009,user_009_s02,0,34,274.93,130.91,0,0
user_009,user_009_s02,0,35,238.81,117.78,0,0
user_009,user_009_s02,0,36,201.99,97.6,0,0
user_009,user_009_s02,0,37,199.09,109.64,0,0
user_009,user_009_s02,0,38,228.86,122.1,0,0
user_009,user_009_s02,0,39,170.16,133.99,0,0
user_009,user_009_s03,0,0,209.19,105.7,1,0
user_009,user_009_s03,0,1,204.58,99.32,0,0
user_009,user_009_s03,0,2,200.17,140.4,0,0
user_009,user_009_s03,0,3,301.47,121.44,0,0
user_009,user_009_s03,0,4,185.34,127.89,0,0
user_009,user_009_s03,0,5,158.84,120.79,0,0
user_009,user_009_s03,0,6,192.3,130.28,0,0
user_009,user_009_s03,0,7,185.72,99.46,0,0
user_009,user_009_s03,0,8,259.52,115.58,0,0
user_009,user_009_s03,0,9,151.85,122.54,0,0
user_009,user_009_s03,0,10,839.78,135.5,0,0
user_009,user_009_s03,0,11,215.51,158.22,0,0
user_009,user_009_s03,0,12,259.87,120.92,0,0
user_009,user_009_s03,0,13,237.02,103.33,0,0
user_009,user_009_s03,0,14,274.3,94.53,0,0
user_009,user_009_s03,0,15,221.9,99.32,0,0
user_009,user_009_s03,0,16,199.28,101.47,0,0
user_009,user_009_s03,0,17,242.88,66.45,0,0
user_009,user_009_s03,0,18,151.39,103.09,0,0
user_009,user_009_s03,0,19,137.28,126.02,0,0
user_009,user_009_s03,0,20,247.85,115.46,1,0
user_009,user_009_s03,0,21,216.33,109.96,0,0
user_009,user_009_s03,0,22,247.34,87.51,0,0
user_009,user_009_s03,0,23,172.58,131.51,0,0
user_009,user_009_s03,0,24,260.54,122.64,0,0
user_009,user_009_s03,0,25,235.26,114.0,0,0
user_009,user_009_s03,0,26,206.38,77.95,0,1
user_009,user_009_s03,0,27,216.2,106.13,0,0
user_009,user_009_s03,0,28,221.94,121.36,0,0
user_009,user_009_s03,0,29,172.4,113.74,0,0
user_009,user_009_s03,0,30,191.82,117.37,0,0
user_009,user_009_s03,0,31,221.29,125.5,0,0
user_009,user_009_s03,0,32,190.16,116.76,0,0
user_009,user_009_s03,0,33,147.18,124.91,0,0
user_009,user_009_s03,0,34,219.8,100.33,0,0
user_009,user_009_s03,0,35,242.07,94.08,0,0
user_009,user_009_s03,0,36,251.64,122.07,0,0
user_009,user_009_s03,0,37,229.57,125.45,0,0
user_009,user_009_s03,0,38,241.34,122.76,0,0
user_009,user_009_s03,0,39,248.31,116.38,0,0
user_009,user_009_s04,1,0,246.5,141.36,0,1
user_009,user_009_s04,1,1,275.34,206.06,0,0
user_009,user_009_s04,1,2,262.59,188.19,0,0
user_009,user_009_s04,1,3,242.2,156.16,0,0
user_009,user_009_s04,1,4,132.56,134.26,0,0
user_009,user_009_s04,1,5,267.97,125.54,0,0
user_009,user_009_s04,1,6,88.94,159.21,0,0
user_009,user_009_s04,1,7,189.69,133.23,0,0
user_009,user_009_s04,1,8,296.87,158.68,0,0
user_009,user_009_s04,1,9,361.53,161.42,0,0
user_009,user_009_s04,1,10,468.57,129.97,0,0
user_009,user_009_s04,1,11,212.18,178.9,0,0
user_009,user_009_s04,1,12,171.86,130.0,0,0
user_009,user_009_s04,1,13,299.92,139.23,0,0
user_009,user_009_s04,1,14,424.32,102.35,0,0
user_009,user_009_s04,1,15,393.19,128.45,0,0
user_009,user_009_s04,1,16,156.17,218.13,0,0
user_009,user_009_s04,1,17,238.74,105.2,0,0
user_009,user_009_s04,1,18,1407.55,154.6,0,0
user_009,user_009_s04,1,19,336.61,121.66,0,0
user_009,user_009_s04,1,20,306.34,56.7,0,0
user_009,user_009_s04,1,21,210.29,159.08,0,0
user_009,user_009_s04,1,22,305.52,117.91,0,0
user_009,user_009_s04,1,23,337.5,150.22,0,0
user_009,user_009_s04,1,24,165.68,174.98,0,0
user_009,user_009_s04,1,25,374.5,147.1,0,0
user_009,user_009_s04,1,26,343.27,150.56,0,1
user_009,user_009_s04,1,27,183.23,106.4,0,0
user_009,user_009_s04,1,28,337.09,164.54,0,0
user_009,user_009_s04,1,29,326.77,131.44,0,0
user_009,user_009_s04,1,30,330.28,64.66,0,1
user_009,user_009_s04,1,31,397.18,168.99,0,1
user_009,user_009_s04,1,32,250.75,180.27,0,0
user_009,user_009_s04,1,33,1510.79,193.13,0,0
user_009,user_009_s04,1,34,40.0,218.59,0,0
user_009,user_009_s04,1,35,354.71,167.0,0,0
user_009,user_009_s04,1,36,345.82,157.42,0,0
user_009,user_009_s04,1,37,376.88,178.74,0,0
user_009,user_009_s04,1,38,165.25,105.69,0,0
user_009,user_009_s04,1,39,340.51,76.71,1,0
user_009,user_009_s05,0,0,159.27,100.95,1,0
user_009,user_009_s05,0,1,110.22,104.23,0,0
user_009,user_009_s05,0,2,157.29,93.07,0,0
user_009,user_009_s05,0,3,185.17,103.72,0,0
user_009,user_009_s05,0,4,213.78,91.89,0,0
user_009,user_009_s05,0,5,95.01,69.0,0,0
user_009,user_009_s05,0,6,204.87,118.99,0,0
user_009,user_009_s05,0,7,142.18,90.91,0,1
user_009,user_009_s05,0,8,132.15,102.54,0,0
user_009,user_009_s05,0,9,184.99,87.7,0,0
user_009,user_009_s05,0,10,208.02,88.19,0,0
user_009,user_009_s05,0,11,178.07,83.11,0,0
user_009,user_009_s05,0,12,137.22,115.83,0,0
user_009,user_009_s05,0,13,178.05,119.8,0,0
user_009,user_009_s05,0,14,152.36,100.64,0,0
user_009,user_009_s05,0,15,207.07,91.38,0,0
user_009,user_009_s05,0,16,226.47,72.34,0,0
user_009,user_009_s05,0,17,223.84,113.31,1,0
user_009,user_009_s05,0,18,181.4,89.08,0,0
user_009,user_009_s05,0,19,228.42,81.82,0,0
user_009,user_009_s05,0,20,140.19,100.7,0,0
user_009,user_009_s05,0,21,255.59,94.71,0,0
user_009,user_009_s05,0,22,139.95,75.22,0,0
user_009,user_009_s05,0,23,98.65,77.48,0,0
user_009,user_009_s05,0,24,238.41,105.76,0,0
user_009,user_009_s05,0,25,152.98,89.42,0,0
user_009,user_009_s05,0,26,187.01,108.62,0,0
user_009,user_009_s05,0,27,139.78,102.63,0,0
user_009,user_009_s05,0,28,279.49,117.46,0,0
user_009,user_009_s05,0,29,257.19,86.51,0,0
user_009,user_009_s05,0,30,245.86,104.05,0,0
user_009,user_009_s05,0,31,185.85,110.72,0,0
user_009,user_009_s05,0,32,222.57,89.9,0,0
user_009,user_009_s05,0,33,180.03,118.77,0,0
user_009,user_009_s05,0,34,228.4,72.78,0,0
user_009,user_009_s05,0,35,970.04,86.5,0,0
user_009,user_009_s05,0,36,247.43,72.17,0,0
user_009,user_009_s05,0,37,163.24,88.1,0,0
user_009,user_009_s05,0,38,167.91,97.67,0,0
user_009,user_009_s05,0,39,163.01,113.9,0,0
user_009,user_009_s06,0,0,159.96,107.91,0,0
user_009,user_009_s06,0,1,142.93,81.02,0,0
user_009,user_009_s06,0,2,228.22,99.28,0,0
user_009,user_009_s06,0,3,215.9,117.7,0,0
user_009,user_009_s06,0,4,181.55,100.07,0,0
user_009,user_009_s06,0,5,196.0,114.31,0,0
user_009,user_009_s06,0,6,180.45,74.81,0,0
user_009,user_009_s06,0,7,219.47,77.62,0,0
user_009,user_009_s06,0,8,205.46,89.13,0,0
user_009,user_009_s06,0,9,212.87,96.59,0,0
user_009,user_009_s06,0,10,176.16,106.73,0,0
user_009,user_009_s06,0,11,158.07,111.72,0,0
user_009,user_009_s06,0,12,211.43,141.84,0,0
user_009,user_009_s06,0,13,247.91,89.07,0,0
user_009,user_009_s06,0,14,229.58,96.06,0,0
user_009,user_009_s06,0,15,249.16,89.53,0,0
user_009,user_009_s06,0,16,190.73,119.0,0,0
user_009,user_009_s06,0,17,144.14,119.9,0,0
user_009,user_009_s06,0,18,147.79,93.86,0,0
user_009,user_009_s06,0,19,240.84,135.24,0,0
user_009,user_009_s06,0,20,107.42,89.56,0,0
user_009,user_009_s06,0,21,246.0,118.19,0,1
user_009,user_009_s06,0,22,151.64,125.18,0,0
user_009,user_009_s06,0,23,263.23,78.82,0,0
user_009,user_009_s06,0,24,181.15,110.74,0,0
user_009,user_009_s06,0,25,213.8,56.37,0,0
user_009,user_009_s06,0,26,282.23,114.8,0,0
user_009,user_009_s06,0,27,170.47,83.1,0,0
user_009,user_009_s06,0,28,169.78,110.58,0,0
user_009,user_009_s06,0,29,155.46,113.66,0,0
user_009,user_009_s06,0,30,142.83,119.68,0,0
user_009,user_009_s06,0,31,170.48,115.89,0,0
user_009,user_009_s06,0,32,161.22,102.15,0,0
user_009,user_009_s06,0,33,132.6,94.97,0,0
user_009,user_009_s06,0,34,175.4,100.01,0,0
user_009,user_009_s06,0,35,202.57,82.86,0,0
user_009,user_009_s06,0,36,147.18,97.75,0,0
user_009,user_009_s06,0,37,177.37,96.45,0,0
user_009,user_009_s06,0,38,241.95,88.26,0,0
user_009,user_009_s06,0,39,125.63,72.57,0,0
user_009,user_009_s07,0,0,265.33,88.24,0,0
user_009,user_009_s07,0,1,223.27,108.53,0,0
user_009,user_009_s07,0,2,266.76,121.25,0,0
user_009,user_009_s07,0,3,212.29,124.84,0,0
user_009,user_009_s07,0,4,239.27,122.52,0,0
user_009,user_009_s07,0,5,223.81,131.09,0,0
user_009,user_009_s07,0,6,188.75,143.17,0,0
user_009,user_009_s07,0,7,193.69,104.51,0,0
user_009,user_009_s07,0,8,1076.71,157.37,0,0
user_009,user_009_s07,0,9,213.07,77.92,0,0
user_009,user_009_s07,0,10,183.38,98.36,0,0
user_009,user_009_s07,0,11,220.08,114.47,0,0
user_009,user_009_s07,0,12,218.69,120.22,0,0
user_009,user_009_s07,0,13,210.59,108.19,0,0
user_009,user_009_s07,0,14,211.3,103.02,0,0
user_009,user_009_s07,0,15,178.84,147.44,0,0
user_009,user_009_s07,0,16,190.54,102.23,0,1
user_009,user_009_s07,0,17,133.38,94.4,0,0
user_009,user_009_s07,0,18,197.21,139.02,0,0
user_009,user_009_s07,0,19,161.57,125.16,0,0
user_009,user_009_s07,0,20,206.25,129.2,0,0
user_009,user_009_s07,0,21,172.73,114.4,0,0
user_009,user_009_s07,0,22,117.74,88.52,0,0
user_009,user_009_s07,0,23,294.85,112.57,0,0
user_009,user_009_s07,0,24,192.62,86.26,0,0
user_009,user_009_s07,0,25,794.77,115.17,0,0
user_009,user_009_s07,0,26,180.45,121.94,0,0
user_009,user_009_s07,0,27,272.04,128.88,0,0
user_009,user_009_s07,0,28,154.74,109.66,0,0
user_009,user_009_s07,0,29,209.39,123.5,0,0
user_009,user_009_s07,0,30,157.18,96.3,0,0
user_009,user_009_s07,0,31,309.19,127.09,0,0
user_009,user_009_s07,0,32,191.88,122.28,0,0
user_009,user_009_s07,0,33,236.24,98.0,0,0
user_009,user_009_s07,0,34,220.69,119.91,0,0
user_009,user_009_s07,0,35,201.09,129.12,0,0
user_009,user_009_s07,0,36,223.45,112.47,0,0
user_009,user_009_s07,0,37,258.09,97.64,0,0
user_009,user_009_s07,0,38,229.65,114.11,0,0
user_009,user_009_s07,0,39,208.83,120.27,0,0
user_009,user_009_s08,0,0,189.81,117.17,0,0
user_009,user_009_s08,0,1,256.45,107.99,0,0
user_009,user_009_s08,0,2,196.23,87.69,0,0
user_009,user_009_s08,0,3,287.62,130.46,0,0
user_009,user_009_s08,0,4,233.23,114.76,0,0
user_009,user_009_s08,0,5,212.36,128.95,0,0
user_009,user_009_s08,0,6,238.88,75.92,0,0
user_009,user_009_s08,0,7,264.01,111.48,0,0
user_009,user_009_s08,0,8,238.0,98.75,0,0
user_009,user_009_s08,0,9,197.88,111.14,0,0
user_009,user_009_s08,0,10,173.84,126.08,0,0
user_009,user_009_s08,0,11,154.81,116.64,0,0
user_009,user_009_s08,0,12,100.54,110.85,0,0
user_009,user_009_s08,0,13,208.17,110.76,0,0
user_009,user_009_s08,0,14,185.04,84.87,0,0
user_009,user_009_s08,0,15,187.24,95.62,0,0
user_009,user_009_s08,0,16,243.34,129.01,0,0
user_009,user_009_s08,0,17,196.38,102.23,0,0
user_009,user_009_s08,0,18,279.0,129.32,0,0
user_009,user_009_s08,0,19,177.41,124.15,0,0
user_009,user_009_s08,0,20,161.03,125.02,0,0
user_009,user_009_s08,0,21,149.23,116.03,0,0
user_009,user_009_s08,0,22,230.75,103.37,0,0
user_009,user_009_s08,0,23,248.39,108.06,0,0
user_009,user_009_s08,0,24,755.43,121.09,0,0
user_009,user_009_s08,0,25,157.2,75.55,0,0
user_009,user_009_s08,0,26,263.98,131.03,0,0
user_009,user_009_s08,0,27,141.3,102.31,0,0
user_009,user_009_s08,0,28,242.58,109.13,0,0
user_009,user_009_s08,0,29,177.5,109.27,0,0
user_009,user_009_s08,0,30,217.34,109.89,0,0
user_009,user_009_s08,0,31,245.32,88.92,0,0
user_009,user_009_s08,0,32,220.6,113.05,0,0
user_009,user_009_s08,0,33,188.84,120.33,0,0
user_009,user_009_s08,0,34,258.46,76.89,0,0
user_009,user_009_s08,0,35,212.9,89.13,0,0
user_009,user_009_s08,0,36,352.57,125.3,0,0
user_009,user_009_s08,0,37,130.81,122.23,0,0
user_009,user_009_s08,0,38,130.21,115.47,0,0
user_009,user_009_s08,0,39,241.92,99.32,0,0
user_009,user_009_s09,0,0,215.46,104.46,0,0
user_009,user_009_s09,0,1,168.36,104.52,0,0
user_009,user_009_s09,0,2,208.48,103.07,0,0
user_009,user_009_s09,0,3,255.56,123.99,0,0
user_009,user_009_s09,0,4,235.74,92.04,0,0
user_009,user_009_s09,0,5,199.43,105.71,0,0
user_009,user_009_s09,0,6,205.7,98.82,0,0
user_009,user_009_s09,0,7,173.91,98.59,0,0
user_009,user_009_s09,0,8,175.07,108.41,0,0
user_009,user_009_s09,0,9,132.79,105.97,0,0
user_009,user_009_s09,0,10,206.39,125.15,0,0
user_009,user_009_s09,0,11,224.15,107.66,0,0
user_009,user_009_s09,0,12,193.14,116.97,0,0
user_009,user_009_s09,0,13,159.95,110.68,0,0
user_009,user_009_s09,0,14,198.78,130.94,0,0
user_009,user_009_s09,0,15,251.29,102.85,0,0
user_009,user_009_s09,0,16,233.02,102.9,0,0
user_009,user_009_s09,0,17,194.85,120.1,0,0
user_009,user_009_s09,0,18,280.33,102.63,0,0
user_009,user_009_s09,0,19,307.14,116.04,0,0
user_009,user_009_s09,0,20,176.3,146.32,0,0
user_009,user_009_s09,0,21,185.94,91.72,0,0
user_009,user_009_s09,0,22,224.6,133.05,0,0
user_009,user_009_s09,0,23,158.48,99.73,0,0
user_009,user_009_s09,0,24,1364.93,129.86,0,0
user_009,user_009_s09,0,25,200.24,119.13,0,0
user_009,user_009_s09,0,26,211.36,117.72,0,0
user_009,user_009_s09,0,27,172.37,105.35,0,0
user_009,user_009_s09,0,28,163.64,103.71,0,0
user_009,user_009_s09,0,29,114.34,95.95,0,0
user_009,user_009_s09,0,30,257.17,107.94,0,0
user_009,user_009_s09,0,31,234.81,104.8,0,0
user_009,user_009_s09,0,32,223.77,110.98,0,0
user_009,user_009_s09,0,33,210.4,84.61,0,0
user_009,user_009_s09,0,34,101.22,108.21,0,0
user_009,user_009_s09,0,35,165.14,128.62,0,0
user_009,user_009_s09,0,36,185.52,123.38,0,0
user_009,user_009_s09,0,37,151.55,108.21,0,0
user_009,user_009_s09,0,38,126.35,150.02,0,0
user_009,user_009_s09,0,39,155.83,98.33,0,0
user_009,user_009_s10,0,0,208.04,108.53,0,0
user_009,user_009_s10,0,1,213.84,97.34,0,0
user_009,user_009_s10,0,2,200.37,88.18,0,0
user_009,user_009_s10,0,3,254.43,106.09,0,0
user_009,user_009_s10,0,4,142.27,129.06,0,0
user_009,user_009_s10,0,5,185.71,124.45,0,0
user_009,user_009_s10,0,6,126.13,101.89,0,0
user_009,user_009_s10,0,7,221.17,101.55,0,0
user_009,user_009_s10,0,8,218.43,100.34,0,0
user_009,user_009_s10,0,9,333.43,100.34,0,0
user_009,user_009_s10,0,10,237.85,112.32,0,0
user_009,user_009_s10,0,11,209.24,124.99,0,0
user_009,user_009_s10,0,12,206.09,144.83,0,0
user_009,user_009_s10,0,13,182.57,93.92,0,0
user_009,user_009_s10,0,14,200.97,118.3,0,1
user_009,user_009_s10,0,15,206.97,116.51,0,0
user_009,user_009_s10,0,16,114.73,102.15,0,0
user_009,user_009_s10,0,17,203.71,90.69,0,0
user_009,user_009_s10,0,18,199.76,112.11,0,0
user_009,user_009_s10,0,19,267.8,142.48,0,0
user_009,user_009_s10,0,20,1469.07,112.01,0,0
user_009,user_009_s10,0,21,708.25,94.62,0,0
user_009,user_009_s10,0,22,206.65,104.99,0,0
user_009,user_009_s10,0,23,198.66,88.81,0,0
user_009,user_009_s10,0,24,190.22,107.88,0,0
user_009,user_009_s10,0,25,142.96,118.83,0,0
user_009,user_009_s10,0,26,189.18,96.18,0,0
user_009,user_009_s10,0,27,171.76,53.98,0,0
user_009,user_009_s10,0,28,186.69,112.14,0,0
user_009,user_009_s10,0,29,225.74,99.32,0,0
user_009,user_009_s10,0,30,167.84,95.22,0,0
user_009,user_009_s10,0,31,186.49,95.08,0,1
user_009,user_009_s10,0,32,217.88,114.17,0,0
user_009,user_009_s10,0,33,184.51,100.86,0,0
user_009,user_009_s10,0,34,302.99,122.9,0,0
user_009,user_009_s10,0,35,205.84,123.26,0,0
user_009,user_009_s10,0,36,144.48,103.12,0,0
user_009,user_009_s10,0,37,161.05,99.0,0,0
user_009,user_009_s10,0,38,156.91,109.68,0,0
user_009,user_009_s10,0,39,161.64,105.19,0,0
user_009,user_009_s11,0,0,167.43,100.86,0,0
user_009,user_009_s11,0,1,143.15,93.74,0,0
user_009,user_009_s11,0,2,216.59,114.27,0,0
user_009,user_009_s11,0,3,166.84,108.19,0,0
user_009,user_009_s11,0,4,184.3,110.63,0,0
user_009,user_009_s11,0,5,201.98,100.66,0,0
user_009,user_009_s11,0,6,192.36,102.17,0,0
user_009,user_009_s11,0,7,191.97,99.93,0,0
user_009,user_009_s11,0,8,154.95,101.61,1,0
user_009,user_009_s11,0,9,203.26,112.61,0,0
user_009,user_009_s11,0,10,179.32,74.04,0,0
user_009,user_009_s11,0,11,188.64,110.45,0,0
user_009,user_009_s11,0,12,239.86,91.41,0,0
user_009,user_009_s11,0,13,212.99,100.13,0,0
user_009,user_009_s11,0,14,168.7,80.0,0,0
user_009,user_009_s11,0,15,186.07,99.8,0,0
user_009,user_009_s11,0,16,258.03,110.28,0,0
user_009,user_009_s11,0,17,179.54,113.23,0,0
user_009,user_009_s11,0,18,193.84,86.18,0,0
user_009,user_009_s11,0,19,219.53,112.44,0,0
user_009,user_009_s11,0,20,201.05,124.47,0,0
user_009,user_009_s11,0,21,176.85,97.58,0,0
user_009,user_009_s11,0,22,161.6,105.72,0,0
user_009,user_009_s11,0,23,191.78,71.65,0,0
user_009,user_009_s11,0,24,219.28,90.94,1,0
user_009,user_009_s11,0,25,246.56,110.16,0,0
user_009,user_009_s11,0,26,131.88,121.44,0,0
user_009,user_009_s11,0,27,264.75,95.84,0,0
user_009,user_009_s11,0,28,180.33,149.66,0,0
user_009,user_009_s11,0,29,230.26,110.88,0,0
user_009,user_009_s11,0,30,161.84,84.74,0,0
user_009,user_009_s11,0,31,125.89,126.9,0,0
user_009,user_009_s11,0,32,138.16,85.08,0,0
user_009,user_009_s11,0,33,178.57,111.12,0,0
user_009,user_009_s11,0,34,213.77,90.41,0,0
user_009,user_009_s11,0,35,193.48,83.36,0,0
user_009,user_009_s11,0,36,181.9,121.55,0,0
user_009,user_009_s11,0,37,238.21,101.43,0,0
user_009,user_009_s11,0,38,192.28,134.12,0,0
user_009,user_009_s11,0,39,203.71,88.95,0,0
user_009,user_009_s12,0,0,250.03,107.39,0,0
user_009,user_009_s12,0,1,150.39,93.31,0,0
user_009,user_009_s12,0,2,171.79,130.9,0,0
user_009,user_009_s12,0,3,217.95,108.63,0,0
user_009,user_009_s12,0,4,162.93,107.92,0,0
user_009,user_009_s12,0,5,104.97,72.49,0,0
user_009,user_009_s12,0,6,209.93,108.9,0,0
user_009,user_009_s12,0,7,238.65,104.39,0,0
user_009,user_009_s12,0,8,196.5,80.93,0,0
user_009,user_009_s12,0,9,224.37,127.29,0,0
user_009,user_009_s12,0,10,218.41,102.18,0,0
user_009,user_009_s12,0,11,202.24,142.2,0,0
user_009,user_009_s12,0,12,1015.22,134.28,0,0
user_009,user_009_s12,0,13,257.34,99.14,1,0
user_009,user_009_s12,0,14,162.12,133.54,0,0
user_009,user_009_s12,0,15,233.63,137.51,1,0
user_009,user_009_s12,0,16,153.2,101.79,0,0
user_009,user_009_s12,0,17,169.09,93.99,0,0
user_009,user_009_s12,0,18,251.03,75.51,0,0
user_009,user_009_s12,0,19,152.01,117.26,0,0
user_009,user_009_s12,0,20,191.86,94.97,0,0
user_009,user_009_s12,0,21,299.0,117.75,0,0
user_009,user_009_s12,0,22,244.02,101.65,0,0
user_009,user_009_s12,0,23,171.47,98.16,0,0
user_009,user_009_s12,0,24,178.52,101.75,0,0
user_009,user_009_s12,0,25,194.81,89.59,0,0
user_009,user_009_s12,0,26,255.81,101.74,0,0
user_009,user_009_s12,0,27,160.58,98.87,0,0
user_009,user_009_s12,0,28,158.09,110.76,0,0
user_009,user_009_s12,0,29,231.17,112.71,0,0
user_009,user_009_s12,0,30,132.61,93.36,0,0
user_009,user_009_s12,0,31,164.31,129.12,0,0
user_009,user_009_s12,0,32,198.31,108.37,0,0
user_009,user_009_s12,0,33,200.42,135.73,0,0
user_009,user_009_s12,0,34,145.64,114.96,0,0
user_009,user_009_s12,0,35,216.37,112.13,0,0
user_009,user_009_s12,0,36,224.6,102.91,0,0
user_009,user_009_s12,0,37,174.54,121.12,0,0
user_009,user_009_s12,0,38,270.16,111.55,0,0
user_009,user_009_s12,0,39,215.79,125.13,0,0
user_009,user_009_s13,0,0,109.82,104.7,0,0
user_009,user_009_s13,0,1,258.82,101.35,0,0
user_009,user_009_s13,0,2,249.92,101.39,0,0
user_009,user_009_s13,0,3,151.69,98.65,0,0
user_009,user_009_s13,0,4,151.96,116.91,1,0
user_009,user_009_s13,0,5,195.54,104.51,0,0
user_009,user_009_s13,0,6,152.51,93.62,1,0
user_009,user_009_s13,0,7,183.39,104.77,0,0
user_009,user_009_s13,0,8,159.59,82.89,0,0
user_009,user_009_s13,0,9,172.47,111.76,0,0
user_009,user_009_s13,0,10,131.14,92.71,0,0
user_009,user_009_s13,0,11,222.98,93.66,0,1
user_009,user_009_s13,0,12,238.49,112.37,0,0
user_009,user_009_s13,0,13,184.82,97.21,0,0
user_009,user_009_s13,0,14,187.45,98.14,0,0
user_009,user_009_s13,0,15,214.84,123.14,0,0
user_009,user_009_s13,0,16,189.02,87.9,0,0
user_009,user_009_s13,0,17,876.02,112.13,0,0
user_009,user_009_s13,0,18,134.76,119.55,0,0
user_009,user_009_s13,0,19,224.38,123.13,0,0
user_009,user_009_s13,0,20,184.25,139.75,0,0
user_009,user_009_s13,0,21,142.8,93.35,0,0
user_009,user_009_s13,0,22,281.44,89.63,0,0
user_009,user_009_s13,0,23,287.12,117.37,0,0
user_009,user_009_s13,0,24,180.39,119.4,0,0
user_009,user_009_s13,0,25,207.25,90.9,0,0
user_009,user_009_s13,0,26,169.55,111.9,0,0
user_009,user_009_s13,0,27,176.17,148.77,0,0
user_009,user_009_s13,0,28,142.33,105.64,1,0
user_009,user_009_s13,0,29,136.25,119.12,0,0
user_009,user_009_s13,0,30,264.85,129.88,0,0
user_009,user_009_s13,0,31,187.35,145.14,0,0
user_009,user_009_s13,0,32,191.03,107.97,0,0
user_009,user_009_s13,0,33,155.58,124.55,0,0
user_009,user_009_s13,0,34,196.76,90.94,0,0
user_009,user_009_s13,0,35,127.05,104.33,0,0
user_009,user_009_s13,0,36,157.1,96.57,0,0
user_009,user_009_s13,0,37,139.56,72.88,0,0
user_009,user_009_s13,0,38,242.16,77.53,0,0
user_009,user_009_s13,0,39,120.95,111.0,0,0
user_010,user_010_s00,1,0,326.59,259.39,0,0
user_010,user_010_s00,1,1,315.01,303.73,0,0
user_010,user_010_s00,1,2,367.3,187.54,0,0
user_010,user_010_s00,1,3,166.12,205.8,0,0
user_010,user_010_s00,1,4,1264.81,216.63,1,0
user_010,user_010_s00,1,5,708.94,271.64,0,0
user_010,user_010_s00,1,6,350.99,153.04,0,0
user_010,user_010_s00,1,7,458.75,298.7,1,0
user_010,user_010_s00,1,8,397.56,179.7,0,0
user_010,user_010_s00,1,9,298.62,145.55,0,0
user_010,user_010_s00,1,10,279.09,179.77,0,0
user_010,user_010_s00,1,11,1108.08,159.98,0,0
user_010,user_010_s00,1,12,549.93,209.18,0,0
user_010,user_010_s00,1,13,1646.79,126.25,1,0
user_010,user_010_s00,1,14,369.8,198.06,0,0
user_010,user_010_s00,1,15,138.53,218.97,0,0
user_010,user_010_s00,1,16,231.62,251.75,0,0
user_010,user_010_s00,1,17,345.39,219.64,0,0
user_010,user_010_s00,1,18,299.95,249.29,1,0
user_010,user_010_s00,1,19,363.12,168.15,0,0
user_010,user_010_s00,1,20,1123.44,208.17,0,0
user_010,user_010_s00,1,21,409.9,103.15,0,0
user_010,user_010_s00,1,22,162.74,187.83,0,0
user_010,user_010_s00,1,23,239.2,207.88,0,0
user_010,user_010_s00,1,24,339.84,211.5,0,0
user_010,user_010_s00,1,25,285.02,129.38,0,0
user_010,user_010_s00,1,26,318.75,176.77,0,0
user_010,user_010_s00,1,27,360.72,182.36,1,0
user_010,user_010_s00,1,28,1056.26,175.22,0,0
user_010,user_010_s00,1,29,369.05,221.42,0,0
user_010,user_010_s00,1,30,404.25,183.71,0,0
user_010,user_010_s00,1,31,356.32,196.37,0,0
user_010,user_010_s00,1,32,421.94,172.79,0,0
user_010,user_010_s00,1,33,132.34,235.02,0,0
user_010,user_010_s00,1,34,291.16,238.0,0,0
user_010,user_010_s00,1,35,439.11,180.05,0,0
user_010,user_010_s00,1,36,263.3,306.51,0,0
user_010,user_010_s00,1,37,249.72,161.71,0,0
user_010,user_010_s00,1,38,337.17,232.71,0,1
user_010,user_010_s00,1,39,348.07,154.32,1,0
user_010,user_010_s01,0,0,173.83,144.93,0,0
user_010,user_010_s01,0,1,157.51,165.07,0,0
user_010,user_010_s01,0,2,330.2,116.12,0,0
user_010,user_010_s01,0,3,270.27,147.75,0,0
user_010,user_010_s01,0,4,254.13,127.27,0,0
user_010,user_010_s01,0,5,267.04,138.59,0,0
user_010,user_010_s01,0,6,251.68,157.33,0,0
user_010,user_010_s01,0,7,266.2,97.71,0,0
user_010,user_010_s01,0,8,223.32,176.11,0,0
user_010,user_010_s01,0,9,299.3,130.64,0,0
user_010,user_010_s01,0,10,215.21,99.53,0,0
user_010,user_010_s01,0,11,195.07,118.98,0,0
user_010,user_010_s01,0,12,153.16,135.91,0,0
user_010,user_010_s01,0,13,230.49,118.98,0,0
user_010,user_010_s01,0,14,310.6,90.14,0,0
user_010,user_010_s01,0,15,218.81,135.79,0,0
user_010,user_010_s01,0,16,169.78,118.37,0,0
user_010,user_010_s01,0,17,258.3,147.59,0,0
user_010,user_010_s01,0,18,208.5,110.99,0,0
user_010,user_010_s01,0,19,325.54,181.87,0,0
user_010,user_010_s01,0,20,300.34,144.66,0,0
user_010,user_010_s01,0,21,175.51,137.92,0,0
user_010,user_010_s01,0,22,233.89,147.0,0,0
user_010,user_010_s01,0,23,202.95,94.95,0,1
user_010,user_010_s01,0,24,181.38,123.15,0,0
user_010,user_010_s01,0,25,240.17,171.69,1,0
user_010,user_010_s01,0,26,286.69,126.92,1,0
user_010,user_010_s01,0,27,238.8,132.39,0,0
user_010,user_010_s01,0,28,215.68,123.8,0,0
user_010,user_010_s01,0,29,125.73,164.91,1,0
user_010,user_010_s01,0,30,1290.35,128.52,0,0
user_010,user_010_s01,0,31,272.51,107.08,0,0
user_010,user_010_s01,0,32,171.73,188.63,1,0
user_010,user_010_s01,0,33,311.4,104.46,0,0
user_010,user_010_s01,0,34,212.09,131.66,0,0
user_010,user_010_s01,0,35,253.46,115.81,0,0
user_010,user_010_s01,0,36,221.9,118.79,1,0
user_010,user_010_s01,0,37,180.54,111.17,0,0
user_010,user_010_s01,0,38,266.58,122.24,0,0
user_010,user_010_s01,0,39,211.32,154.68,0,0
user_010,user_010_s02,1,0,475.05,173.41,0,0
user_010,user_010_s02,1,1,410.81,199.42,0,0
user_010,user_010_s02,1,2,317.26,111.97,0,0
user_010,user_010_s02,1,3,260.88,165.85,0,0
user_010,user_010_s02,1,4,1496.84,200.73,0,0
user_010,user_010_s02,1,5,320.69,193.17,0,0
user_010,user_010_s02,1,6,192.5,203.03,0,0
user_010,user_010_s02,1,7,461.01,140.71,0,0
user_010,user_010_s02,1,8,253.76,200.71,0,0
user_010,user_010_s02,1,9,442.92,158.48,1,0
user_010,user_010_s02,1,10,41.69,220.82,0,0
user_010,user_010_s02,1,11,296.18,77.32,1,0
user_010,user_010_s02,1,12,477.49,173.21,0,0
user_010,user_010_s02,1,13,1736.11,191.64,0,0
user_010,user_010_s02,1,14,410.85,250.97,0,0
user_010,user_010_s02,1,15,232.93,191.07,0,0
user_010,user_010_s02,1,16,381.15,195.88,0,0
user_010,user_010_s02,1,17,340.35,204.76,0,1
user_010,user_010_s02,1,18,368.77,246.4,0,0
user_010,user_010_s02,1,19,581.79,168.83,0,0
user_010,user_010_s02,1,20,494.64,120.38,0,0
user_010,user_010_s02,1,21,433.84,111.3,0,0
user_010,user_010_s02,1,22,435.34,218.46,0,0
user_010,user_010_s02,1,23,232.07,197.54,0,0
user_010,user_010_s02,1,24,284.01,174.79,0,0
user_010,user_010_s02,1,25,158.13,159.14,0,0
user_010,user_010_s02,1,26,189.32,195.53,0,0
user_010,user_010_s02,1,27,234.75,196.9,0,0
user_010,user_010_s02,1,28,1103.71,209.71,0,0
user_010,user_010_s02,1,29,194.61,134.35,0,0
user_010,user_010_s02,1,30,335.26,103.24,0,0
user_010,user_010_s02,1,31,321.64,143.61,0,1
user_010,user_010_s02,1,32,205.38,122.85,0,0
user_010,user_010_s02,1,33,520.86,120.39,0,0
user_010,user_010_s02,1,34,182.8,261.42,1,0
user_010,user_010_s02,1,35,472.43,79.39,0,0
user_010,user_010_s02,1,36,72.53,209.23,0,0
user_010,user_010_s02,1,37,323.04,229.98,1,0
user_010,user_010_s02,1,38,197.86,233.8,0,0
user_010,user_010_s02,1,39,262.28,200.1,0,0
user_010,user_010_s03,0,0,309.42,134.95,0,0
user_010,user_010_s03,0,1,317.88,112.03,0,0
user_010,user_010_s03,0,2,238.91,163.23,0,0
user_010,user_010_s03,0,3,182.84,119.66,0,0
user_010,user_010_s03,0,4,148.87,167.63,0,0
user_010,user_010_s03,0,5,186.89,130.54,0,0
user_010,user_010_s03,0,6,1093.8,138.34,1,0
user_010,user_010_s03,0,7,327.59,169.37,0,0
user_010,user_010_s03,0,8,328.4,107.37,1,0
user_010,user_010_s03,0,9,298.63,113.79,1,0
user_010,user_010_s03,0,10,313.01,129.19,0,0
user_010,user_010_s03,0,11,209.88,133.16,0,0
user_010,user_010_s03,0,12,166.89,192.39,0,0
user_010,user_010_s03,0,13,193.96,117.24,0,0
user_010,user_010_s03,0,14,139.24,108.38,0,0
user_010,user_010_s03,0,15,188.25,116.22,0,0
user_010,user_010_s03,0,16,220.6,141.08,0,0
user_010,user_010_s03,0,17,256.4,146.62,0,0
user_010,user_010_s03,0,18,254.74,121.09,0,0
user_010,user_010_s03,0,19,210.83,136.59,0,0
user_010,user_010_s03,0,20,1059.95,177.55,0,0
user_010,user_010_s03,0,21,211.85,136.89,0,0
user_010,user_010_s03,0,22,248.07,142.98,0,0
user_010,user_010_s03,0,23,188.46,176.35,0,0
user_010,user_010_s03,0,24,1291.01,121.28,0,0
user_010,user_010_s03,0,25,248.64,119.89,0,0
user_010,user_010_s03,0,26,283.66,126.14,0,0
user_010,user_010_s03,0,27,182.81,124.9,0,0
user_010,user_010_s03,0,28,256.81,97.38,0,0
user_010,user_010_s03,0,29,277.99,139.08,0,0
user_010,user_010_s03,0,30,138.76,140.76,0,0
user_010,user_010_s03,0,31,309.7,132.19,0,0
user_010,user_010_s03,0,32,181.04,141.41,0,0
user_010,user_010_s03,0,33,258.75,141.64,0,0
user_010,user_010_s03,0,34,342.67,108.12,0,0
user_010,user_010_s03,0,35,298.35,142.29,0,0
user_010,user_010_s03,0,36,168.24,148.03,0,0
user_010,user_010_s03,0,37,238.06,102.14,0,0
user_010,user_010_s03,0,38,313.17,167.29,0,0
user_010,user_010_s03,0,39,204.06,109.83,0,0
user_010,user_010_s04,0,0,321.59,138.64,0,0
user_010,user_010_s04,0,1,280.27,154.81,0,0
user_010,user_010_s04,0,2,238.55,130.46,0,0
user_010,user_010_s04,0,3,322.23,133.08,0,1
user_010,user_010_s04,0,4,261.59,143.69,0,0
user_010,user_010_s04,0,5,282.15,129.29,0,0
user_010,user_010_s04,0,6,261.87,119.76,0,0
user_010,user_010_s04,0,7,270.73,101.35,0,0
user_010,user_010_s04,0,8,274.54,120.34,0,0
user_010,user_010_s04,0,9,311.1,150.86,0,0
user_010,user_010_s04,0,10,318.03,159.9,0,0
user_010,user_010_s04,0,11,217.93,116.6,0,0
user_010,user_010_s04,0,12,260.85,96.16,0,1
user_010,user_010_s04,0,13,309.58,152.79,0,0
user_010,user_010_s04,0,14,234.93,134.54,0,0
user_010,user_010_s04,0,15,172.28,104.39,0,0
user_010,user_010_s04,0,16,193.58,66.84,0,0
user_010,user_010_s04,0,17,197.25,112.55,1,0
user_010,user_010_s04,0,18,217.55,123.21,0,0
user_010,user_010_s04,0,19,202.22,108.55,0,1
user_010,user_010_s04,0,20,1431.56,147.79,0,1
user_010,user_010_s04,0,21,227.2,115.77,0,0
user_010,user_010_s04,0,22,309.05,133.33,0,0
user_010,user_010_s04,0,23,181.78,183.59,0,0
user_010,user_010_s04,0,24,223.13,135.56,0,0
user_010,user_010_s04,0,25,247.48,130.6,0,0
user_010,user_010_s04,0,26,285.08,131.09,0,0
user_010,user_010_s04,0,27,302.8,147.31,0,0
user_010,user_010_s04,0,28,213.28,144.67,0,0
user_010,user_010_s04,0,29,294.8,111.7,0,0
user_010,user_010_s04,0,30,152.42,124.31,0,1
user_010,user_010_s04,0,31,288.31,118.86,0,0
user_010,user_010_s04,0,32,170.56,127.05,0,0
user_010,user_010_s04,0,33,265.7,171.95,0,0
user_010,user_010_s04,0,34,302.03,146.21,0,0
user_010,user_010_s04,0,35,289.15,131.37,0,0
user_010,user_010_s04,0,36,154.7,159.56,0,0
user_010,user_010_s04,0,37,218.13,137.08,0,0
user_010,user_010_s04,0,38,280.09,98.19,0,0
user_010,user_010_s04,0,39,278.56,168.49,0,0
user_010,user_010_s05,1,0,326.84,178.93,0,0
user_010,user_010_s05,1,1,378.77,143.56,0,0
user_010,user_010_s05,1,2,237.81,140.02,0,0
user_010,user_010_s05,1,3,1339.46,159.95,0,0
user_010,user_010_s05,1,4,138.38,221.15,0,0
user_010,user_010_s05,1,5,154.92,192.03,0,0
user_010,user_010_s05,1,6,250.05,144.02,0,0
user_010,user_010_s05,1,7,279.98,195.15,0,0
user_010,user_010_s05,1,8,498.09,160.74,0,0
user_010,user_010_s05,1,9,122.42,174.18,0,0
user_010,user_010_s05,1,10,985.35,170.54,0,1
user_010,user_010_s05,1,11,219.06,76.01,0,0
user_010,user_010_s05,1,12,313.91,38.53,0,0
user_010,user_010_s05,1,13,236.33,169.46,1,0
user_010,user_010_s05,1,14,395.15,126.29,0,0
user_010,user_010_s05,1,15,394.53,94.85,0,1
user_010,user_010_s05,1,16,280.33,127.53,1,0
user_010,user_010_s05,1,17,435.51,197.37,0,0
user_010,user_010_s05,1,18,367.62,174.71,0,0
user_010,user_010_s05,1,19,430.85,191.26,0,0
user_010,user_010_s05,1,20,1622.37,178.52,0,1
user_010,user_010_s05,1,21,386.79,123.66,0,0
user_010,user_010_s05,1,22,1258.47,191.45,0,0
user_010,user_010_s05,1,23,204.69,183.82,0,0
user_010,user_010_s05,1,24,509.56,155.7,0,1
user_010,user_010_s05,1,25,183.08,162.75,0,1
user_010,user_010_s05,1,26,248.04,192.09,0,0
user_010,user_010_s05,1,27,101.88,130.43,0,0
user_010,user_010_s05,1,28,809.15,203.9,0,0
user_010,user_010_s05,1,29,192.24,183.0,0,0
user_010,user_010_s05,1,30,930.66,160.49,0,0
user_010,user_010_s05,1,31,321.61,221.63,0,0
user_010,user_010_s05,1,32,1278.77,108.64,0,0
user_010,user_010_s05,1,33,190.98,142.0,0,0
user_010,user_010_s05,1,34,1494.52,133.12,0,0
user_010,user_010_s05,1,35,399.96,174.72,0,0
user_010,user_010_s05,1,36,462.12,207.68,0,0
user_010,user_010_s05,1,37,417.19,121.09,0,0
user_010,user_010_s05,1,38,127.04,292.58,0,0
user_010,user_010_s05,1,39,410.54,133.9,0,0
user_010,user_010_s06,0,0,162.66,155.47,0,0
user_010,user_010_s06,0,1,276.29,113.19,0,0
user_010,user_010_s06,0,2,323.67,166.42,0,0
user_010,user_010_s06,0,3,243.12,180.12,0,0
user_010,user_010_s06,0,4,335.58,106.25,0,0
user_010,user_010_s06,0,5,295.53,157.58,0,0
user_010,user_010_s06,0,6,355.94,162.29,0,0
user_010,user_010_s06,0,7,292.78,139.45,0,0
user_010,user_010_s06,0,8,360.37,92.42,1,0
user_010,user_010_s06,0,9,277.75,137.68,0,0
user_010,user_010_s06,0,10,188.99,131.61,0,0
user_010,user_010_s06,0,11,228.2,176.54,0,1
user_010,user_010_s06,0,12,315.98,142.09,0,0
user_010,user_010_s06,0,13,314.93,135.2,0,0
user_010,user_010_s06,0,14,245.25,131.49,0,0
user_010,user_010_s06,0,15,357.8,150.91,0,1
user_010,user_010_s06,0,16,242.94,145.19,0,0
user_010,user_010_s06,0,17,916.87,127.16,0,0
user_010,user_010_s06,0,18,1211.2,149.6,0,0
user_010,user_010_s06,0,19,190.97,132.12,0,0
user_010,user_010_s06,0,20,255.9,88.8,0,0
user_010,user_010_s06,0,21,388.46,158.2,0,0
user_010,user_010_s06,0,22,212.7,156.18,0,0
user_010,user_010_s06,0,23,295.05,148.23,0,0
user_010,user_010_s06,0,24,200.34,134.56,0,0
user_010,user_010_s06,0,25,212.14,142.44,0,0
user_010,user_010_s06,0,26,186.51,161.42,0,0
user_010,user_010_s06,0,27,311.86,130.53,0,0
user_010,user_010_s06,0,28,215.41,162.28,0,0
user_010,user_010_s06,0,29,329.23,112.58,0,0
user_010,user_010_s06,0,30,233.5,147.56,0,0
user_010,user_010_s06,0,31,783.56,144.53,0,0
user_010,user_010_s06,0,32,283.67,165.32,0,0
user_010,user_010_s06,0,33,175.73,124.42,0,0
user_010,user_010_s06,0,34,272.62,126.74,0,0
user_010,user_010_s06,0,35,280.4,114.29,0,0
user_010,user_010_s06,0,36,322.45,131.91,0,0
user_010,user_010_s06,0,37,210.72,149.42,0,0
user_010,user_010_s06,0,38,218.3,105.71,0,0
user_010,user_010_s06,0,39,296.88,134.55,0,0
user_010,user_010_s07,0,0,246.32,125.01,0,0
user_010,user_010_s07,0,1,344.39,175.75,0,0
user_010,user_010_s07,0,2,172.86,99.36,0,0
user_010,user_010_s07,0,3,323.68,115.61,0,0
user_010,user_010_s07,0,4,226.24,133.07,0,0
user_010,user_010_s07,0,5,234.69,139.97,0,0
user_010,user_010_s07,0,6,301.34,117.66,0,0
user_010,user_010_s07,0,7,344.1,107.54,0,0
user_010,user_010_s07,0,8,259.02,143.29,0,1
user_010,user_010_s07,0,9,298.51,132.92,0,0
user_010,user_010_s07,0,10,187.54,122.75,0,0
user_010,user_010_s07,0,11,208.34,140.7,0,0
user_010,user_010_s07,0,12,164.54,127.18,0,0
user_010,user_010_s07,0,13,209.08,127.11,0,0
user_010,user_010_s07,0,14,266.6,126.33,0,0
user_010,user_010_s07,0,15,247.81,112.61,0,0
user_010,user_010_s07,0,16,328.44,110.44,0,0
user_010,user_010_s07,0,17,345.87,118.9,0,0
user_010,user_010_s07,0,18,229.26,130.77,0,0
user_010,user_010_s07,0,19,200.35,90.25,0,0
user_010,user_010_s07,0,20,298.26,150.2,0,0
user_010,user_010_s07,0,21,303.8,130.48,0,0
user_010,user_010_s07,0,22,260.0,107.41,0,0
user_010,user_010_s07,0,23,274.07,164.5,0,0
user_010,user_010_s07,0,24,265.75,130.98,0,0
user_010,user_010_s07,0,25,183.9,101.66,0,0
user_010,user_010_s07,0,26,171.67,163.54,0,0
user_010,user_010_s07,0,27,233.81,158.93,0,0
user_010,user_010_s07,0,28,225.83,110.74,0,0
user_010,user_010_s07,0,29,251.26,123.21,0,0
user_010,user_010_s07,0,30,229.54,120.35,0,0
user_010,user_010_s07,0,31,145.87,89.86,0,0
user_010,user_010_s07,0,32,124.11,137.0,0,0
user_010,user_010_s07,0,33,275.77,148.08,0,0
user_010,user_010_s07,0,34,201.25,144.07,0,0
user_010,user_010_s07,0,35,1454.73,130.78,0,0
user_010,user_010_s07,0,36,206.83,150.14,0,0
user_010,user_010_s07,0,37,187.93,105.92,0,0
user_010,user_010_s07,0,38,186.5,168.79,0,0
user_010,user_010_s07,0,39,290.8,113.65,0,0
user_010,user_010_s08,0,0,226.02,129.16,0,0
user_010,user_010_s08,0,1,206.26,128.49,0,0
user_010,user_010_s08,0,2,193.34,164.21,0,1
user_010,user_010_s08,0,3,148.46,132.56,0,0
user_010,user_010_s08,0,4,180.03,107.82,0,0
user_010,user_010_s08,0,5,331.2,102.91,0,0
user_010,user_010_s08,0,6,207.66,123.43,0,0
user_010,user_010_s08,0,7,268.28,95.78,0,0
user_010,user_010_s08,0,8,1198.61,109.21,0,0
user_010,user_010_s08,0,9,209.64,119.24,0,0
user_010,user_010_s08,0,10,192.41,115.46,0,0
user_010,user_010_s08,0,11,297.87,139.91,0,0
user_010,user_010_s08,0,12,246.11,108.73,0,0
user_010,user_010_s08,0,13,184.23,71.86,0,0
user_010,user_010_s08,0,14,205.28,88.55,0,0
user_010,user_010_s08,0,15,1572.38,124.06,0,0
user_010,user_010_s08,0,16,75.19,111.95,0,0
user_010,user_010_s08,0,17,242.78,98.11,0,0
user_010,user_010_s08,0,18,254.87,166.13,0,0
user_010,user_010_s08,0,19,186.35,142.08,0,0
user_010,user_010_s08,0,20,234.48,123.2,0,0
user_010,user_010_s08,0,21,252.99,129.41,0,0
user_010,user_010_s08,0,22,160.73,118.8,0,0
user_010,user_010_s08,0,23,271.06,97.75,0,0
user_010,user_010_s08,0,24,242.08,146.38,0,0
user_010,user_010_s08,0,25,218.11,142.56,0,0
user_010,user_010_s08,0,26,231.84,82.35,0,0
user_010,user_010_s08,0,27,263.89,129.26,0,1
user_010,user_010_s08,0,28,349.52,131.61,0,0
user_010,user_010_s08,0,29,258.72,117.59,0,0
user_010,user_010_s08,0,30,892.15,169.09,0,0
user_010,user_010_s08,0,31,236.55,166.78,0,0
user_010,user_010_s08,0,32,327.46,116.4,0,0
user_010,user_010_s08,0,33,148.24,119.7,0,0
user_010,user_010_s08,0,34,133.79,117.2,0,0
user_010,user_010_s08,0,35,234.4,111.43,0,0
user_010,user_010_s08,0,36,261.39,104.84,0,0
user_010,user_010_s08,0,37,89.24,135.23,0,0
user_010,user_010_s08,0,38,226.07,166.19,0,0
user_010,user_010_s08,0,39,216.65,157.44,0,0
user_010,user_010_s09,0,0,236.15,120.71,0,0
user_010,user_010_s09,0,1,227.21,130.32,0,0
user_010,user_010_s09,0,2,212.83,132.45,0,0
user_010,user_010_s09,0,3,230.68,94.42,0,0
user_010,user_010_s09,0,4,272.15,148.57,0,0
user_010,user_010_s09,0,5,193.19,145.5,0,0
user_010,user_010_s09,0,6,213.09,84.89,0,0
user_010,user_010_s09,0,7,283.77,99.0,0,0
user_010,user_010_s09,0,8,1033.33,106.68,0,0
user_010,user_010_s09,0,9,299.57,143.26,0,0
user_010,user_010_s09,0,10,307.92,111.34,0,0
user_010,user_010_s09,0,11,159.09,135.87,0,0
user_010,user_010_s09,0,12,246.84,123.46,0,0
user_010,user_010_s09,0,13,204.47,128.84,0,0
user_010,user_010_s09,0,14,167.71,137.88,0,0
user_010,user_010_s09,0,15,189.5,133.12,0,0
user_010,user_010_s09,0,16,215.49,126.92,0,0
user_010,user_010_s09,0,17,215.83,134.29,0,0
user_010,user_010_s09,0,18,199.2,131.94,0,0
user_010,user_010_s09,0,19,230.78,122.86,0,0
user_010,user_010_s09,0,20,361.71,118.15,0,0
user_010,user_010_s09,0,21,139.69,167.36,0,0
user_010,user_010_s09,0,22,292.02,117.9,0,0
user_010,user_010_s09,0,23,230.52,156.43,0,0
user_010,user_010_s09,0,24,208.2,112.74,0,0
user_010,user_010_s09,0,25,124.09,144.57,0,0
user_010,user_010_s09,0,26,272.1,165.3,0,0
user_010,user_010_s09,0,27,1256.04,120.14,0,0
user_010,user_010_s09,0,28,275.56,113.12,0,0
user_010,user_010_s09,0,29,324.17,118.19,0,0
user_010,user_010_s09,0,30,163.23,126.91,0,0
user_010,user_010_s09,0,31,293.68,134.18,0,0
user_010,user_010_s09,0,32,232.86,126.47,0,0
user_010,user_010_s09,0,33,120.05,118.39,0,0
user_010,user_010_s09,0,34,167.38,168.93,0,0
user_010,user_010_s09,0,35,240.99,123.06,0,0
user_010,user_010_s09,0,36,252.85,114.13,0,0
user_010,user_010_s09,0,37,147.38,145.01,0,0
user_010,user_010_s09,0,38,233.19,145.34,0,0
user_010,user_010_s09,0,39,275.33,157.39,0,0
user_010,user_010_s10,0,0,199.1,130.31,1,0
user_010,user_010_s10,0,1,178.68,147.71,0,0
user_010,user_010_s10,0,2,165.34,116.08,0,0
user_010,user_010_s10,0,3,296.08,140.21,0,0
user_010,user_010_s10,0,4,179.87,149.75,0,0
user_010,user_010_s10,0,5,1422.15,127.76,0,0
user_010,user_010_s10,0,6,239.45,148.59,0,0
user_010,user_010_s10,0,7,215.9,144.88,0,0
user_010,user_010_s10,0,8,203.76,131.72,0,0
user_010,user_010_s10,0,9,1359.39,171.05,0,1
user_010,user_010_s10,0,10,216.77,136.31,0,0
user_010,user_010_s10,0,11,256.64,144.13,0,0
user_010,user_010_s10,0,12,278.27,110.07,0,0
user_010,user_010_s10,0,13,1041.06,152.35,0,0
user_010,user_010_s10,0,14,306.63,131.15,1,0
user_010,user_010_s10,0,15,265.68,161.68,0,0
user_010,user_010_s10,0,16,201.02,113.39,0,0
user_010,user_010_s10,0,17,281.69,150.47,0,0
user_010,user_010_s10,0,18,291.83,94.85,1,0
user_010,user_010_s10,0,19,247.25,154.41,0,0
user_010,user_010_s10,0,20,241.59,137.58,0,0
user_010,user_010_s10,0,21,388.64,149.8,0,0
user_010,user_010_s10,0,22,188.09,128.52,0,0
user_010,user_010_s10,0,23,283.18,121.09,0,0
user_010,user_010_s10,0,24,312.58,132.05,0,0
user_010,user_010_s10,0,25,238.75,145.39,0,0
user_010,user_010_s10,0,26,1384.58,153.57,0,0
user_010,user_010_s10,0,27,235.54,147.77,0,0
user_010,user_010_s10,0,28,256.92,121.36,0,0
user_010,user_010_s10,0,29,304.78,180.42,0,0
user_010,user_010_s10,0,30,246.36,148.38,1,0
user_010,user_010_s10,0,31,422.45,128.05,1,0
user_010,user_010_s10,0,32,232.81,150.33,0,0
user_010,user_010_s10,0,33,330.22,146.75,0,0
user_010,user_010_s10,0,34,285.86,137.57,0,0
user_010,user_010_s10,0,35,262.68,135.07,0,0
user_010,user_010_s10,0,36,335.18,162.27,0,0
user_010,user_010_s10,0,37,171.75,178.08,0,0
user_010,user_010_s10,0,38,279.54,97.96,0,0
user_010,user_010_s10,0,39,218.78,167.5,0,0
user_010,user_010_s11,0,0,242.75,125.8,0,0
user_010,user_010_s11,0,1,162.52,107.73,0,0
user_010,user_010_s11,0,2,242.6,133.8,0,0
user_010,user_010_s11,0,3,297.78,115.0,0,0
user_010,user_010_s11,0,4,248.79,100.51,0,0
user_010,user_010_s11,0,5,360.18,141.61,0,0
user_010,user_010_s11,0,6,264.76,163.35,0,0
user_010,user_010_s11,0,7,208.35,131.44,0,0
user_010,user_010_s11,0,8,261.36,128.21,0,0
user_010,user_010_s11,0,9,159.23,127.76,0,0
user_010,user_010_s11,0,10,194.58,119.42,0,0
user_010,user_010_s11,0,11,172.34,155.32,0,0
user_010,user_010_s11,0,12,237.96,132.41,0,0
user_010,user_010_s11,0,13,233.88,84.03,0,0
user_010,user_010_s11,0,14,301.24,155.93,0,0
user_010,user_010_s11,0,15,231.83,150.71,0,0
user_010,user_010_s11,0,16,183.75,143.21,0,0
user_010,user_010_s11,0,17,320.09,71.75,0,0
user_010,user_010_s11,0,18,80.39,130.35,0,0
user_010,user_010_s11,0,19,239.15,149.43,0,0
user_010,user_010_s11,0,20,248.69,138.49,0,0
user_010,user_010_s11,0,21,236.56,134.78,0,0
user_010,user_010_s11,0,22,263.72,149.47,0,0
user_010,user_010_s11,0,23,243.0,133.37,0,0
user_010,user_010_s11,0,24,263.7,156.03,0,0
user_010,user_010_s11,0,25,205.06,133.85,0,0
user_010,user_010_s11,0,26,159.46,132.16,0,0
user_010,user_010_s11,0,27,234.64,149.41,0,0
user_010,user_010_s11,0,28,182.48,121.92,0,0
user_010,user_010_s11,0,29,198.33,107.05,0,0
user_010,user_010_s11,0,30,298.92,130.49,0,0
user_010,user_010_s11,0,31,320.02,142.98,0,0
user_010,user_010_s11,0,32,297.92,150.11,0,0
user_010,user_010_s11,0,33,288.06,150.22,0,0
user_010,user_010_s11,0,34,240.3,128.95,0,0
user_010,user_010_s11,0,35,291.15,126.76,0,0
user_010,user_010_s11,0,36,973.02,117.8,0,0
user_010,user_010_s11,0,37,340.75,135.73,0,0
user_010,user_010_s11,0,38,188.25,95.47,0,0
user_010,user_010_s11,0,39,272.9,130.89,0,0
user_010,user_010_s12,1,0,59.31,243.45,0,0
user_010,user_010_s12,1,1,412.26,137.28,0,0
user_010,user_010_s12,1,2,383.52,210.68,1,0
user_010,user_010_s12,1,3,178.87,237.33,0,0
user_010,user_010_s12,1,4,381.05,213.85,0,0
user_010,user_010_s12,1,5,430.69,198.05,0,1
user_010,user_010_s12,1,6,205.86,173.33,0,0
user_010,user_010_s12,1,7,254.32,256.37,1,0
user_010,user_010_s12,1,8,330.01,169.9,0,1
user_010,user_010_s12,1,9,428.24,219.18,0,0
user_010,user_010_s12,1,10,271.46,173.47,0,0
user_010,user_010_s12,1,11,1066.11,103.98,0,0
user_010,user_010_s12,1,12,258.69,168.89,1,0
user_010,user_010_s12,1,13,329.86,173.57,0,0
user_010,user_010_s12,1,14,1514.85,174.11,0,0
user_010,user_010_s12,1,15,338.25,152.76,0,0
user_010,user_010_s12,1,16,290.42,205.86,0,0
user_010,user_010_s12,1,17,323.94,210.46,0,0
user_010,user_010_s12,1,18,244.67,167.4,0,0
user_010,user_010_s12,1,19,224.67,167.05,0,0
user_010,user_010_s12,1,20,451.54,136.64,0,0
user_010,user_010_s12,1,21,496.37,190.53,0,0
user_010,user_010_s12,1,22,142.39,236.92,0,0
user_010,user_010_s12,1,23,1727.88,236.95,0,0
user_010,user_010_s12,1,24,415.98,155.29,0,0
user_010,user_010_s12,1,25,1274.59,262.24,0,0
user_010,user_010_s12,1,26,278.62,165.07,0,1
user_010,user_010_s12,1,27,1525.18,138.08,0,0
user_010,user_010_s12,1,28,523.55,123.79,0,0
user_010,user_010_s12,1,29,497.9,135.59,0,1
user_010,user_010_s12,1,30,232.23,193.81,0,0
user_010,user_010_s12,1,31,176.69,169.4,0,0
user_010,user_010_s12,1,32,407.11,153.93,0,0
user_010,user_010_s12,1,33,383.47,145.04,0,0
user_010,user_010_s12,1,34,455.73,135.18,1,0
user_010,user_010_s12,1,35,218.0,143.28,0,0
user_010,user_010_s12,1,36,402.01,221.95,0,0
user_010,user_010_s12,1,37,251.78,254.49,0,0
user_010,user_010_s12,1,38,391.65,257.04,0,0
user_010,user_010_s12,1,39,323.49,208.4,0,0
user_010,user_010_s13,0,0,261.81,169.73,0,0
user_010,user_010_s13,0,1,279.63,129.57,0,0
user_010,user_010_s13,0,2,189.07,160.32,0,0
user_010,user_010_s13,0,3,855.04,135.55,0,0
user_010,user_010_s13,0,4,187.44,160.76,0,0
user_010,user_010_s13,0,5,1642.76,122.69,0,0
user_010,user_010_s13,0,6,230.73,155.2,0,0
user_010,user_010_s13,0,7,1180.3,137.72,0,0
user_010,user_010_s13,0,8,203.38,114.52,0,0
user_010,user_010_s13,0,9,227.29,136.48,0,0
user_010,user_010_s13,0,10,273.67,167.88,0,0
user_010,user_010_s13,0,11,294.23,118.05,0,0
user_010,user_010_s13,0,12,312.3,108.15,0,0
user_010,user_010_s13,0,13,192.88,148.24,0,0
user_010,user_010_s13,0,14,174.2,104.03,0,0
user_010,user_010_s13,0,15,202.18,173.03,0,0
user_010,user_010_s13,0,16,197.38,172.49,0,0
user_010,user_010_s13,0,17,337.47,161.85,0,1
user_010,user_010_s13,0,18,325.41,139.51,0,0
user_010,user_010_s13,0,19,201.05,175.18,0,0
user_010,user_010_s13,0,20,345.11,168.39,0,0
user_010,user_010_s13,0,21,322.23,128.41,0,0
user_010,user_010_s13,0,22,167.36,170.38,0,0
user_010,user_010_s13,0,23,754.77,120.34,0,0
user_010,user_010_s13,0,24,165.78,135.55,0,0
user_010,user_010_s13,0,25,249.48,101.57,0,0
user_010,user_010_s13,0,26,255.01,142.85,0,1
user_010,user_010_s13,0,27,254.91,133.48,0,0
user_010,user_010_s13,0,28,146.23,130.12,0,0
user_010,user_010_s13,0,29,178.13,136.22,0,0
user_010,user_010_s13,0,30,267.93,127.41,0,0
user_010,user_010_s13,0,31,287.2,140.64,0,0
user_010,user_010_s13,0,32,146.59,167.07,1,0
user_010,user_010_s13,0,33,185.91,117.14,0,0
user_010,user_010_s13,0,34,308.5,158.11,0,0
user_010,user_010_s13,0,35,188.93,144.33,0,0
user_010,user_010_s13,0,36,253.31,147.71,0,0
user_010,user_010_s13,0,37,183.86,139.09,0,0
user_010,user_010_s13,0,38,298.34,124.48,0,0
user_010,user_010_s13,0,39,146.75,149.22,0,0
user_011,user_011_s00,0,0,1178.52,78.86,0,0
user_011,user_011_s00,0,1,200.6,141.59,0,0
user_011,user_011_s00,0,2,204.29,93.19,0,0
user_011,user_011_s00,0,3,211.61,76.89,0,0
user_011,user_011_s00,0,4,187.28,143.12,0,0
user_011,user_011_s00,0,5,229.53,87.86,0,0
user_011,user_011_s00,0,6,144.01,71.18,0,0
user_011,user_011_s00,0,7,252.72,79.81,0,0
user_011,user_011_s00,0,8,138.34,104.05,0,0
user_011,user_011_s00,0,9,179.32,102.24,0,0
user_011,user_011_s00,0,10,216.04,85.81,0,0
user_011,user_011_s00,0,11,160.36,92.35,0,0
user_011,user_011_s00,0,12,219.22,102.38,0,0
user_011,user_011_s00,0,13,168.38,126.05,0,0
user_011,user_011_s00,0,14,189.84,107.59,0,0
user_011,user_011_s00,0,15,175.9,90.9,0,0
user_011,user_011_s00,0,16,157.48,97.13,0,0
user_011,user_011_s00,0,17,289.16,115.72,0,0
user_011,user_011_s00,0,18,145.24,132.68,0,0
user_011,user_011_s00,0,19,77.88,80.81,0,0
user_011,user_011_s00,0,20,146.92,122.14,0,0
user_011,user_011_s00,0,21,190.45,95.56,0,0
user_011,user_011_s00,0,22,1422.39,71.13,0,0
user_011,user_011_s00,0,23,231.77,67.44,0,0
user_011,user_011_s00,0,24,230.07,126.24,0,0
user_011,user_011_s00,0,25,169.51,128.46,0,0
user_011,user_011_s00,0,26,106.0,90.79,0,0
user_011,user_011_s00,0,27,124.59,97.43,0,0
user_011,user_011_s00,0,28,182.84,68.19,0,0
user_011,user_011_s00,0,29,111.49,115.58,0,0
user_011,user_011_s00,0,30,167.21,100.86,0,0
user_011,user_011_s00,0,31,250.52,72.47,0,0
user_011,user_011_s00,0,32,200.3,105.2,0,0
user_011,user_011_s00,0,33,873.04,75.51,0,0
user_011,user_011_s00,0,34,135.87,111.77,0,0
user_011,user_011_s00,0,35,192.8,81.22,0,0
user_011,user_011_s00,0,36,172.3,107.66,0,0
user_011,user_011_s00,0,37,195.45,89.22,0,0
user_011,user_011_s00,0,38,218.2,57.32,0,0
user_011,user_011_s00,0,39,226.16,119.94,0,0
user_011,user_011_s01,0,0,299.45,112.99,0,0
user_011,user_011_s01,0,1,173.72,105.05,0,0
user_011,user_011_s01,0,2,160.86,127.99,0,0
user_011,user_011_s01,0,3,182.06,123.88,0,0
user_011,user_011_s01,0,4,287.29,83.26,0,0
user_011,user_011_s01,0,5,242.6,112.78,0,0
user_011,user_011_s01,0,6,271.56,94.01,0,0
user_011,user_011_s01,0,7,249.89,114.46,0,0
user_011,user_011_s01,0,8,141.95,53.16,0,0
user_011,user_011_s01,0,9,159.2,115.53,0,0
user_011,user_011_s01,0,10,170.97,125.12,0,0
user_011,user_011_s01,0,11,179.08,109.8,0,0
user_011,user_011_s01,0,12,171.8,90.17,0,0
user_011,user_011_s01,0,13,177.22,148.3,0,0
user_011,user_011_s01,0,14,233.21,133.39,0,0
user_011,user_011_s01,0,15,209.71,101.97,1,0
user_011,user_011_s01,0,16,260.19,107.0,0,0
user_011,user_011_s01,0,17,215.11,74.96,0,0
user_011,user_011_s01,0,18,171.9,120.68,0,0
user_011,user_011_s01,0,19,212.16,86.36,0,0
user_011,user_011_s01,0,20,133.01,124.27,0,0
user_011,user_011_s01,0,21,95.73,130.97,0,0
user_011,user_011_s01,0,22,233.34,110.55,0,0
user_011,user_011_s01,0,23,250.81,92.04,0,1
user_011,user_011_s01,0,24,206.75,135.13,0,0
user_011,user_011_s01,0,25,185.17,111.9,0,0
user_011,user_011_s01,0,26,140.9,113.6,0,0
user_011,user_011_s01,0,27,257.73,94.51,0,0
user_011,user_011_s01,0,28,226.32,115.46,0,0
user_011,user_011_s01,0,29,216.95,108.08,0,0
user_011,user_011_s01,0,30,203.16,87.12,0,0
user_011,user_011_s01,0,31,181.52,136.82,0,0
user_011,user_011_s01,0,32,151.55,144.63,0,0
user_011,user_011_s01,0,33,215.15,130.83,1,0
user_011,user_011_s01,0,34,178.31,128.05,0,0
user_011,user_011_s01,0,35,183.64,144.74,0,0
user_011,user_011_s01,0,36,283.38,92.35,0,0
user_011,user_011_s01,0,37,201.15,92.13,0,0
user_011,user_011_s01,0,38,89.16,104.14,0,0
user_011,user_011_s01,0,39,178.45,117.41,0,0
user_011,user_011_s02,1,0,211.08,106.71,1,0
user_011,user_011_s02,1,1,311.2,150.2,0,0
user_011,user_011_s02,1,2,233.8,137.38,0,0
user_011,user_011_s02,1,3,850.72,144.15,0,0
user_011,user_011_s02,1,4,1346.09,108.32,1,0
user_011,user_011_s02,1,5,325.64,145.58,0,1
user_011,user_011_s02,1,6,405.66,119.14,0,0
user_011,user_011_s02,1,7,823.57,133.52,0,1
user_011,user_011_s02,1,8,847.61,155.53,0,0
user_011,user_011_s02,1,9,150.94,129.73,0,0
user_011,user_011_s02,1,10,372.33,135.29,1,0
user_011,user_011_s02,1,11,265.02,168.45,0,0
user_011,user_011_s02,1,12,239.38,117.43,0,1
user_011,user_011_s02,1,13,1222.15,124.6,0,0
user_011,user_011_s02,1,14,1365.37,106.5,0,0
user_011,user_011_s02,1,15,1037.75,119.39,0,0
user_011,user_011_s02,1,16,350.42,147.82,0,0
user_011,user_011_s02,1,17,309.87,163.05,0,1
user_011,user_011_s02,1,18,320.28,119.89,1,0
user_011,user_011_s02,1,19,210.99,162.17,0,1
user_011,user_011_s02,1,20,206.95,147.1,0,0
user_011,user_011_s02,1,21,253.27,102.68,0,0
user_011,user_011_s02,1,22,321.46,149.17,0,0
user_011,user_011_s02,1,23,299.2,179.62,0,0
user_011,user_011_s02,1,24,203.7,87.47,0,0
user_011,user_011_s02,1,25,1492.88,203.83,0,1
user_011,user_011_s02,1,26,189.18,125.73,0,0
user_011,user_011_s02,1,27,212.36,94.72,0,1
user_011,user_011_s02,1,28,273.52,148.09,0,1
user_011,user_011_s02,1,29,174.3,168.78,0,0
user_011,user_011_s02,1,30,1405.03,135.59,0,1
user_011,user_011_s02,1,31,377.6,153.26,0,0
user_011,user_011_s02,1,32,363.73,207.25,1,0
user_011,user_011_s02,1,33,432.66,150.1,0,1
user_011,user_011_s02,1,34,1318.46,233.01,0,0
user_011,user_011_s02,1,35,309.88,181.72,0,0
user_011,user_011_s02,1,36,250.18,145.5,0,0
user_011,user_011_s02,1,37,235.59,152.67,0,0
user_011,user_011_s02,1,38,326.83,134.42,0,0
user_011,user_011_s02,1,39,1341.23,151.41,0,0
user_011,user_011_s03,0,0,252.01,95.25,0,0
user_011,user_011_s03,0,1,160.7,83.8,0,0
user_011,user_011_s03,0,2,142.96,105.34,0,0
user_011,user_011_s03,0,3,198.49,106.3,0,0
user_011,user_011_s03,0,4,207.2,111.98,0,0
user_011,user_011_s03,0,5,210.67,88.09,0,0
user_011,user_011_s03,0,6,226.47,85.77,0,0
user_011,user_011_s03,0,7,153.81,101.15,1,0
user_011,user_011_s03,0,8,122.34,98.79,1,0
user_011,user_011_s03,0,9,160.7,99.15,0,0
user_011,user_011_s03,0,10,215.02,90.18,0,0
user_011,user_011_s03,0,11,144.99,109.51,0,0
user_011,user_011_s03,0,12,97.87,85.8,0,0
user_011,user_011_s03,0,13,194.64,101.08,0,1
user_011,user_011_s03,0,14,161.52,97.65,0,0
user_011,user_011_s03,0,15,107.5,102.73,0,0
user_011,user_011_s03,0,16,191.39,125.43,0,0
user_011,user_011_s03,0,17,169.94,78.87,0,0
user_011,user_011_s03,0,18,265.97,58.82,0,0
user_011,user_011_s03,0,19,192.06,92.29,0,1
user_011,user_011_s03,0,20,215.21,81.91,0,0
user_011,user_011_s03,0,21,187.12,47.25,0,0
user_011,user_011_s03,0,22,160.1,135.89,0,0
user_011,user_011_s03,0,23,165.22,113.78,0,0
user_011,user_011_s03,0,24,1369.53,115.78,0,0
user_011,user_011_s03,0,25,222.74,98.04,0,0
user_011,user_011_s03,0,26,118.6,111.2,0,0
user_011,user_011_s03,0,27,129.78,95.49,0,0
user_011,user_011_s03,0,28,132.37,118.53,0,0
user_011,user_011_s03,0,29,237.29,106.88,0,0
user_011,user_011_s03,0,30,107.3,102.68,0,0
user_011,user_011_s03,0,31,224.55,104.08,0,0
user_011,user_011_s03,0,32,206.47,130.65,0,0
user_011,user_011_s03,0,33,194.76,106.47,0,0
user_011,user_011_s03,0,34,165.9,84.18,0,0
user_011,user_011_s03,0,35,243.27,109.62,0,0
user_011,user_011_s03,0,36,193.21,112.47,0,0
user_011,user_011_s03,0,37,120.67,100.66,0,0
user_011,user_011_s03,0,38,131.52,102.39,0,0
user_011,user_011_s03,0,39,111.33,83.5,0,0
user_011,user_011_s04,0,0,221.23,92.19,0,0
user_011,user_011_s04,0,1,183.09,111.33,0,0
user_011,user_011_s04,0,2,219.56,96.13,0,0
user_011,user_011_s04,0,3,160.82,127.91,0,0
user_011,user_011_s04,0,4,313.8,119.94,0,0
user_011,user_011_s04,0,5,260.2,125.25,0,0
user_011,user_011_s04,0,6,218.76,128.74,0,0
user_011,user_011_s04,0,7,251.01,108.28,0,0
user_011,user_011_s04,0,8,181.68,131.21,1,0
user_011,user_011_s04,0,9,152.99,101.53,0,0
user_011,user_011_s04,0,10,101.52,124.17,0,0
user_011,user_011_s04,0,11,208.45,75.81,0,0
user_011,user_011_s04,0,12,194.89,98.62,1,0
user_011,user_011_s04,0,13,228.76,155.65,0,0
user_011,user_011_s04,0,14,205.19,123.9,0,0
user_011,user_011_s04,0,15,226.65,123.91,0,0
user_011,user_011_s04,0,16,242.35,97.17,0,0
user_011,user_011_s04,0,17,136.59,92.14,0,0
user_011,user_011_s04,0,18,245.04,107.59,0,0
user_011,user_011_s04,0,19,185.65,111.27,0,0
user_011,user_011_s04,0,20,228.68,148.18,0,0
user_011,user_011_s04,0,21,252.18,131.5,0,0
user_011,user_011_s04,0,22,252.5,114.55,0,0
user_011,user_011_s04,0,23,210.59,113.74,0,0
user_011,user_011_s04,0,24,212.89,126.64,0,0
user_011,user_011_s04,0,25,246.11,87.95,0,0
user_011,user_011_s04,0,26,134.68,76.73,0,0
user_011,user_011_s04,0,27,160.27,126.37,0,0
user_011,user_011_s04,0,28,191.58,113.86,0,0
user_011,user_011_s04,0,29,142.52,88.08,0,0
user_011,user_011_s04,0,30,191.93,73.5,0,0
user_011,user_011_s04,0,31,812.21,129.17,0,0
user_011,user_011_s04,0,32,208.64,102.8,0,0
user_011,user_011_s04,0,33,201.93,119.97,0,0
user_011,user_011_s04,0,34,254.37,107.61,0,0
user_011,user_011_s04,0,35,231.26,111.88,0,1
user_011,user_011_s04,0,36,201.27,101.49,0,0
user_011,user_011_s04,0,37,189.06,111.09,0,0
user_011,user_011_s04,0,38,202.37,123.27,0,0
user_011,user_011_s04,0,39,203.19,107.38,0,0
user_011,user_011_s05,0,0,167.65,128.15,0,0
user_011,user_011_s05,0,1,135.67,106.07,0,0
user_011,user_011_s05,0,2,292.1,126.24,0,0
user_011,user_011_s05,0,3,164.55,68.4,0,0
user_011,user_011_s05,0,4,203.52,140.61,0,0
user_011,user_011_s05,0,5,119.22,110.73,0,0
user_011,user_011_s05,0,6,224.08,99.39,0,0
user_011,user_011_s05,0,7,133.63,121.21,0,0
user_011,user_011_s05,0,8,267.92,107.06,0,0
user_011,user_011_s05,0,9,273.48,83.0,0,0
user_011,user_011_s05,0,10,216.12,59.24,0,0
user_011,user_011_s05,0,11,195.13,138.39,0,0
user_011,user_011_s05,0,12,181.06,100.23,0,0
user_011,user_011_s05,0,13,187.57,92.96,1,0
user_011,user_011_s05,0,14,208.84,94.41,0,0
user_011,user_011_s05,0,15,193.96,131.66,0,0
user_011,user_011_s05,0,16,235.5,95.25,0,0
user_011,user_011_s05,0,17,147.02,116.38,0,0
user_011,user_011_s05,0,18,260.94,98.15,0,0
user_011,user_011_s05,0,19,170.1,81.01,0,0
user_011,user_011_s05,0,20,155.05,121.17,0,0
user_011,user_011_s05,0,21,206.67,124.93,0,0
user_011,user_011_s05,0,22,209.65,91.73,0,1
user_011,user_011_s05,0,23,108.92,103.68,0,0
user_011,user_011_s05,0,24,167.38,106.19,0,0
user_011,user_011_s05,0,25,88.64,112.67,0,0
user_011,user_011_s05,0,26,158.32,141.1,0,0
user_011,user_011_s05,0,27,160.32,98.35,0,0
user_011,user_011_s05,0,28,203.64,98.23,0,0
user_011,user_011_s05,0,29,153.1,101.12,0,1
user_011,user_011_s05,0,30,164.12,86.83,0,0
user_011,user_011_s05,0,31,250.5,72.3,0,0
user_011,user_011_s05,0,32,285.9,106.87,0,0
user_011,user_011_s05,0,33,146.9,114.2,0,0
user_011,user_011_s05,0,34,237.25,104.43,0,1
user_011,user_011_s05,0,35,207.84,103.21,0,0
user_011,user_011_s05,0,36,108.82,87.64,0,0
user_011,user_011_s05,0,37,152.94,109.08,0,0
user_011,user_011_s05,0,38,48.79,107.55,0,0
user_011,user_011_s05,0,39,204.85,113.23,0,0
user_011,user_011_s06,0,0,132.8,122.15,0,0
user_011,user_011_s06,0,1,1024.12,94.73,0,0
user_011,user_011_s06,0,2,161.66,77.2,0,0
user_011,user_011_s06,0,3,137.73,100.98,0,0
user_011,user_011_s06,0,4,957.09,94.08,0,0
user_011,user_011_s06,0,5,179.8,69.22,0,0
user_011,user_011_s06,0,6,152.74,74.91,0,0
user_011,user_011_s06,0,7,173.72,125.92,0,0
user_011,user_011_s06,0,8,121.54,100.61,0,0
user_011,user_011_s06,0,9,134.92,123.02,0,0
user_011,user_011_s06,0,10,268.53,87.66,0,0
user_011,user_011_s06,0,11,141.02,80.49,0,0
user_011,user_011_s06,0,12,75.41,64.07,0,0
user_011,user_011_s06,0,13,189.43,113.45,0,0
user_011,user_011_s06,0,14,140.53,103.07,0,0
user_011,user_011_s06,0,15,184.85,87.83,0,0
user_011,user_011_s06,0,16,169.33,80.66,0,0
user_011,user_011_s06,0,17,199.1,116.41,0,0
user_011,user_011_s06,0,18,168.86,92.12,0,0
user_011,user_011_s06,0,19,162.95,92.32,0,0
user_011,user_011_s06,0,20,226.95,84.23,0,0
user_011,user_011_s06,0,21,70.21,87.83,0,0
user_011,user_011_s06,0,22,111.77,105.67,0,0
user_011,user_011_s06,0,23,135.07,69.04,0,0
user_011,user_011_s06,0,24,94.67,96.93,0,0
user_011,user_011_s06,0,25,151.17,113.22,0,0
user_011,user_011_s06,0,26,146.58,93.84,0,0
user_011,user_011_s06,0,27,218.88,115.06,0,0
user_011,user_011_s06,0,28,169.39,120.39,0,0
user_011,user_011_s06,0,29,163.58,112.25,0,0
user_011,user_011_s06,0,30,155.81,85.42,0,0
user_011,user_011_s06,0,31,124.51,94.76,0,0
user_011,user_011_s06,0,32,214.98,101.86,0,0
user_011,user_011_s06,0,33,229.84,86.67,0,0
user_011,user_011_s06,0,34,117.05,86.05,0,0
user_011,user_011_s06,0,35,248.93,84.93,0,0
user_011,user_011_s06,0,36,142.25,142.8,0,0
user_011,user_011_s06,0,37,138.45,90.37,0,0
user_011,user_011_s06,0,38,195.51,115.33,0,0
user_011,user_011_s06,0,39,199.67,79.23,0,0
user_011,user_011_s07,1,0,271.46,216.27,0,0
user_011,user_011_s07,1,1,278.32,117.47,0,0
user_011,user_011_s07,1,2,274.65,158.36,1,0
user_011,user_011_s07,1,3,353.39,125.97,1,0
user_011,user_011_s07,1,4,339.2,155.79,1,0
user_011,user_011_s07,1,5,500.1,103.82,0,0
user_011,user_011_s07,1,6,206.94,128.25,0,0
user_011,user_011_s07,1,7,292.21,117.44,0,0
user_011,user_011_s07,1,8,285.35,172.62,1,0
user_011,user_011_s07,1,9,280.32,151.26,0,0
user_011,user_011_s07,1,10,1341.53,181.94,0,0
user_011,user_011_s07,1,11,135.72,108.94,1,0
user_011,user_011_s07,1,12,263.02,135.36,0,0
user_011,user_011_s07,1,13,93.74,171.02,0,0
user_011,user_011_s07,1,14,699.66,181.02,0,0
user_011,user_011_s07,1,15,193.06,82.41,0,1
user_011,user_011_s07,1,16,230.45,157.88,0,0
user_011,user_011_s07,1,17,383.46,109.48,0,0
user_011,user_011_s07,1,18,146.97,183.19,0,0
user_011,user_011_s07,1,19,355.37,223.89,0,0
user_011,user_011_s07,1,20,201.21,32.51,0,1
user_011,user_011_s07,1,21,214.53,116.21,0,0
user_011,user_011_s07,1,22,312.13,155.57,0,1
user_011,user_011_s07,1,23,233.0,144.11,0,0
user_011,user_011_s07,1,24,166.85,184.49,0,0
user_011,user_011_s07,1,25,222.72,147.66,0,0
user_011,user_011_s07,1,26,72.27,121.61,0,1
user_011,user_011_s07,1,27,303.1,100.62,0,0
user_011,user_011_s07,1,28,40.0,93.42,0,1
user_011,user_011_s07,1,29,357.32,112.5,0,0
user_011,user_011_s07,1,30,1350.28,120.1,0,0
user_011,user_011_s07,1,31,1467.8,160.7,0,0
user_011,user_011_s07,1,32,495.75,137.57,0,0
user_011,user_011_s07,1,33,362.43,116.43,0,0
user_011,user_011_s07,1,34,195.21,101.09,1,0
user_011,user_011_s07,1,35,494.74,114.21,0,0
user_011,user_011_s07,1,36,134.6,120.14,0,0
user_011,user_011_s07,1,37,58.78,112.27,0,0
user_011,user_011_s07,1,38,1816.98,173.08,0,0
user_011,user_011_s07,1,39,326.68,202.82,0,0
user_011,user_011_s08,0,0,199.72,120.8,0,0
user_011,user_011_s08,0,1,176.67,101.79,0,0
user_011,user_011_s08,0,2,144.23,127.54,0,0
user_011,user_011_s08,0,3,203.16,118.63,0,0
user_011,user_011_s08,0,4,235.06,107.53,0,0
user_011,user_011_s08,0,5,131.9,98.39,0,0
user_011,user_011_s08,0,6,259.08,93.09,0,0
user_011,user_011_s08,0,7,215.33,75.88,1,0
user_011,user_011_s08,0,8,167.0,78.91,0,0
user_011,user_011_s08,0,9,166.17,121.57,0,0
user_011,user_011_s08,0,10,274.15,131.23,0,0
user_011,user_011_s08,0,11,231.05,82.9,0,0
user_011,user_011_s08,0,12,1361.12,104.31,0,0
user_011,user_011_s08,0,13,175.65,73.71,0,0
user_011,user_011_s08,0,14,213.21,84.84,0,0
user_011,user_011_s08,0,15,203.61,107.88,0,0
user_011,user_011_s08,0,16,179.21,93.38,0,0
user_011,user_011_s08,0,17,192.43,67.35,0,0
user_011,user_011_s08,0,18,239.03,135.05,0,0
user_011,user_011_s08,0,19,665.55,102.12,0,0
user_011,user_011_s08,0,20,175.63,82.47,0,0
user_011,user_011_s08,0,21,126.2,105.42,0,0
user_011,user_011_s08,0,22,263.88,101.53,0,1
user_011,user_011_s08,0,23,264.46,110.9,0,0
user_011,user_011_s08,0,24,205.99,96.71,0,0
user_011,user_011_s08,0,25,270.82,108.89,0,0
user_011,user_011_s08,0,26,202.6,120.61,0,0
user_011,user_011_s08,0,27,145.01,78.49,0,0
user_011,user_011_s08,0,28,126.24,90.13,0,0
user_011,user_011_s08,0,29,125.8,118.67,0,0
user_011,user_011_s08,0,30,187.55,92.77,0,0
user_011,user_011_s08,0,31,165.63,101.52,0,0
user_011,user_011_s08,0,32,160.39,94.28,0,0
user_011,user_011_s08,0,33,182.36,95.44,0,0
user_011,user_011_s08,0,34,227.29,93.86,1,0
user_011,user_011_s08,0,35,161.87,79.59,0,0
user_011,user_011_s08,0,36,154.03,111.59,0,0
user_011,user_011_s08,0,37,164.94,122.83,0,0
user_011,user_011_s08,0,38,230.23,99.75,0,0
user_011,user_011_s08,0,39,184.08,120.72,0,0
user_011,user_011_s09,0,0,148.26,113.52,0,0
user_011,user_011_s09,0,1,183.01,62.1,0,0
user_011,user_011_s09,0,2,139.34,78.95,0,0
user_011,user_011_s09,0,3,259.23,135.17,0,0
user_011,user_011_s09,0,4,159.68,100.92,0,0
user_011,user_011_s09,0,5,119.99,142.9,1,0
user_011,user_011_s09,0,6,116.3,130.02,0,0
user_011,user_011_s09,0,7,188.06,101.52,0,0
user_011,user_011_s09,0,8,170.7,99.87,0,0
user_011,user_011_s09,0,9,222.24,136.32,0,0
user_011,user_011_s09,0,10,181.09,144.79,0,0
user_011,user_011_s09,0,11,246.33,100.28,0,0
user_011,user_011_s09,0,12,174.09,134.27,0,0
user_011,user_011_s09,0,13,239.83,124.8,0,0
user_011,user_011_s09,0,14,147.68,128.02,0,0
user_011,user_011_s09,0,15,1320.62,107.5,0,0
user_011,user_011_s09,0,16,153.7,93.09,0,0
user_011,user_011_s09,0,17,139.47,85.98,0,0
user_011,user_011_s09,0,18,134.26,81.33,0,0
user_011,user_011_s09,0,19,211.3,141.21,0,0
user_011,user_011_s09,0,20,179.73,105.82,0,0
user_011,user_011_s09,0,21,198.64,84.3,0,0
user_011,user_011_s09,0,22,216.6,124.29,0,0
user_011,user_011_s09,0,23,113.54,96.7,0,0
user_011,user_011_s09,0,24,218.57,93.49,0,0
user_011,user_011_s09,0,25,135.91,144.14,0,0
user_011,user_011_s09,0,26,165.17,80.83,0,0
user_011,user_011_s09,0,27,103.93,110.0,0,0
user_011,user_011_s09,0,28,222.52,94.61,0,0
user_011,user_011_s09,0,29,113.38,91.64,0,0
user_011,user_011_s09,0,30,136.15,78.35,1,0
user_011,user_011_s09,0,31,139.53,106.73,0,0
user_011,user_011_s09,0,32,186.04,89.34,0,0
user_011,user_011_s09,0,33,184.62,116.63,0,0
user_011,user_011_s09,0,34,229.84,104.74,0,0
user_011,user_011_s09,0,35,187.17,99.8,0,0
user_011,user_011_s09,0,36,237.01,89.44,0,0
user_011,user_011_s09,0,37,209.7,132.27,0,0
user_011,user_011_s09,0,38,148.01,119.32,0,0
user_011,user_011_s09,0,39,160.97,92.93,0,0
user_011,user_011_s10,0,0,191.11,93.39,0,0
user_011,user_011_s10,0,1,199.75,111.4,0,0
user_011,user_011_s10,0,2,130.01,117.17,1,0
user_011,user_011_s10,0,3,186.71,106.91,0,0
user_011,user_011_s10,0,4,199.59,96.09,0,0
user_011,user_011_s10,0,5,159.63,72.43,0,0
user_011,user_011_s10,0,6,146.19,99.46,0,0
user_011,user_011_s10,0,7,157.44,96.79,0,0
user_011,user_011_s10,0,8,137.27,104.76,0,0
user_011,user_011_s10,0,9,222.09,102.54,0,0
user_011,user_011_s10,0,10,136.68,129.65,0,0
user_011,user_011_s10,0,11,191.29,87.39,0,0
user_011,user_011_s10,0,12,165.06,71.02,0,0
user_011,user_011_s10,0,13,149.6,79.08,0,0
user_011,user_011_s10,0,14,246.34,88.56,0,0
user_011,user_011_s10,0,15,176.39,120.52,0,0
user_011,user_011_s10,0,16,151.31,76.2,0,0
user_011,user_011_s10,0,17,146.86,78.69,0,0
user_011,user_011_s10,0,18,198.27,108.08,0,0
user_011,user_011_s10,0,19,220.97,116.19,0,0
user_011,user_011_s10,0,20,241.66,71.51,0,0
user_011,user_011_s10,0,21,174.68,67.36,0,0
user_011,user_011_s10,0,22,171.88,85.72,0,0
user_011,user_011_s10,0,23,188.58,112.61,0,0
user_011,user_011_s10,0,24,190.27,103.03,0,0
user_011,user_011_s10,0,25,146.53,86.4,0,0
user_011,user_011_s10,0,26,250.58,114.14,0,0
user_011,user_011_s10,0,27,183.52,102.68,0,0
user_011,user_011_s10,0,28,207.38,98.36,0,0
user_011,user_011_s10,0,29,202.25,70.3,1,0
user_011,user_011_s10,0,30,201.29,86.01,0,0
user_011,user_011_s10,0,31,1194.48,136.82,0,0
user_011,user_011_s10,0,32,182.19,94.1,0,0
user_011,user_011_s10,0,33,288.69,82.54,0,0
user_011,user_011_s10,0,34,256.39,93.25,0,0
user_011,user_011_s10,0,35,189.79,102.58,1,0
user_011,user_011_s10,0,36,165.4,116.82,0,0
user_011,user_011_s10,0,37,981.62,111.93,0,0
user_011,user_011_s10,0,38,159.32,87.76,1,0
user_011,user_011_s10,0,39,178.83,124.05,0,0
user_011,user_011_s11,0,0,176.81,132.94,0,0
user_011,user_011_s11,0,1,170.17,109.03,0,0
user_011,user_011_s11,0,2,182.63,129.74,0,0
user_011,user_011_s11,0,3,251.94,92.4,0,0
user_011,user_011_s11,0,4,201.92,121.81,0,0
user_011,user_011_s11,0,5,176.63,114.07,0,0
user_011,user_011_s11,0,6,218.87,96.32,0,0
user_011,user_011_s11,0,7,167.63,149.3,0,0
user_011,user_011_s11,0,8,138.81,115.39,0,0
user_011,user_011_s11,0,9,207.94,100.05,0,0
user_011,user_011_s11,0,10,177.89,111.42,1,0
user_011,user_011_s11,0,11,201.29,94.86,0,0
user_011,user_011_s11,0,12,76.9,89.51,0,0
user_011,user_011_s11,0,13,160.39,102.69,0,0
user_011,user_011_s11,0,14,199.83,103.95,0,0
user_011,user_011_s11,0,15,131.31,96.08,0,0
user_011,user_011_s11,0,16,132.9,134.36,0,0
user_011,user_011_s11,0,17,203.73,96.8,0,0
user_011,user_011_s11,0,18,234.59,93.69,0,0
user_011,user_011_s11,0,19,160.4,88.97,0,0
user_011,user_011_s11,0,20,189.72,87.18,0,0
user_011,user_011_s11,0,21,190.79,130.2,0,0
user_011,user_011_s11,0,22,129.18,115.87,0,0
user_011,user_011_s11,0,23,257.05,123.92,0,0
user_011,user_011_s11,0,24,193.41,130.03,0,0
user_011,user_011_s11,0,25,193.9,104.85,0,0
user_011,user_011_s11,0,26,219.29,138.48,0,0
user_011,user_011_s11,0,27,129.28,99.38,0,0
user_011,user_011_s11,0,28,244.76,90.65,0,0
user_011,user_011_s11,0,29,250.85,118.02,0,0
user_011,user_011_s11,0,30,208.47,113.75,0,0
user_011,user_011_s11,0,31,223.45,113.72,0,0
user_011,user_011_s11,0,32,186.74,129.97,0,0
user_011,user_011_s11,0,33,242.13,113.04,0,0
user_011,user_011_s11,0,34,163.6,116.89,0,1
user_011,user_011_s11,0,35,670.98,136.38,0,0
user_011,user_011_s11,0,36,203.19,116.03,0,0
user_011,user_011_s11,0,37,200.12,120.27,0,0
user_011,user_011_s11,0,38,251.71,84.65,0,0
user_011,user_011_s11,0,39,1563.5,180.33,0,0
user_011,user_011_s12,1,0,827.64,136.13,0,0
user_011,user_011_s12,1,1,172.48,110.53,0,0
user_011,user_011_s12,1,2,68.84,88.98,0,0
user_011,user_011_s12,1,3,40.0,165.24,0,0
user_011,user_011_s12,1,4,243.48,119.28,0,0
user_011,user_011_s12,1,5,612.26,150.12,0,0
user_011,user_011_s12,1,6,79.35,121.1,0,1
user_011,user_011_s12,1,7,282.18,167.14,0,0
user_011,user_011_s12,1,8,353.14,97.93,0,0
user_011,user_011_s12,1,9,1525.18,164.59,0,0
user_011,user_011_s12,1,10,254.69,156.27,0,0
user_011,user_011_s12,1,11,255.34,73.34,1,0
user_011,user_011_s12,1,12,55.62,112.75,0,0
user_011,user_011_s12,1,13,302.51,160.18,0,0
user_011,user_011_s12,1,14,329.6,179.2,0,0
user_011,user_011_s12,1,15,375.62,150.76,0,0
user_011,user_011_s12,1,16,200.24,116.46,0,0
user_011,user_011_s12,1,17,146.46,98.83,0,0
user_011,user_011_s12,1,18,338.75,146.17,0,0
user_011,user_011_s12,1,19,272.46,115.55,0,0
user_011,user_011_s12,1,20,301.43,116.86,0,1
user_011,user_011_s12,1,21,184.09,121.78,0,0
user_011,user_011_s12,1,22,254.93,155.89,0,0
user_011,user_011_s12,1,23,152.76,184.41,0,0
user_011,user_011_s12,1,24,233.58,160.37,0,0
user_011,user_011_s12,1,25,207.16,128.99,0,0
user_011,user_011_s12,1,26,414.7,100.96,0,0
user_011,user_011_s12,1,27,276.29,149.29,1,0
user_011,user_011_s12,1,28,616.07,180.06,0,0
user_011,user_011_s12,1,29,233.87,159.65,0,0
user_011,user_011_s12,1,30,262.38,135.1,0,0
user_011,user_011_s12,1,31,197.44,113.61,0,0
user_011,user_011_s12,1,32,148.95,139.34,1,0
user_011,user_011_s12,1,33,284.92,164.31,0,1
user_011,user_011_s12,1,34,159.85,135.86,0,0
user_011,user_011_s12,1,35,278.36,125.5,0,0
user_011,user_011_s12,1,36,153.34,107.5,0,0
user_011,user_011_s12,1,37,192.82,208.56,0,0
user_011,user_011_s12,1,38,934.29,101.21,0,0
user_011,user_011_s12,1,39,1209.02,98.36,0,0
user_011,user_011_s13,0,0,156.12,102.69,0,0
user_011,user_011_s13,0,1,158.79,100.16,0,0
user_011,user_011_s13,0,2,263.48,110.43,0,0
user_011,user_011_s13,0,3,104.32,131.29,0,0
user_011,user_011_s13,0,4,110.55,84.15,0,0
user_011,user_011_s13,0,5,198.98,108.69,0,0
user_011,user_011_s13,0,6,170.27,74.3,0,0
user_011,user_011_s13,0,7,1263.07,126.3,0,0
user_011,user_011_s13,0,8,200.91,101.5,1,0
user_011,user_011_s13,0,9,200.13,75.67,0,1
user_011,user_011_s13,0,10,142.87,79.75,0,0
user_011,user_011_s13,0,11,735.03,118.68,0,0
user_011,user_011_s13,0,12,190.52,72.51,0,0
user_011,user_011_s13,0,13,195.99,108.7,0,0
user_011,user_011_s13,0,14,210.72,95.53,0,0
user_011,user_011_s13,0,15,161.06,99.89,0,0
user_011,user_011_s13,0,16,204.37,90.97,0,0
user_011,user_011_s13,0,17,232.47,85.77,0,0
user_011,user_011_s13,0,18,190.4,94.44,0,0
user_011,user_011_s13,0,19,183.42,114.17,0,0
user_011,user_011_s13,0,20,177.24,98.07,0,0
user_011,user_011_s13,0,21,159.46,111.36,0,0
user_011,user_011_s13,0,22,144.54,99.01,0,0
user_011,user_011_s13,0,23,174.33,114.9,0,0
user_011,user_011_s13,0,24,209.2,111.25,0,0
user_011,user_011_s13,0,25,146.81,93.45,0,0
user_011,user_011_s13,0,26,964.67,85.75,0,0
user_011,user_011_s13,0,27,179.3,121.32,0,0
user_011,user_011_s13,0,28,271.0,88.37,0,0
user_011,user_011_s13,0,29,221.87,112.84,0,0
user_011,user_011_s13,0,30,221.11,104.1,0,0
user_011,user_011_s13,0,31,231.06,94.89,0,0
user_011,user_011_s13,0,32,162.8,111.52,0,0
user_011,user_011_s13,0,33,252.32,129.0,0,0
user_011,user_011_s13,0,34,195.63,115.17,0,0
user_011,user_011_s13,0,35,186.13,105.93,0,0
user_011,user_011_s13,0,36,131.65,133.72,0,0
user_011,user_011_s13,0,37,169.51,72.33,0,1
user_011,user_011_s13,0,38,105.98,82.8,0,0
user_011,user_011_s13,0,39,176.66,94.87,0,0
user_012,user_012_s00,0,0,209.91,97.06,0,0
user_012,user_012_s00,0,1,568.54,85.69,0,0
user_012,user_012_s00,0,2,141.53,112.04,0,0
user_012,user_012_s00,0,3,226.35,90.28,0,0
user_012,user_012_s00,0,4,188.17,99.43,0,0
user_012,user_012_s00,0,5,189.53,99.46,0,0
user_012,user_012_s00,0,6,197.34,94.71,0,0
user_012,user_012_s00,0,7,170.66,97.49,0,0
user_012,user_012_s00,0,8,119.0,100.55,0,0
user_012,user_012_s00,0,9,183.98,82.08,0,0
user_012,user_012_s00,0,10,173.61,102.07,0,0
user_012,user_012_s00,0,11,141.26,109.17,0,0
user_012,user_012_s00,0,12,132.41,101.99,0,0
user_012,user_012_s00,0,13,172.52,90.42,0,0
user_012,user_012_s00,0,14,122.08,98.56,0,0
user_012,user_012_s00,0,15,168.8,90.27,0,0
user_012,user_012_s00,0,16,164.16,94.05,0,0
user_012,user_012_s00,0,17,169.73,77.6,0,0
user_012,user_012_s00,0,18,1317.39,117.11,0,0
user_012,user_012_s00,0,19,198.24,125.66,1,0
user_012,user_012_s00,0,20,146.94,85.04,0,0
user_012,user_012_s00,0,21,207.78,107.97,0,0
user_012,user_012_s00,0,22,165.87,118.31,0,0
user_012,user_012_s00,0,23,241.77,81.14,0,0
user_012,user_012_s00,0,24,151.79,62.66,0,0
user_012,user_012_s00,0,25,112.32,119.22,0,0
user_012,user_012_s00,0,26,206.39,95.71,0,0
user_012,user_012_s00,0,27,190.69,87.88,0,0
user_012,user_012_s00,0,28,220.55,96.6,0,0
user_012,user_012_s00,0,29,186.23,90.19,0,0
user_012,user_012_s00,0,30,264.34,141.42,0,0
user_012,user_012_s00,0,31,167.05,87.71,0,0
user_012,user_012_s00,0,32,214.57,100.91,0,0
user_012,user_012_s00,0,33,154.1,115.76,0,0
user_012,user_012_s00,0,34,193.23,115.69,0,0
user_012,user_012_s00,0,35,200.4,112.74,0,0
user_012,user_012_s00,0,36,206.35,89.32,0,0
user_012,user_012_s00,0,37,204.18,93.53,0,0
user_012,user_012_s00,0,38,49.79,62.41,0,0
user_012,user_012_s00,0,39,171.67,94.73,0,0
user_012,user_012_s01,0,0,187.72,86.82,0,0
user_012,user_012_s01,0,1,203.5,99.35,0,0
user_012,user_012_s01,0,2,255.73,94.78,0,0
user_012,user_012_s01,0,3,207.1,104.55,0,0
user_012,user_012_s01,0,4,168.5,89.4,0,0
user_012,user_012_s01,0,5,225.4,115.41,0,0
user_012,user_012_s01,0,6,180.82,129.77,0,0
user_012,user_012_s01,0,7,208.43,110.15,0,0
user_012,user_012_s01,0,8,217.01,86.29,0,0
user_012,user_012_s01,0,9,178.29,94.47,0,0
user_012,user_012_s01,0,10,204.48,111.92,0,0
user_012,user_012_s01,0,11,258.87,78.25,0,0
user_012,user_012_s01,0,12,173.2,89.55,0,0
user_012,user_012_s01,0,13,247.97,83.17,0,0
user_012,user_012_s01,0,14,174.59,110.3,0,0
user_012,user_012_s01,0,15,266.64,141.79,0,0
user_012,user_012_s01,0,16,164.39,89.11,0,0
user_012,user_012_s01,0,17,182.15,121.08,0,0
user_012,user_012_s01,0,18,255.34,99.84,0,0
user_012,user_012_s01,0,19,257.03,88.2,0,0
user_012,user_012_s01,0,20,228.8,132.59,0,0
user_012,user_012_s01,0,21,155.69,141.76,0,0
user_012,user_012_s01,0,22,200.48,114.86,0,0
user_012,user_012_s01,0,23,197.36,114.1,0,0
user_012,user_012_s01,0,24,164.38,109.48,0,0
user_012,user_012_s01,0,25,699.54,106.24,0,0
user_012,user_012_s01,0,26,167.43,113.75,0,0
user_012,user_012_s01,0,27,147.65,118.92,0,0
user_012,user_012_s01,0,28,134.95,134.12,0,0
user_012,user_012_s01,0,29,263.19,100.47,0,0
user_012,user_012_s01,0,30,177.67,110.48,0,0
user_012,user_012_s01,0,31,178.48,107.16,0,0
user_012,user_012_s01,0,32,157.65,124.28,0,0
user_012,user_012_s01,0,33,249.94,145.45,0,0
user_012,user_012_s01,0,34,144.21,124.81,0,0
user_012,user_012_s01,0,35,150.98,120.8,0,0
user_012,user_012_s01,0,36,184.93,122.49,0,0
user_012,user_012_s01,0,37,196.48,128.02,0,0
user_012,user_012_s01,0,38,222.65,145.68,0,0
user_012,user_012_s01,0,39,171.32,82.58,0,0
user_012,user_012_s02,0,0,163.07,86.24,0,0
user_012,user_012_s02,0,1,273.2,81.68,0,0
user_012,user_012_s02,0,2,148.95,93.35,0,0
user_012,user_012_s02,0,3,124.66,102.26,0,0
user_012,user_012_s02,0,4,229.33,116.33,0,0
user_012,user_012_s02,0,5,174.38,78.63,0,0
user_012,user_012_s02,0,6,187.23,96.51,0,0
user_012,user_012_s02,0,7,262.18,115.11,0,0
user_012,user_012_s02,0,8,122.35,78.84,0,0
user_012,user_012_s02,0,9,168.81,116.48,0,0
user_012,user_012_s02,0,10,128.76,90.22,0,0
user_012,user_012_s02,0,11,189.22,107.93,0,0
user_012,user_012_s02,0,12,155.05,93.62,0,0
user_012,user_012_s02,0,13,131.2,104.04,0,0
user_012,user_012_s02,0,14,204.5,121.74,0,0
user_012,user_012_s02,0,15,176.72,95.11,0,0
user_012,user_012_s02,0,16,128.17,112.32,0,0
user_012,user_012_s02,0,17,130.53,101.21,0,0
user_012,user_012_s02,0,18,184.32,84.88,0,0
user_012,user_012_s02,0,19,112.05,94.74,0,0
user_012,user_012_s02,0,20,185.08,93.78,0,0
user_012,user_012_s02,0,21,227.86,75.25,0,0
user_012,user_012_s02,0,22,201.99,104.04,0,0
user_012,user_012_s02,0,23,152.35,107.11,0,0
user_012,user_012_s02,0,24,186.88,109.48,0,0
user_012,user_012_s02,0,25,128.17,118.98,0,0
user_012,user_012_s02,0,26,181.57,111.66,0,0
user_012,user_012_s02,0,27,163.75,87.7,0,0
user_012,user_012_s02,0,28,136.34,90.97,0,0
user_012,user_012_s02,0,29,200.32,109.89,0,0
user_012,user_012_s02,0,30,100.25,102.98,0,0
user_012,user_012_s02,0,31,130.7,96.71,0,0
user_012,user_012_s02,0,32,135.33,83.52,0,0
user_012,user_012_s02,0,33,1223.0,88.81,0,0
user_012,user_012_s02,0,34,226.32,105.95,0,0
user_012,user_012_s02,0,35,205.35,66.96,0,0
user_012,user_012_s02,0,36,1103.99,60.97,0,0
user_012,user_012_s02,0,37,178.56,107.65,0,0
user_012,user_012_s02,0,38,175.87,88.77,0,0
user_012,user_012_s02,0,39,229.11,104.19,0,0
user_012,user_012_s03,1,0,336.9,132.09,0,0
user_012,user_012_s03,1,1,261.27,174.92,0,0
user_012,user_012_s03,1,2,238.57,157.4,0,0
user_012,user_012_s03,1,3,985.78,136.69,0,0
user_012,user_012_s03,1,4,540.05,172.54,0,0
user_012,user_012_s03,1,5,141.25,118.47,1,0
user_012,user_012_s03,1,6,276.56,122.08,0,0
user_012,user_012_s03,1,7,191.16,154.16,0,0
user_012,user_012_s03,1,8,135.06,146.57,0,1
user_012,user_012_s03,1,9,228.28,162.48,1,0
user_012,user_012_s03,1,10,281.45,179.39,0,0
user_012,user_012_s03,1,11,291.74,95.87,0,0
user_012,user_012_s03,1,12,257.98,144.28,0,0
user_012,user_012_s03,1,13,948.54,200.92,1,0
user_012,user_012_s03,1,14,219.23,124.95,0,1
user_012,user_012_s03,1,15,308.38,121.35,0,0
user_012,user_012_s03,1,16,1633.31,74.93,0,1
user_012,user_012_s03,1,17,254.37,146.19,0,0
user_012,user_012_s03,1,18,339.1,160.76,0,0
user_012,user_012_s03,1,19,320.39,160.69,0,0
user_012,user_012_s03,1,20,246.12,111.55,0,0
user_012,user_012_s03,1,21,235.3,142.83,0,0
user_012,user_012_s03,1,22,234.71,149.83,0,0
user_012,user_012_s03,1,23,1446.75,144.68,0,0
user_012,user_012_s03,1,24,343.59,109.79,0,0
user_012,user_012_s03,1,25,208.1,145.45,0,0
user_012,user_012_s03,1,26,325.16,118.32,0,0
user_012,user_012_s03,1,27,263.34,86.16,0,0
user_012,user_012_s03,1,28,366.0,163.82,0,0
user_012,user_012_s03,1,29,300.44,147.36,0,0
user_012,user_012_s03,1,30,1414.4,161.1,0,0
user_012,user_012_s03,1,31,215.15,126.84,0,0
user_012,user_012_s03,1,32,162.43,162.15,0,0
user_012,user_012_s03,1,33,271.39,174.19,0,0
user_012,user_012_s03,1,34,114.38,196.45,0,0
user_012,user_012_s03,1,35,224.59,167.85,0,0
user_012,user_012_s03,1,36,936.58,154.8,0,0
user_012,user_012_s03,1,37,196.32,101.12,0,0
user_012,user_012_s03,1,38,305.47,139.86,0,0
user_012,user_012_s03,1,39,1096.93,99.82,0,0
user_012,user_012_s04,0,0,83.56,90.39,0,0
user_012,user_012_s04,0,1,1311.54,111.58,0,0
user_012,user_012_s04,0,2,160.03,103.75,0,0
user_012,user_012_s04,0,3,165.24,80.41,0,0
user_012,user_012_s04,0,4,167.72,68.15,0,0
user_012,user_012_s04,0,5,163.78,99.42,0,0
user_012,user_012_s04,0,6,281.67,74.19,0,0
user_012,user_012_s04,0,7,240.7,84.1,0,0
user_012,user_012_s04,0,8,203.63,86.66,0,0
user_012,user_012_s04,0,9,186.01,100.57,0,0
user_012,user_012_s04,0,10,1224.44,116.91,0,0
user_012,user_012_s04,0,11,186.1,97.4,0,0
user_012,user_012_s04,0,12,208.12,88.91,0,0
user_012,user_012_s04,0,13,198.2,65.37,0,0
user_012,user_012_s04,0,14,181.66,104.25,0,0
user_012,user_012_s04,0,15,212.9,97.64,0,0
user_012,user_012_s04,0,16,160.56,88.74,0,0
user_012,user_012_s04,0,17,178.97,115.14,0,0
user_012,user_012_s04,0,18,139.04,78.87,0,0
user_012,user_012_s04,0,19,143.49,86.66,0,0
user_012,user_012_s04,0,20,79.42,93.43,0,0
user_012,user_012_s04,0,21,194.29,88.55,0,0
user_012,user_012_s04,0,22,204.87,105.68,0,0
user_012,user_012_s04,0,23,717.72,104.34,0,0
user_012,user_012_s04,0,24,134.31,113.37,0,0
user_012,user_012_s04,0,25,193.65,104.93,0,0
user_012,user_012_s04,0,26,176.7,95.42,0,0
user_012,user_012_s04,0,27,205.1,91.97,0,0
user_012,user_012_s04,0,28,151.66,104.21,0,0
user_012,user_012_s04,0,29,163.79,94.27,0,0
user_012,user_012_s04,0,30,116.96,97.93,0,0
user_012,user_012_s04,0,31,149.14,105.04,0,0
user_012,user_012_s04,0,32,176.85,99.33,1,0
user_012,user_012_s04,0,33,183.43,101.95,0,0
user_012,user_012_s04,0,34,111.86,85.03,0,0
user_012,user_012_s04,0,35,157.05,117.97,0,0
user_012,user_012_s04,0,36,182.89,80.17,0,0
user_012,user_012_s04,0,37,230.9,103.96,1,0
user_012,user_012_s04,0,38,144.22,89.72,0,0
user_012,user_012_s04,0,39,195.58,113.86,0,0
user_012,user_012_s05,0,0,122.94,98.29,0,0
user_012,user_012_s05,0,1,228.58,115.73,0,0
user_012,user_012_s05,0,2,174.68,99.24,1,0
user_012,user_012_s05,0,3,133.81,64.53,0,0
user_012,user_012_s05,0,4,198.65,90.44,0,1
user_012,user_012_s05,0,5,152.99,103.58,0,0
user_012,user_012_s05,0,6,176.75,118.21,0,0
user_012,user_012_s05,0,7,165.17,99.18,0,0
user_012,user_012_s05,0,8,150.81,102.01,0,0
user_012,user_012_s05,0,9,138.91,92.51,0,0
user_012,user_012_s05,0,10,215.29,125.57,0,0
user_012,user_012_s05,0,11,197.13,124.64,0,0
user_012,user_012_s05,0,12,194.66,91.14,0,0
user_012,user_012_s05,0,13,170.62,78.21,0,0
user_012,user_012_s05,0,14,186.6,73.74,0,0
user_012,user_012_s05,0,15,156.31,110.83,0,0
user_012,user_012_s05,0,16,1391.08,103.63,0,0
user_012,user_012_s05,0,17,250.43,89.52,0,0
user_012,user_012_s05,0,18,218.66,105.73,0,0
user_012,user_012_s05,0,19,163.03,82.61,0,0
user_012,user_012_s05,0,20,127.07,113.78,0,0
user_012,user_012_s05,0,21,119.18,95.66,0,0
user_012,user_012_s05,0,22,160.23,84.9,0,0
user_012,user_012_s05,0,23,188.77,95.9,0,0
user_012,user_012_s05,0,24,189.18,95.37,0,0
user_012,user_012_s05,0,25,190.34,107.16,0,0
user_012,user_012_s05,0,26,197.49,119.49,0,0
user_012,user_012_s05,0,27,144.68,118.69,0,0
user_012,user_012_s05,0,28,242.64,104.0,0,0
user_012,user_012_s05,0,29,177.04,98.67,0,0
user_012,user_012_s05,0,30,195.97,92.8,0,0
user_012,user_012_s05,0,31,159.38,74.34,0,0
user_012,user_012_s05,0,32,196.61,101.25,0,1
user_012,user_012_s05,0,33,264.54,88.45,0,0
user_012,user_012_s05,0,34,146.57,120.3,0,0
user_012,user_012_s05,0,35,141.71,98.46,0,0
user_012,user_012_s05,0,36,151.37,113.04,0,0
user_012,user_012_s05,0,37,171.81,94.12,0,0
user_012,user_012_s05,0,38,164.57,91.15,0,0
user_012,user_012_s05,0,39,144.59,110.85,0,0
user_012,user_012_s06,0,0,83.79,104.21,0,0
user_012,user_012_s06,0,1,158.45,87.14,0,0
user_012,user_012_s06,0,2,147.09,82.89,0,0
user_012,user_012_s06,0,3,129.37,84.62,0,0
user_012,user_012_s06,0,4,229.25,104.4,0,0
user_012,user_012_s06,0,5,211.15,74.85,0,0
user_012,user_012_s06,0,6,102.94,97.73,0,0
user_012,user_012_s06,0,7,179.26,82.52,0,0
user_012,user_012_s06,0,8,141.9,76.05,0,0
user_012,user_012_s06,0,9,187.46,78.54,0,0
user_012,user_012_s06,0,10,142.58,94.97,0,0
user_012,user_012_s06,0,11,152.61,107.09,1,0
user_012,user_012_s06,0,12,210.4,84.94,0,0
user_012,user_012_s06,0,13,204.87,63.39,0,0
user_012,user_012_s06,0,14,231.42,143.88,0,0
user_012,user_012_s06,0,15,164.99,112.54,0,0
user_012,user_012_s06,0,16,117.34,109.69,0,0
user_012,user_012_s06,0,17,208.79,120.39,0,0
user_012,user_012_s06,0,18,209.01,96.76,0,0
user_012,user_012_s06,0,19,197.52,93.26,0,0
user_012,user_012_s06,0,20,144.73,116.2,0,0
user_012,user_012_s06,0,21,132.15,116.1,0,0
user_012,user_012_s06,0,22,193.96,104.81,0,0
user_012,user_012_s06,0,23,139.25,108.92,0,0
user_012,user_012_s06,0,24,161.5,76.28,0,0
user_012,user_012_s06,0,25,285.17,91.38,0,0
user_012,user_012_s06,0,26,255.25,121.56,0,0
user_012,user_012_s06,0,27,203.84,107.72,0,0
user_012,user_012_s06,0,28,147.86,72.84,0,0
user_012,user_012_s06,0,29,145.55,87.17,0,0
user_012,user_012_s06,0,30,200.88,119.05,0,0
user_012,user_012_s06,0,31,230.94,102.34,0,0
user_012,user_012_s06,0,32,153.66,98.14,0,0
user_012,user_012_s06,0,33,155.77,98.6,0,0
user_012,user_012_s06,0,34,176.72,94.05,0,0
user_012,user_012_s06,0,35,119.91,87.27,0,0
user_012,user_012_s06,0,36,121.08,82.51,0,0
user_012,user_012_s06,0,37,128.1,110.89,1,0
user_012,user_012_s06,0,38,194.35,99.0,0,0
user_012,user_012_s06,0,39,183.81,106.22,0,0
user_012,user_012_s07,1,0,250.53,149.52,0,0
user_012,user_012_s07,1,1,114.69,154.36,0,1
user_012,user_012_s07,1,2,137.09,135.82,0,0
user_012,user_012_s07,1,3,794.29,155.98,0,0
user_012,user_012_s07,1,4,245.96,209.81,1,0
user_012,user_012_s07,1,5,77.06,141.82,0,0
user_012,user_012_s07,1,6,194.36,134.93,0,0
user_012,user_012_s07,1,7,266.96,141.09,0,1
user_012,user_012_s07,1,8,1456.01,128.81,0,0
user_012,user_012_s07,1,9,213.44,142.8,0,0
user_012,user_012_s07,1,10,265.38,127.61,0,0
user_012,user_012_s07,1,11,247.75,174.56,0,0
user_012,user_012_s07,1,12,156.02,171.03,0,0
user_012,user_012_s07,1,13,1101.84,210.72,0,0
user_012,user_012_s07,1,14,218.37,133.25,0,0
user_012,user_012_s07,1,15,396.3,144.3,0,0
user_012,user_012_s07,1,16,234.67,142.82,0,0
user_012,user_012_s07,1,17,255.73,141.15,0,0
user_012,user_012_s07,1,18,266.77,174.07,1,0
user_012,user_012_s07,1,19,215.28,76.59,1,0
user_012,user_012_s07,1,20,180.11,150.39,0,1
user_012,user_012_s07,1,21,284.46,204.7,0,0
user_012,user_012_s07,1,22,285.18,182.31,0,0
user_012,user_012_s07,1,23,428.01,178.26,0,0
user_012,user_012_s07,1,24,1291.39,163.88,0,0
user_012,user_012_s07,1,25,310.96,113.0,0,0
user_012,user_012_s07,1,26,307.28,107.55,0,0
user_012,user_012_s07,1,27,182.73,107.83,0,0
user_012,user_012_s07,1,28,132.51,93.8,0,1
user_012,user_012_s07,1,29,155.01,167.58,0,0
user_012,user_012_s07,1,30,304.65,186.04,0,0
user_012,user_012_s07,1,31,369.55,149.46,0,0
user_012,user_012_s07,1,32,308.72,162.56,0,0
user_012,user_012_s07,1,33,229.02,144.47,0,0
user_012,user_012_s07,1,34,392.11,154.21,0,0
user_012,user_012_s07,1,35,204.55,59.18,0,0
user_012,user_012_s07,1,36,142.23,145.22,1,0
user_012,user_012_s07,1,37,266.17,119.03,0,0
user_012,user_012_s07,1,38,358.07,132.66,1,0
user_012,user_012_s07,1,39,169.15,142.07,0,0
user_012,user_012_s08,0,0,139.04,70.85,0,0
user_012,user_012_s08,0,1,204.49,92.35,0,0
user_012,user_012_s08,0,2,136.94,71.73,0,0
user_012,user_012_s08,0,3,114.6,96.81,0,0
user_012,user_012_s08,0,4,209.58,85.31,0,0
user_012,user_012_s08,0,5,113.76,86.38,0,0
user_012,user_012_s08,0,6,216.12,82.36,0,0
user_012,user_012_s08,0,7,267.74,79.89,0,0
user_012,user_012_s08,0,8,152.43,82.56,0,0
user_012,user_012_s08,0,9,204.49,104.33,0,0
user_012,user_012_s08,0,10,92.42,62.54,0,0
user_012,user_012_s08,0,11,90.73,76.17,0,0
user_012,user_012_s08,0,12,125.98,102.41,0,0
user_012,user_012_s08,0,13,188.28,98.76,0,0
user_012,user_012_s08,0,14,156.7,106.82,0,0
user_012,user_012_s08,0,15,149.46,85.24,0,0
user_012,user_012_s08,0,16,106.97,65.86,0,0
user_012,user_012_s08,0,17,151.73,69.1,0,0
user_012,user_012_s08,0,18,131.87,81.55,0,0
user_012,user_012_s08,0,19,121.14,97.86,0,0
user_012,user_012_s08,0,20,117.88,82.23,0,0
user_012,user_012_s08,0,21,164.02,81.04,0,1
user_012,user_012_s08,0,22,128.92,92.26,0,0
user_012,user_012_s08,0,23,156.38,86.58,0,0
user_012,user_012_s08,0,24,88.57,79.37,0,0
user_012,user_012_s08,0,25,1102.21,70.74,0,0
user_012,user_012_s08,0,26,165.89,100.72,0,0
user_012,user_012_s08,0,27,147.73,102.27,0,0
user_012,user_012_s08,0,28,162.85,69.87,0,0
user_012,user_012_s08,0,29,192.57,79.95,0,0
user_012,user_012_s08,0,30,100.89,96.41,0,0
user_012,user_012_s08,0,31,159.2,68.64,0,0
user_012,user_012_s08,0,32,106.42,91.77,0,0
user_012,user_012_s08,0,33,160.0,81.12,0,1
user_012,user_012_s08,0,34,146.67,67.42,0,0
user_012,user_012_s08,0,35,155.68,113.5,0,0
user_012,user_012_s08,0,36,189.28,80.89,0,0
user_012,user_012_s08,0,37,188.12,94.22,0,0
user_012,user_012_s08,0,38,198.44,68.89,0,0
user_012,user_012_s08,0,39,141.38,110.04,0,0
user_012,user_012_s09,0,0,141.17,79.69,0,0
user_012,user_012_s09,0,1,185.76,66.2,0,0
user_012,user_012_s09,0,2,237.96,101.17,0,0
user_012,user_012_s09,0,3,165.3,102.13,0,0
user_012,user_012_s09,0,4,124.98,92.42,0,0
user_012,user_012_s09,0,5,237.09,69.44,0,1
user_012,user_012_s09,0,6,159.9,84.99,0,0
user_012,user_012_s09,0,7,190.33,111.86,0,0
user_012,user_012_s09,0,8,151.89,100.0,0,0
user_012,user_012_s09,0,9,170.23,102.67,0,0
user_012,user_012_s09,0,10,143.13,141.52,0,0
user_012,user_012_s09,0,11,1422.11,95.66,0,0
user_012,user_012_s09,0,12,210.58,57.39,0,0
user_012,user_012_s09,0,13,232.78,73.67,0,0
user_012,user_012_s09,0,14,134.42,95.32,1,0
user_012,user_012_s09,0,15,94.54,90.9,0,0
user_012,user_012_s09,0,16,153.48,87.97,0,0
user_012,user_012_s09,0,17,261.57,88.24,0,0
user_012,user_012_s09,0,18,152.37,78.54,0,0
user_012,user_012_s09,0,19,205.22,96.37,0,0
user_012,user_012_s09,0,20,125.32,112.07,0,0
user_012,user_012_s09,0,21,888.16,117.27,0,0
user_012,user_012_s09,0,22,161.68,116.84,0,0
user_012,user_012_s09,0,23,245.92,75.9,0,0
user_012,user_012_s09,0,24,207.08,90.3,0,0
user_012,user_012_s09,0,25,85.76,85.78,0,0
user_012,user_012_s09,0,26,190.41,99.72,0,0
user_012,user_012_s09,0,27,120.56,89.34,0,0
user_012,user_012_s09,0,28,138.53,87.14,0,0
user_012,user_012_s09,0,29,184.39,113.0,0,0
user_012,user_012_s09,0,30,218.56,92.13,0,0
user_012,user_012_s09,0,31,216.66,92.53,0,0
user_012,user_012_s09,0,32,177.51,96.97,0,0
user_012,user_012_s09,0,33,178.05,101.02,0,0
user_012,user_012_s09,0,34,216.55,101.11,0,0
user_012,user_012_s09,0,35,104.14,114.5,0,0
user_012,user_012_s09,0,36,235.06,70.83,0,0
user_012,user_012_s09,0,37,136.44,95.61,0,0
user_012,user_012_s09,0,38,174.78,89.04,0,0
user_012,user_012_s09,0,39,145.66,85.98,0,0
user_012,user_012_s10,1,0,135.52,144.8,0,1
user_012,user_012_s10,1,1,450.37,155.27,1,0
user_012,user_012_s10,1,2,133.08,180.76,0,0
user_012,user_012_s10,1,3,197.13,151.59,0,0
user_012,user_012_s10,1,4,726.53,141.61,0,0
user_012,user_012_s10,1,5,227.45,128.25,0,0
user_012,user_012_s10,1,6,327.34,183.53,0,0
user_012,user_012_s10,1,7,271.88,134.95,0,0
user_012,user_012_s10,1,8,353.77,145.01,0,1
user_012,user_012_s10,1,9,299.05,156.71,0,0
user_012,user_012_s10,1,10,122.12,156.57,0,0
user_012,user_012_s10,1,11,314.45,181.87,0,0
user_012,user_012_s10,1,12,287.1,144.36,1,0
user_012,user_012_s10,1,13,1137.47,194.42,0,0
user_012,user_012_s10,1,14,446.31,138.17,0,0
user_012,user_012_s10,1,15,319.51,159.61,0,0
user_012,user_012_s10,1,16,348.36,140.42,0,0
user_012,user_012_s10,1,17,351.37,219.23,0,0
user_012,user_012_s10,1,18,230.53,134.64,0,0
user_012,user_012_s10,1,19,1277.09,137.77,0,0
user_012,user_012_s10,1,20,821.27,150.75,0,0
user_012,user_012_s10,1,21,218.68,137.55,0,0
user_012,user_012_s10,1,22,1525.17,157.67,0,0
user_012,user_012_s10,1,23,268.97,189.32,0,0
user_012,user_012_s10,1,24,317.66,151.88,0,0
user_012,user_012_s10,1,25,1306.3,153.16,0,0
user_012,user_012_s10,1,26,251.1,138.85,0,0
user_012,user_012_s10,1,27,893.13,129.3,0,0
user_012,user_012_s10,1,28,242.04,150.12,0,0
user_012,user_012_s10,1,29,400.93,147.04,0,1
user_012,user_012_s10,1,30,290.26,187.39,0,0
user_012,user_012_s10,1,31,224.78,113.59,0,0
user_012,user_012_s10,1,32,110.43,197.12,0,0
user_012,user_012_s10,1,33,249.81,141.7,1,0
user_012,user_012_s10,1,34,216.96,151.92,0,0
user_012,user_012_s10,1,35,213.75,109.93,0,1
user_012,user_012_s10,1,36,348.43,166.23,0,0
user_012,user_012_s10,1,37,273.77,113.54,0,0
user_012,user_012_s10,1,38,572.2,159.7,0,0
user_012,user_012_s10,1,39,320.42,156.32,1,0
user_012,user_012_s11,0,0,1244.23,84.03,0,0
user_012,user_012_s11,0,1,164.15,116.71,0,0
user_012,user_012_s11,0,2,131.1,78.08,0,0
user_012,user_012_s11,0,3,149.9,65.24,0,0
user_012,user_012_s11,0,4,175.12,116.41,0,0
user_012,user_012_s11,0,5,1177.24,95.37,0,0
user_012,user_012_s11,0,6,108.84,93.2,0,0
user_012,user_012_s11,0,7,124.35,79.66,0,0
user_012,user_012_s11,0,8,183.89,72.2,0,0
user_012,user_012_s11,0,9,177.58,73.66,0,0
user_012,user_012_s11,0,10,206.65,87.34,0,0
user_012,user_012_s11,0,11,205.05,82.9,0,0
user_012,user_012_s11,0,12,247.83,55.34,0,0
user_012,user_012_s11,0,13,143.66,111.27,0,0
user_012,user_012_s11,0,14,215.66,78.75,0,0
user_012,user_012_s11,0,15,119.53,104.27,0,0
user_012,user_012_s11,0,16,247.03,74.35,0,0
user_012,user_012_s11,0,17,172.42,87.59,0,0
user_012,user_012_s11,0,18,175.78,100.17,0,0
user_012,user_012_s11,0,19,931.65,98.05,0,0
user_012,user_012_s11,0,20,102.78,81.08,0,0
user_012,user_012_s11,0,21,113.57,93.05,0,0
user_012,user_012_s11,0,22,159.37,95.61,0,0
user_012,user_012_s11,0,23,168.22,82.93,0,0
user_012,user_012_s11,0,24,235.05,68.07,0,0
user_012,user_012_s11,0,25,118.4,75.6,1,0
user_012,user_012_s11,0,26,862.97,79.37,0,0
user_012,user_012_s11,0,27,144.71,85.61,1,0
user_012,user_012_s11,0,28,144.17,109.71,0,0
user_012,user_012_s11,0,29,148.62,99.17,0,0
user_012,user_012_s11,0,30,143.18,72.65,0,0
user_012,user_012_s11,0,31,173.64,113.47,0,0
user_012,user_012_s11,0,32,139.73,83.99,0,0
user_012,user_012_s11,0,33,100.66,95.55,0,0
user_012,user_012_s11,0,34,144.62,70.76,0,0
user_012,user_012_s11,0,35,172.49,78.25,0,0
user_012,user_012_s11,0,36,100.97,101.18,0,0
user_012,user_012_s11,0,37,177.31,71.68,0,0
user_012,user_012_s11,0,38,200.34,86.06,0,0
user_012,user_012_s11,0,39,211.86,92.45,0,0
user_012,user_012_s12,0,0,191.05,92.62,0,0
user_012,user_012_s12,0,1,253.52,81.93,0,0
user_012,user_012_s12,0,2,160.08,107.62,0,0
user_012,user_012_s12,0,3,213.09,86.56,0,0
user_012,user_012_s12,0,4,187.31,108.48,0,0
user_012,user_012_s12,0,5,109.4,103.12,0,0
user_012,user_012_s12,0,6,172.79,105.49,0,0
user_012,user_012_s12,0,7,167.96,109.35,0,0
user_012,user_012_s12,0,8,230.08,126.23,0,0
user_012,user_012_s12,0,9,1366.37,82.49,0,0
user_012,user_012_s12,0,10,188.23,108.57,0,0
user_012,user_012_s12,0,11,220.45,101.68,0,0
user_012,user_012_s12,0,12,168.1,111.92,0,0
user_012,user_012_s12,0,13,216.8,97.26,0,0
user_012,user_012_s12,0,14,177.59,113.65,0,0
user_012,user_012_s12,0,15,215.96,75.68,0,0
user_012,user_012_s12,0,16,219.88,80.1,0,0
user_012,user_012_s12,0,17,201.3,86.79,0,0
user_012,user_012_s12,0,18,145.2,94.4,0,0
user_012,user_012_s12,0,19,157.55,96.27,0,0
user_012,user_012_s12,0,20,202.67,84.16,0,0
user_012,user_012_s12,0,21,208.11,80.3,0,0
user_012,user_012_s12,0,22,179.83,85.47,0,0
user_012,user_012_s12,0,23,161.72,69.25,0,0
user_012,user_012_s12,0,24,181.09,91.12,0,0
user_012,user_012_s12,0,25,163.02,94.65,0,0
user_012,user_012_s12,0,26,163.23,102.34,0,0
user_012,user_012_s12,0,27,249.14,98.12,0,0
user_012,user_012_s12,0,28,155.44,123.15,0,0
user_012,user_012_s12,0,29,193.27,108.05,0,0
user_012,user_012_s12,0,30,179.61,106.9,0,0
user_012,user_012_s12,0,31,126.54,101.16,0,0
user_012,user_012_s12,0,32,125.22,103.8,0,0
user_012,user_012_s12,0,33,170.61,92.16,0,0
user_012,user_012_s12,0,34,733.2,97.09,0,0
user_012,user_012_s12,0,35,244.15,125.12,0,0
user_012,user_012_s12,0,36,159.82,94.47,0,0
user_012,user_012_s12,0,37,156.68,75.06,0,0
user_012,user_012_s12,0,38,220.79,106.28,0,0
user_012,user_012_s12,0,39,168.32,109.02,0,0
user_012,user_012_s13,0,0,1207.28,98.66,0,0
user_012,user_012_s13,0,1,231.13,98.17,0,0
user_012,user_012_s13,0,2,237.73,108.62,0,0
user_012,user_012_s13,0,3,151.87,101.07,0,0
user_012,user_012_s13,0,4,201.61,97.58,0,0
user_012,user_012_s13,0,5,164.07,107.38,0,0
user_012,user_012_s13,0,6,150.88,117.37,1,0
user_012,user_012_s13,0,7,200.02,74.04,0,0
user_012,user_012_s13,0,8,177.79,97.73,0,0
user_012,user_012_s13,0,9,187.31,84.95,0,0
user_012,user_012_s13,0,10,174.47,104.17,0,0
user_012,user_012_s13,0,11,145.45,113.2,0,0
user_012,user_012_s13,0,12,258.99,123.73,1,0
user_012,user_012_s13,0,13,199.71,99.87,0,0
user_012,user_012_s13,0,14,138.22,108.18,0,0
user_012,user_012_s13,0,15,200.71,80.65,0,0
user_012,user_012_s13,0,16,252.24,93.3,0,0
user_012,user_012_s13,0,17,230.6,109.73,0,0
user_012,user_012_s13,0,18,173.75,85.63,0,0
user_012,user_012_s13,0,19,174.68,125.58,0,0
user_012,user_012_s13,0,20,156.89,114.6,0,0
user_012,user_012_s13,0,21,165.15,92.62,0,0
user_012,user_012_s13,0,22,917.64,83.73,0,0
user_012,user_012_s13,0,23,137.22,95.47,0,0
user_012,user_012_s13,0,24,176.63,92.7,0,0
user_012,user_012_s13,0,25,206.94,87.81,0,0
user_012,user_012_s13,0,26,177.78,84.89,0,0
user_012,user_012_s13,0,27,202.07,103.0,0,0
user_012,user_012_s13,0,28,256.11,117.81,0,0
user_012,user_012_s13,0,29,264.33,95.6,0,0
user_012,user_012_s13,0,30,191.1,113.39,0,0
user_012,user_012_s13,0,31,227.57,101.5,0,0
user_012,user_012_s13,0,32,187.3,115.96,0,0
user_012,user_012_s13,0,33,174.94,94.44,0,0
user_012,user_012_s13,0,34,150.74,110.87,0,0
user_012,user_012_s13,0,35,197.04,108.39,0,0
user_012,user_012_s13,0,36,235.43,127.51,0,1
user_012,user_012_s13,0,37,144.68,115.14,0,0
user_012,user_012_s13,0,38,182.67,110.48,0,0
user_012,user_012_s13,0,39,180.81,83.92,0,1
user_013,user_013_s00,0,0,180.37,78.2,0,0
user_013,user_013_s00,0,1,198.26,121.93,0,0
user_013,user_013_s00,0,2,206.01,104.25,0,0
user_013,user_013_s00,0,3,1595.7,110.95,0,0
user_013,user_013_s00,0,4,225.77,136.29,0,0
user_013,user_013_s00,0,5,292.27,117.18,0,0
user_013,user_013_s00,0,6,214.56,109.33,0,0
user_013,user_013_s00,0,7,182.15,112.2,0,0
user_013,user_013_s00,0,8,1210.21,143.18,0,0
user_013,user_013_s00,0,9,231.54,121.35,0,0
user_013,user_013_s00,0,10,248.86,100.84,0,0
user_013,user_013_s00,0,11,262.31,107.14,0,0
user_013,user_013_s00,0,12,168.46,95.97,0,0
user_013,user_013_s00,0,13,665.89,107.72,0,0
user_013,user_013_s00,0,14,207.1,140.5,0,0
user_013,user_013_s00,0,15,172.04,112.26,0,0
user_013,user_013_s00,0,16,200.82,93.63,0,0
user_013,user_013_s00,0,17,257.11,121.77,0,0
user_013,user_013_s00,0,18,227.12,108.66,0,0
user_013,user_013_s00,0,19,160.7,123.85,0,0
user_013,user_013_s00,0,20,161.0,111.05,1,0
user_013,user_013_s00,0,21,159.89,137.92,0,0
user_013,user_013_s00,0,22,1357.06,100.42,0,0
user_013,user_013_s00,0,23,212.01,96.36,0,0
user_013,user_013_s00,0,24,164.11,129.83,0,0
user_013,user_013_s00,0,25,191.88,83.02,0,0
user_013,user_013_s00,0,26,264.72,112.17,0,0
user_013,user_013_s00,0,27,273.31,127.65,0,0
user_013,user_013_s00,0,28,270.63,79.98,0,0
user_013,user_013_s00,0,29,137.5,115.94,0,0
user_013,user_013_s00,0,30,275.53,91.1,0,0
user_013,user_013_s00,0,31,212.58,85.55,0,0
user_013,user_013_s00,0,32,212.03,97.94,0,0
user_013,user_013_s00,0,33,249.87,111.99,0,0
user_013,user_013_s00,0,34,236.92,103.67,0,0
user_013,user_013_s00,0,35,134.57,132.53,0,0
user_013,user_013_s00,0,36,184.56,116.22,0,0
user_013,user_013_s00,0,37,194.36,107.13,0,0
user_013,user_013_s00,0,38,155.99,94.06,0,0
user_013,user_013_s00,0,39,248.61,118.48,0,0
user_013,user_013_s01,0,0,178.58,110.7,0,0
user_013,user_013_s01,0,1,152.54,98.13,0,0
user_013,user_013_s01,0,2,253.94,109.79,0,0
user_013,user_013_s01,0,3,255.75,110.43,0,0
user_013,user_013_s01,0,4,227.65,105.07,0,0
user_013,user_013_s01,0,5,227.31,130.2,0,0
user_013,user_013_s01,0,6,177.8,133.33,0,0
user_013,user_013_s01,0,7,117.18,86.63,0,0
user_013,user_013_s01,0,8,204.32,109.63,0,0
user_013,user_013_s01,0,9,138.72,110.77,0,0
user_013,user_013_s01,0,10,221.56,115.08,0,0
user_013,user_013_s01,0,11,266.12,144.98,0,0
user_013,user_013_s01,0,12,189.7,104.87,0,0
user_013,user_013_s01,0,13,191.99,142.69,0,1
user_013,user_013_s01,0,14,174.19,115.49,0,0
user_013,user_013_s01,0,15,215.98,142.84,0,0
user_013,user_013_s01,0,16,212.9,112.87,0,0
user_013,user_013_s01,0,17,173.66,111.01,0,0
user_013,user_013_s01,0,18,250.53,117.46,0,0
user_013,user_013_s01,0,19,321.75,138.39,0,0
user_013,user_013_s01,0,20,261.57,120.34,0,0
user_013,user_013_s01,0,21,209.82,121.15,0,0
user_013,user_013_s01,0,22,209.34,127.95,0,0
user_013,user_013_s01,0,23,193.78,103.82,0,0
user_013,user_013_s01,0,24,192.96,123.18,1,0
user_013,user_013_s01,0,25,252.35,107.82,0,0
user_013,user_013_s01,0,26,254.08,141.24,1,0
user_013,user_013_s01,0,27,167.68,124.48,0,0
user_013,user_013_s01,0,28,228.79,128.85,0,0
user_013,user_013_s01,0,29,258.43,85.36,0,0
user_013,user_013_s01,0,30,200.28,129.07,0,0
user_013,user_013_s01,0,31,205.8,114.99,0,0
user_013,user_013_s01,0,32,241.91,94.94,0,0
user_013,user_013_s01,0,33,243.04,119.33,0,0
user_013,user_013_s01,0,34,231.29,93.65,0,0
user_013,user_013_s01,0,35,224.33,127.55,0,0
user_013,user_013_s01,0,36,229.68,140.64,0,0
user_013,user_013_s01,0,37,203.17,89.32,0,0
user_013,user_013_s01,0,38,169.74,117.34,0,0
user_013,user_013_s01,0,39,152.27,115.2,0,0
user_013,user_013_s02,1,0,232.56,168.63,0,1
user_013,user_013_s02,1,1,227.0,117.58,0,0
user_013,user_013_s02,1,2,332.89,150.26,0,0
user_013,user_013_s02,1,3,503.41,234.11,0,1
user_013,user_013_s02,1,4,297.32,144.26,0,1
user_013,user_013_s02,1,5,185.93,145.06,0,0
user_013,user_013_s02,1,6,272.69,172.44,0,0
user_013,user_013_s02,1,7,287.0,139.27,0,0
user_013,user_013_s02,1,8,349.38,162.06,0,0
user_013,user_013_s02,1,9,389.99,142.35,0,0
user_013,user_013_s02,1,10,402.44,170.82,0,0
user_013,user_013_s02,1,11,331.04,155.29,0,0
user_013,user_013_s02,1,12,286.05,222.66,0,0
user_013,user_013_s02,1,13,410.16,158.9,0,0
user_013,user_013_s02,1,14,257.05,149.92,0,1
user_013,user_013_s02,1,15,290.67,191.8,0,0
user_013,user_013_s02,1,16,265.76,110.83,0,0
user_013,user_013_s02,1,17,107.88,213.95,0,0
user_013,user_013_s02,1,18,392.47,124.3,0,0
user_013,user_013_s02,1,19,342.6,197.25,0,0
user_013,user_013_s02,1,20,87.92,206.09,0,0
user_013,user_013_s02,1,21,369.89,139.77,1,0
user_013,user_013_s02,1,22,260.74,142.99,0,1
user_013,user_013_s02,1,23,368.78,153.71,0,0
user_013,user_013_s02,1,24,292.45,178.15,0,1
user_013,user_013_s02,1,25,1443.51,123.98,0,0
user_013,user_013_s02,1,26,288.32,153.71,0,0
user_013,user_013_s02,1,27,210.98,146.88,0,0
user_013,user_013_s02,1,28,183.85,118.85,0,0
user_013,user_013_s02,1,29,358.62,122.41,0,0
user_013,user_013_s02,1,30,830.82,161.65,0,0
user_013,user_013_s02,1,31,411.35,161.06,1,0
user_013,user_013_s02,1,32,253.13,131.81,0,0
user_013,user_013_s02,1,33,1175.02,160.01,0,0
user_013,user_013_s02,1,34,339.53,135.72,0,0
user_013,user_013_s02,1,35,216.4,201.09,0,0
user_013,user_013_s02,1,36,260.17,153.92,0,0
user_013,user_013_s02,1,37,330.03,194.08,0,0
user_013,user_013_s02,1,38,275.58,100.74,0,0
user_013,user_013_s02,1,39,245.24,168.16,0,0
user_013,user_013_s03,0,0,208.68,125.94,0,0
user_013,user_013_s03,0,1,269.1,98.94,0,0
user_013,user_013_s03,0,2,207.5,124.62,0,0
user_013,user_013_s03,0,3,232.72,104.09,0,0
user_013,user_013_s03,0,4,759.81,102.32,0,0
user_013,user_013_s03,0,5,219.09,125.5,1,0
user_013,user_013_s03,0,6,208.86,114.37,0,0
user_013,user_013_s03,0,7,189.84,126.81,0,0
user_013,user_013_s03,0,8,1331.35,126.95,0,0
user_013,user_013_s03,0,9,194.35,98.14,0,0
user_013,user_013_s03,0,10,242.68,132.66,0,0
user_013,user_013_s03,0,11,207.65,125.41,0,0
user_013,user_013_s03,0,12,151.32,111.53,0,0
user_013,user_013_s03,0,13,244.47,118.71,0,0
user_013,user_013_s03,0,14,245.14,133.11,0,0
user_013,user_013_s03,0,15,309.44,115.78,0,0
user_013,user_013_s03,0,16,220.47,154.54,0,0
user_013,user_013_s03,0,17,227.06,144.6,0,0
user_013,user_013_s03,0,18,238.81,122.73,0,0
user_013,user_013_s03,0,19,260.34,117.24,0,0
user_013,user_013_s03,0,20,257.85,117.93,0,0
user_013,user_013_s03,0,21,232.45,111.31,0,0
user_013,user_013_s03,0,22,218.45,122.86,0,0
user_013,user_013_s03,0,23,253.3,131.81,0,0
user_013,user_013_s03,0,24,216.8,99.39,0,0
user_013,user_013_s03,0,25,168.46,131.1,0,0
user_013,user_013_s03,0,26,160.03,135.73,0,0
user_013,user_013_s03,0,27,208.09,129.98,0,0
user_013,user_013_s03,0,28,224.54,118.8,0,0
user_013,user_013_s03,0,29,318.13,129.32,0,0
user_013,user_013_s03,0,30,1163.36,141.55,0,0
user_013,user_013_s03,0,31,221.62,119.94,0,0
user_013,user_013_s03,0,32,203.67,121.25,0,0
user_013,user_013_s03,0,33,244.39,154.81,0,0
user_013,user_013_s03,0,34,230.92,125.76,0,0
user_013,user_013_s03,0,35,194.36,104.84,0,0
user_013,user_013_s03,0,36,179.51,134.77,0,0
user_013,user_013_s03,0,37,203.75,127.27,0,0
user_013,user_013_s03,0,38,186.2,110.44,0,0
user_013,user_013_s03,0,39,210.57,103.3,0,0
user_013,user_013_s04,1,0,231.04,180.53,0,0
user_013,user_013_s04,1,1,1724.67,164.24,0,0
user_013,user_013_s04,1,2,1119.71,148.77,0,0
user_013,user_013_s04,1,3,1019.68,118.9,0,0
user_013,user_013_s04,1,4,1543.45,199.66,1,0
user_013,user_013_s04,1,5,343.97,139.5,1,0
user_013,user_013_s04,1,6,1808.66,140.9,0,1
user_013,user_013_s04,1,7,233.6,151.67,0,0
user_013,user_013_s04,1,8,282.99,152.11,0,0
user_013,user_013_s04,1,9,249.32,165.45,1,0
user_013,user_013_s04,1,10,340.57,162.49,0,0
user_013,user_013_s04,1,11,258.07,135.91,0,0
user_013,user_013_s04,1,12,332.07,151.37,0,0
user_013,user_013_s04,1,13,668.97,164.63,0,0
user_013,user_013_s04,1,14,417.87,133.73,0,0
user_013,user_013_s04,1,15,133.51,187.81,0,0
user_013,user_013_s04,1,16,298.18,150.19,0,0
user_013,user_013_s04,1,17,273.34,191.7,0,0
user_013,user_013_s04,1,18,271.02,115.0,0,1
user_013,user_013_s04,1,19,292.31,167.5,0,0
user_013,user_013_s04,1,20,277.76,127.87,0,0
user_013,user_013_s04,1,21,1018.73,134.44,0,1
user_013,user_013_s04,1,22,300.18,173.91,0,0
user_013,user_013_s04,1,23,1148.55,144.85,1,0
user_013,user_013_s04,1,24,96.7,217.32,0,0
user_013,user_013_s04,1,25,392.44,163.99,0,0
user_013,user_013_s04,1,26,438.13,132.86,0,0
user_013,user_013_s04,1,27,672.97,164.04,0,1
user_013,user_013_s04,1,28,277.08,144.62,0,0
user_013,user_013_s04,1,29,361.93,172.05,0,0
user_013,user_013_s04,1,30,332.9,143.11,0,0
user_013,user_013_s04,1,31,381.48,161.14,0,0
user_013,user_013_s04,1,32,919.43,155.8,0,1
user_013,user_013_s04,1,33,143.68,152.72,0,0
user_013,user_013_s04,1,34,357.66,177.42,0,0
user_013,user_013_s04,1,35,314.76,104.46,1,0
user_013,user_013_s04,1,36,792.48,153.21,0,0
user_013,user_013_s04,1,37,175.66,132.72,0,0
user_013,user_013_s04,1,38,196.05,116.12,0,0
user_013,user_013_s04,1,39,275.07,129.22,0,0
user_013,user_013_s05,0,0,192.49,123.44,0,0
user_013,user_013_s05,0,1,222.01,79.19,0,0
user_013,user_013_s05,0,2,1489.55,136.38,0,0
user_013,user_013_s05,0,3,155.86,115.77,0,0
user_013,user_013_s05,0,4,239.31,119.26,0,1
user_013,user_013_s05,0,5,173.18,118.23,0,0
user_013,user_013_s05,0,6,185.46,127.92,0,0
user_013,user_013_s05,0,7,248.26,112.12,0,0
user_013,user_013_s05,0,8,227.53,89.8,0,0
user_013,user_013_s05,0,9,213.16,118.53,0,0
user_013,user_013_s05,0,10,147.68,91.39,0,0
user_013,user_013_s05,0,11,159.86,142.3,0,0
user_013,user_013_s05,0,12,221.96,107.62,0,0
user_013,user_013_s05,0,13,231.22,112.56,0,0
user_013,user_013_s05,0,14,216.22,102.62,0,0
user_013,user_013_s05,0,15,187.3,118.78,0,0
user_013,user_013_s05,0,16,185.99,120.62,0,0
user_013,user_013_s05,0,17,214.74,102.58,0,0
user_013,user_013_s05,0,18,156.34,120.6,0,0
user_013,user_013_s05,0,19,209.8,114.46,0,0
user_013,user_013_s05,0,20,150.89,111.86,0,0
user_013,user_013_s05,0,21,164.27,101.42,0,0
user_013,user_013_s05,0,22,213.25,150.22,0,0
user_013,user_013_s05,0,23,229.36,132.21,1,0
user_013,user_013_s05,0,24,219.75,124.98,0,0
user_013,user_013_s05,0,25,161.8,131.32,0,0
user_013,user_013_s05,0,26,131.7,118.16,0,0
user_013,user_013_s05,0,27,728.98,107.82,0,0
user_013,user_013_s05,0,28,130.57,71.31,0,0
user_013,user_013_s05,0,29,243.74,93.98,0,0
user_013,user_013_s05,0,30,163.12,147.85,0,0
user_013,user_013_s05,0,31,295.06,131.85,0,0
user_013,user_013_s05,0,32,167.87,116.6,0,0
user_013,user_013_s05,0,33,224.58,88.27,0,0
user_013,user_013_s05,0,34,176.84,123.49,0,0
user_013,user_013_s05,0,35,199.46,108.96,0,0
user_013,user_013_s05,0,36,213.47,124.49,0,0
user_013,user_013_s05,0,37,240.39,95.69,0,0
user_013,user_013_s05,0,38,246.72,105.59,0,0
user_013,user_013_s05,0,39,235.1,127.47,0,0
user_013,user_013_s06,0,0,165.83,120.29,0,0
user_013,user_013_s06,0,1,196.81,75.07,0,0
user_013,user_013_s06,0,2,256.58,120.24,0,0
user_013,user_013_s06,0,3,259.45,99.26,0,0
user_013,user_013_s06,0,4,190.8,105.95,0,0
user_013,user_013_s06,0,5,232.84,106.34,0,0
user_013,user_013_s06,0,6,152.38,131.62,0,0
user_013,user_013_s06,0,7,200.23,124.64,0,0
user_013,user_013_s06,0,8,221.2,113.97,0,0
user_013,user_013_s06,0,9,272.77,105.22,0,0
user_013,user_013_s06,0,10,259.48,129.07,0,0
user_013,user_013_s06,0,11,220.33,145.17,0,0
user_013,user_013_s06,0,12,175.74,116.16,0,0
user_013,user_013_s06,0,13,266.07,91.17,0,0
user_013,user_013_s06,0,14,198.47,105.42,0,0
user_013,user_013_s06,0,15,229.86,125.51,0,0
user_013,user_013_s06,0,16,207.14,109.56,0,0
user_013,user_013_s06,0,17,291.29,102.94,0,0
user_013,user_013_s06,0,18,187.74,102.25,0,0
user_013,user_013_s06,0,19,248.47,118.07,0,0
user_013,user_013_s06,0,20,208.57,92.19,0,0
user_013,user_013_s06,0,21,234.66,116.05,0,0
user_013,user_013_s06,0,22,276.48,118.01,0,0
user_013,user_013_s06,0,23,132.24,109.45,0,0
user_013,user_013_s06,0,24,209.41,100.01,0,0
user_013,user_013_s06,0,25,176.43,132.82,0,0
user_013,user_013_s06,0,26,229.75,95.39,0,0
user_013,user_013_s06,0,27,239.52,119.36,0,0
user_013,user_013_s06,0,28,193.29,128.19,0,0
user_013,user_013_s06,0,29,191.24,119.14,0,0
user_013,user_013_s06,0,30,220.12,136.2,0,0
user_013,user_013_s06,0,31,161.35,98.53,0,0
user_013,user_013_s06,0,32,225.27,104.02,0,0
user_013,user_013_s06,0,33,179.47,109.26,0,1
user_013,user_013_s06,0,34,241.21,168.99,0,1
user_013,user_013_s06,0,35,159.57,124.69,0,0
user_013,user_013_s06,0,36,189.44,127.67,0,0
user_013,user_013_s06,0,37,182.12,127.01,0,0
user_013,user_013_s06,0,38,200.15,117.86,0,0
user_013,user_013_s06,0,39,266.78,133.31,0,0
user_013,user_013_s07,0,0,183.66,60.46,0,0
user_013,user_013_s07,0,1,237.63,128.02,0,0
user_013,user_013_s07,0,2,238.42,110.38,0,0
user_013,user_013_s07,0,3,229.98,110.45,0,0
user_013,user_013_s07,0,4,237.61,125.01,0,0
user_013,user_013_s07,0,5,238.13,103.87,0,0
user_013,user_013_s07,0,6,173.78,99.63,0,0
user_013,user_013_s07,0,7,212.91,104.0,0,0
user_013,user_013_s07,0,8,242.64,117.45,0,1
user_013,user_013_s07,0,9,144.5,123.66,0,0
user_013,user_013_s07,0,10,144.27,135.66,0,0
user_013,user_013_s07,0,11,142.07,116.09,0,0
user_013,user_013_s07,0,12,128.34,107.36,0,0
user_013,user_013_s07,0,13,157.58,123.77,0,0
user_013,user_013_s07,0,14,178.48,94.21,0,0
user_013,user_013_s07,0,15,259.57,132.26,0,0
user_013,user_013_s07,0,16,181.98,113.03,0,0
user_013,user_013_s07,0,17,139.05,106.03,0,0
user_013,user_013_s07,0,18,206.01,94.26,0,0
user_013,user_013_s07,0,19,191.87,119.65,0,0
user_013,user_013_s07,0,20,168.27,105.2,0,0
user_013,user_013_s07,0,21,175.97,108.17,0,0
user_013,user_013_s07,0,22,241.86,83.07,0,0
user_013,user_013_s07,0,23,143.29,102.75,0,0
user_013,user_013_s07,0,24,133.11,100.62,0,0
user_013,user_013_s07,0,25,217.97,116.33,0,0
user_013,user_013_s07,0,26,174.96,105.41,0,0
user_013,user_013_s07,0,27,261.16,67.5,0,0
user_013,user_013_s07,0,28,193.25,103.06,0,0
user_013,user_013_s07,0,29,195.4,86.51,0,0
user_013,user_013_s07,0,30,230.69,93.07,0,0
user_013,user_013_s07,0,31,132.85,125.65,0,0
user_013,user_013_s07,0,32,212.83,82.78,0,0
user_013,user_013_s07,0,33,184.84,114.36,0,0
user_013,user_013_s07,0,34,240.25,101.59,0,0
user_013,user_013_s07,0,35,173.66,98.52,0,0
user_013,user_013_s07,0,36,206.43,94.08,0,0
user_013,user_013_s07,0,37,185.11,114.75,0,0
user_013,user_013_s07,0,38,215.82,116.54,0,0
user_013,user_013_s07,0,39,189.4,82.21,0,0
user_013,user_013_s08,0,0,256.35,117.42,0,0
user_013,user_013_s08,0,1,235.78,126.69,0,0
user_013,user_013_s08,0,2,229.02,118.29,0,0
user_013,user_013_s08,0,3,193.47,125.56,0,0
user_013,user_013_s08,0,4,279.99,144.16,0,0
user_013,user_013_s08,0,5,150.58,134.39,0,0
user_013,user_013_s08,0,6,202.93,101.24,1,0
user_013,user_013_s08,0,7,227.96,95.47,0,0
user_013,user_013_s08,0,8,221.55,128.91,0,0
user_013,user_013_s08,0,9,221.49,140.45,0,0
user_013,user_013_s08,0,10,200.91,95.43,0,0
user_013,user_013_s08,0,11,243.09,118.52,0,0
user_013,user_013_s08,0,12,173.21,159.64,0,0
user_013,user_013_s08,0,13,215.84,117.59,0,0
user_013,user_013_s08,0,14,238.76,162.07,0,0
user_013,user_013_s08,0,15,208.34,108.75,0,0
user_013,user_013_s08,0,16,221.76,111.57,0,0
user_013,user_013_s08,0,17,230.15,110.67,1,0
user_013,user_013_s08,0,18,151.5,101.5,0,0
user_013,user_013_s08,0,19,155.22,94.94,0,0
user_013,user_013_s08,0,20,226.9,118.34,0,0
user_013,user_013_s08,0,21,197.36,124.17,0,0
user_013,user_013_s08,0,22,199.76,110.45,0,0
user_013,user_013_s08,0,23,244.21,114.28,0,0
user_013,user_013_s08,0,24,718.89,144.88,0,0
user_013,user_013_s08,0,25,125.54,137.33,0,0
user_013,user_013_s08,0,26,287.51,117.75,0,0
user_013,user_013_s08,0,27,269.71,128.71,0,0
user_013,user_013_s08,0,28,269.21,95.82,0,0
user_013,user_013_s08,0,29,176.97,126.16,0,0
user_013,user_013_s08,0,30,218.49,120.87,0,0
user_013,user_013_s08,0,31,171.1,115.91,0,0
user_013,user_013_s08,0,32,219.18,122.39,0,0
user_013,user_013_s08,0,33,207.72,119.81,0,0
user_013,user_013_s08,0,34,629.74,100.95,0,0
user_013,user_013_s08,0,35,241.6,148.6,0,0
user_013,user_013_s08,0,36,211.27,137.0,0,0
user_013,user_013_s08,0,37,290.12,115.69,0,0
user_013,user_013_s08,0,38,224.98,93.84,0,0
user_013,user_013_s08,0,39,120.18,82.77,1,0
user_013,user_013_s09,0,0,182.4,97.98,0,0
user_013,user_013_s09,0,1,191.91,82.01,0,0
user_013,user_013_s09,0,2,180.97,100.75,0,0
user_013,user_013_s09,0,3,137.75,97.95,0,0
user_013,user_013_s09,0,4,245.57,73.52,0,0
user_013,user_013_s09,0,5,138.85,89.09,0,0
user_013,user_013_s09,0,6,115.04,86.35,0,0
user_013,user_013_s09,0,7,137.91,89.16,0,0
user_013,user_013_s09,0,8,211.76,127.16,0,0
user_013,user_013_s09,0,9,181.97,114.08,0,0
user_013,user_013_s09,0,10,161.95,121.29,0,0
user_013,user_013_s09,0,11,213.6,114.04,1,0
user_013,user_013_s09,0,12,205.84,123.17,0,0
user_013,user_013_s09,0,13,100.79,106.36,0,0
user_013,user_013_s09,0,14,213.2,130.06,0,0
user_013,user_013_s09,0,15,239.61,86.33,0,0
user_013,user_013_s09,0,16,187.7,104.85,0,0
user_013,user_013_s09,0,17,183.26,89.62,0,0
user_013,user_013_s09,0,18,267.97,125.7,0,0
user_013,user_013_s09,0,19,164.36,112.62,0,0
user_013,user_013_s09,0,20,186.01,124.82,0,0
user_013,user_013_s09,0,21,205.78,83.59,0,0
user_013,user_013_s09,0,22,194.53,96.34,0,0
user_013,user_013_s09,0,23,181.77,77.54,0,0
user_013,user_013_s09,0,24,1281.59,111.68,0,0
user_013,user_013_s09,0,25,255.04,99.12,0,0
user_013,user_013_s09,0,26,224.75,117.96,0,0
user_013,user_013_s09,0,27,1227.32,106.44,0,0
user_013,user_013_s09,0,28,158.23,72.03,0,0
user_013,user_013_s09,0,29,163.52,79.5,0,0
user_013,user_013_s09,0,30,230.42,107.24,0,0
user_013,user_013_s09,0,31,696.9,113.35,0,0
user_013,user_013_s09,0,32,288.24,70.66,0,0
user_013,user_013_s09,0,33,191.34,104.6,0,0
user_013,user_013_s09,0,34,137.75,89.74,0,0
user_013,user_013_s09,0,35,199.85,88.26,0,0
user_013,user_013_s09,0,36,160.74,95.51,0,0
user_013,user_013_s09,0,37,175.93,107.9,0,0
user_013,user_013_s09,0,38,132.49,94.69,0,0
user_013,user_013_s09,0,39,183.11,74.32,0,0
user_013,user_013_s10,1,0,345.27,197.12,0,0
user_013,user_013_s10,1,1,344.93,148.39,0,0
user_013,user_013_s10,1,2,234.21,194.03,0,0
user_013,user_013_s10,1,3,398.92,153.31,0,0
user_013,user_013_s10,1,4,366.64,232.61,0,0
user_013,user_013_s10,1,5,369.93,166.89,0,1
user_013,user_013_s10,1,6,156.25,229.19,0,0
user_013,user_013_s10,1,7,349.84,169.89,1,0
user_013,user_013_s10,1,8,388.98,173.27,0,0
user_013,user_013_s10,1,9,316.7,219.15,0,0
user_013,user_013_s10,1,10,282.33,148.79,0,0
user_013,user_013_s10,1,11,221.32,176.19,0,0
user_013,user_013_s10,1,12,216.24,190.06,1,0
user_013,user_013_s10,1,13,328.71,186.22,0,0
user_013,user_013_s10,1,14,301.16,176.0,1,0
user_013,user_013_s10,1,15,300.17,172.11,0,0
user_013,user_013_s10,1,16,426.03,198.75,0,0
user_013,user_013_s10,1,17,228.86,179.79,0,0
user_013,user_013_s10,1,18,293.3,202.15,0,0
user_013,user_013_s10,1,19,437.73,185.88,0,0
user_013,user_013_s10,1,20,295.68,193.19,0,0
user_013,user_013_s10,1,21,969.86,206.88,0,0
user_013,user_013_s10,1,22,305.38,166.0,0,1
user_013,user_013_s10,1,23,367.75,206.12,0,0
user_013,user_013_s10,1,24,172.28,170.34,0,0
user_013,user_013_s10,1,25,303.38,135.11,0,0
user_013,user_013_s10,1,26,321.64,165.46,0,0
user_013,user_013_s10,1,27,1032.57,154.31,0,0
user_013,user_013_s10,1,28,342.11,185.41,0,0
user_013,user_013_s10,1,29,1543.61,166.69,0,0
user_013,user_013_s10,1,30,349.78,178.4,0,0
user_013,user_013_s10,1,31,443.76,203.5,0,0
user_013,user_013_s10,1,32,1167.08,216.86,0,0
user_013,user_013_s10,1,33,353.08,183.07,0,0
user_013,user_013_s10,1,34,351.49,205.53,0,0
user_013,user_013_s10,1,35,301.1,169.76,0,0
user_013,user_013_s10,1,36,398.03,130.51,0,0
user_013,user_013_s10,1,37,338.19,141.38,1,0
user_013,user_013_s10,1,38,232.74,169.24,0,0
user_013,user_013_s10,1,39,370.93,197.31,0,0
user_013,user_013_s11,0,0,217.26,105.29,0,0
user_013,user_013_s11,0,1,117.56,117.46,0,0
user_013,user_013_s11,0,2,228.15,122.5,0,0
user_013,user_013_s11,0,3,210.92,104.98,0,0
user_013,user_013_s11,0,4,219.47,107.32,0,0
user_013,user_013_s11,0,5,204.7,109.06,0,0
user_013,user_013_s11,0,6,154.59,110.55,0,0
user_013,user_013_s11,0,7,165.93,149.74,0,0
user_013,user_013_s11,0,8,270.25,120.28,0,0
user_013,user_013_s11,0,9,184.05,115.93,0,0
user_013,user_013_s11,0,10,241.77,95.25,0,1
user_013,user_013_s11,0,11,166.56,95.63,0,0
user_013,user_013_s11,0,12,209.03,111.9,0,0
user_013,user_013_s11,0,13,192.09,133.29,0,0
user_013,user_013_s11,0,14,198.19,112.12,0,0
user_013,user_013_s11,0,15,196.1,112.81,0,0
user_013,user_013_s11,0,16,267.08,103.45,0,0
user_013,user_013_s11,0,17,286.33,87.57,0,0
user_013,user_013_s11,0,18,219.08,122.25,0,0
user_013,user_013_s11,0,19,193.2,111.25,0,0
user_013,user_013_s11,0,20,156.73,122.39,0,0
user_013,user_013_s11,0,21,153.99,117.76,0,0
user_013,user_013_s11,0,22,267.3,99.95,0,0
user_013,user_013_s11,0,23,151.19,118.88,0,0
user_013,user_013_s11,0,24,192.1,94.74,0,0
user_013,user_013_s11,0,25,215.81,118.76,0,0
user_013,user_013_s11,0,26,106.1,114.29,0,0
user_013,user_013_s11,0,27,159.86,139.82,0,0
user_013,user_013_s11,0,28,156.37,101.5,0,0
user_013,user_013_s11,0,29,183.14,94.17,0,0
user_013,user_013_s11,0,30,219.92,108.72,0,0
user_013,user_013_s11,0,31,250.52,124.99,0,0
user_013,user_013_s11,0,32,183.22,70.76,0,0
user_013,user_013_s11,0,33,191.26,129.23,0,0
user_013,user_013_s11,0,34,204.87,111.97,0,0
user_013,user_013_s11,0,35,177.57,97.12,0,0
user_013,user_013_s11,0,36,226.25,109.44,0,0
user_013,user_013_s11,0,37,227.48,103.5,0,0
user_013,user_013_s11,0,38,101.33,95.79,0,0
user_013,user_013_s11,0,39,235.07,84.44,0,0
user_013,user_013_s12,0,0,233.59,140.11,0,0
user_013,user_013_s12,0,1,275.9,99.84,0,0
user_013,user_013_s12,0,2,223.65,98.61,0,0
user_013,user_013_s12,0,3,204.58,96.74,0,0
user_013,user_013_s12,0,4,208.01,128.05,0,0
user_013,user_013_s12,0,5,254.04,114.15,0,0
user_013,user_013_s12,0,6,224.19,123.66,0,0
user_013,user_013_s12,0,7,693.52,106.73,0,0
user_013,user_013_s12,0,8,219.29,124.66,0,0
user_013,user_013_s12,0,9,151.91,110.24,0,0
user_013,user_013_s12,0,10,224.3,90.23,0,0
user_013,user_013_s12,0,11,173.93,129.51,0,0
user_013,user_013_s12,0,12,224.46,114.24,0,0
user_013,user_013_s12,0,13,982.29,109.88,0,0
user_013,user_013_s12,0,14,232.28,119.3,0,0
user_013,user_013_s12,0,15,202.67,91.83,0,0
user_013,user_013_s12,0,16,163.18,121.67,0,0
user_013,user_013_s12,0,17,197.19,105.33,0,0
user_013,user_013_s12,0,18,296.54,112.33,0,0
user_013,user_013_s12,0,19,118.31,132.95,0,0
user_013,user_013_s12,0,20,215.38,125.04,0,0
user_013,user_013_s12,0,21,168.55,112.01,0,0
user_013,user_013_s12,0,22,263.55,113.21,0,0
user_013,user_013_s12,0,23,241.24,74.06,0,0
user_013,user_013_s12,0,24,216.16,101.74,0,0
user_013,user_013_s12,0,25,245.27,117.48,0,0
user_013,user_013_s12,0,26,218.49,102.65,0,0
user_013,user_013_s12,0,27,209.0,93.7,0,0
user_013,user_013_s12,0,28,184.93,122.46,0,0
user_013,user_013_s12,0,29,194.4,135.61,0,0
user_013,user_013_s12,0,30,190.29,103.34,0,0
user_013,user_013_s12,0,31,209.17,128.75,0,0
user_013,user_013_s12,0,32,133.47,126.36,0,0
user_013,user_013_s12,0,33,249.73,99.27,0,0
user_013,user_013_s12,0,34,286.23,103.24,0,0
user_013,user_013_s12,0,35,191.56,143.52,0,0
user_013,user_013_s12,0,36,255.52,97.04,0,0
user_013,user_013_s12,0,37,203.42,105.12,0,0
user_013,user_013_s12,0,38,184.79,146.11,0,0
user_013,user_013_s12,0,39,193.57,105.76,0,0
user_013,user_013_s13,0,0,199.46,140.24,0,0
user_013,user_013_s13,0,1,230.94,130.06,0,0
user_013,user_013_s13,0,2,184.99,130.17,0,0
user_013,user_013_s13,0,3,317.71,116.44,0,0
user_013,user_013_s13,0,4,241.21,98.36,0,0
user_013,user_013_s13,0,5,211.68,93.02,0,0
user_013,user_013_s13,0,6,153.71,110.61,0,0
user_013,user_013_s13,0,7,219.85,126.54,0,0
user_013,user_013_s13,0,8,162.64,107.41,0,0
user_013,user_013_s13,0,9,240.06,124.51,0,0
user_013,user_013_s13,0,10,110.25,102.75,0,0
user_013,user_013_s13,0,11,264.89,105.21,0,0
user_013,user_013_s13,0,12,192.95,137.81,0,0
user_013,user_013_s13,0,13,142.5,127.61,0,0
user_013,user_013_s13,0,14,209.17,110.52,0,0
user_013,user_013_s13,0,15,210.49,102.18,0,0
user_013,user_013_s13,0,16,207.26,130.51,0,0
user_013,user_013_s13,0,17,264.73,129.35,0,0
user_013,user_013_s13,0,18,972.04,125.58,0,0
user_013,user_013_s13,0,19,241.5,112.57,0,0
user_013,user_013_s13,0,20,199.93,97.98,0,0
user_013,user_013_s13,0,21,226.82,115.17,0,0
user_013,user_013_s13,0,22,157.75,137.81,0,0
user_013,user_013_s13,0,23,220.09,100.93,0,0
user_013,user_013_s13,0,24,179.65,116.16,0,0
user_013,user_013_s13,0,25,262.34,141.44,0,0
user_013,user_013_s13,0,26,212.83,110.56,0,0
user_013,user_013_s13,0,27,236.2,113.37,0,0
user_013,user_013_s13,0,28,220.26,93.91,1,0
user_013,user_013_s13,0,29,281.7,125.32,0,0
user_013,user_013_s13,0,30,147.73,103.61,0,0
user_013,user_013_s13,0,31,205.3,90.66,0,0
user_013,user_013_s13,0,32,171.62,100.23,0,0
user_013,user_013_s13,0,33,128.26,118.72,0,0
user_013,user_013_s13,0,34,169.03,90.25,0,0
user_013,user_013_s13,0,35,256.46,93.34,0,0
user_013,user_013_s13,0,36,208.62,124.31,0,0
user_013,user_013_s13,0,37,201.08,114.25,0,0
user_013,user_013_s13,0,38,240.6,100.85,0,1
user_013,user_013_s13,0,39,214.42,110.29,0,0
user_014,user_014_s00,0,0,124.13,82.89,0,0
user_014,user_014_s00,0,1,198.73,92.29,0,0
user_014,user_014_s00,0,2,144.58,52.74,0,0
user_014,user_014_s00,0,3,182.68,111.89,0,0
user_014,user_014_s00,0,4,176.41,65.85,0,0
user_014,user_014_s00,0,5,151.83,74.44,0,0
user_014,user_014_s00,0,6,147.72,112.78,0,0
user_014,user_014_s00,0,7,960.97,104.26,0,0
user_014,user_014_s00,0,8,124.41,94.73,0,0
user_014,user_014_s00,0,9,126.28,59.22,0,0
user_014,user_014_s00,0,10,216.31,81.02,0,0
user_014,user_014_s00,0,11,190.27,88.73,0,0
user_014,user_014_s00,0,12,104.5,90.16,0,0
user_014,user_014_s00,0,13,119.5,115.57,0,0
user_014,user_014_s00,0,14,1264.13,132.44,0,0
user_014,user_014_s00,0,15,214.07,105.16,0,0
user_014,user_014_s00,0,16,203.14,82.43,0,0
user_014,user_014_s00,0,17,115.27,117.02,0,0
user_014,user_014_s00,0,18,201.21,81.34,0,0
user_014,user_014_s00,0,19,267.25,41.12,0,0
user_014,user_014_s00,0,20,92.99,68.29,0,0
user_014,user_014_s00,0,21,138.69,46.1,0,0
user_014,user_014_s00,0,22,91.91,85.41,0,0
user_014,user_014_s00,0,23,215.99,89.48,0,0
user_014,user_014_s00,0,24,164.35,61.51,0,0
user_014,user_014_s00,0,25,149.41,76.11,0,0
user_014,user_014_s00,0,26,180.34,64.8,0,0
user_014,user_014_s00,0,27,141.56,90.49,0,0
user_014,user_014_s00,0,28,149.24,76.12,0,0
user_014,user_014_s00,0,29,182.68,112.97,0,0
user_014,user_014_s00,0,30,138.93,96.36,0,0
user_014,user_014_s00,0,31,145.91,124.74,0,0
user_014,user_014_s00,0,32,161.36,84.01,0,0
user_014,user_014_s00,0,33,173.61,135.41,0,0
user_014,user_014_s00,0,34,198.84,93.05,0,0
user_014,user_014_s00,0,35,197.93,82.55,0,0
user_014,user_014_s00,0,36,94.96,140.64,0,0
user_014,user_014_s00,0,37,238.7,56.84,0,0
user_014,user_014_s00,0,38,172.02,82.07,0,0
user_014,user_014_s00,0,39,152.7,60.08,0,0
user_014,user_014_s01,0,0,247.32,87.75,0,0
user_014,user_014_s01,0,1,117.51,121.43,0,0
user_014,user_014_s01,0,2,136.47,116.22,1,0
user_014,user_014_s01,0,3,145.89,80.3,0,0
user_014,user_014_s01,0,4,79.11,69.26,0,0
user_014,user_014_s01,0,5,79.26,69.8,0,0
user_014,user_014_s01,0,6,200.39,79.59,0,0
user_014,user_014_s01,0,7,70.26,111.16,0,0
user_014,user_014_s01,0,8,279.87,93.62,0,1
user_014,user_014_s01,0,9,150.65,95.66,0,0
user_014,user_014_s01,0,10,104.41,101.46,0,0
user_014,user_014_s01,0,11,176.07,65.76,1,0
user_014,user_014_s01,0,12,40.0,71.39,0,0
user_014,user_014_s01,0,13,138.81,95.7,0,0
user_014,user_014_s01,0,14,145.15,70.01,0,0
user_014,user_014_s01,0,15,92.7,55.23,0,0
user_014,user_014_s01,0,16,124.07,64.01,0,0
user_014,user_014_s01,0,17,230.74,106.27,0,0
user_014,user_014_s01,0,18,164.36,78.02,0,0
user_014,user_014_s01,0,19,175.05,89.88,0,0
user_014,user_014_s01,0,20,936.55,65.0,0,0
user_014,user_014_s01,0,21,89.87,92.92,0,1
user_014,user_014_s01,0,22,143.38,80.08,0,0
user_014,user_014_s01,0,23,40.0,94.24,0,0
user_014,user_014_s01,0,24,1455.64,75.96,0,0
user_014,user_014_s01,0,25,1382.1,95.39,0,1
user_014,user_014_s01,0,26,54.51,74.99,0,0
user_014,user_014_s01,0,27,187.4,83.83,0,0
user_014,user_014_s01,0,28,148.85,80.04,0,0
user_014,user_014_s01,0,29,124.66,85.93,0,0
user_014,user_014_s01,0,30,188.47,90.93,0,0
user_014,user_014_s01,0,31,74.01,75.63,0,0
user_014,user_014_s01,0,32,88.88,83.05,0,0
user_014,user_014_s01,0,33,210.54,89.1,0,0
user_014,user_014_s01,0,34,268.09,95.45,0,0
user_014,user_014_s01,0,35,189.13,83.91,0,0
user_014,user_014_s01,0,36,178.61,67.87,0,0
user_014,user_014_s01,0,37,126.53,87.12,0,0
user_014,user_014_s01,0,38,127.67,98.67,0,0
user_014,user_014_s01,0,39,166.54,59.05,0,0
user_014,user_014_s02,0,0,218.81,65.64,0,0
user_014,user_014_s02,0,1,142.03,109.79,0,0
user_014,user_014_s02,0,2,56.63,56.4,0,0
user_014,user_014_s02,0,3,178.46,107.86,0,1
user_014,user_014_s02,0,4,108.13,76.13,0,0
user_014,user_014_s02,0,5,167.67,104.45,0,0
user_014,user_014_s02,0,6,48.46,117.32,0,0
user_014,user_014_s02,0,7,147.85,92.34,0,0
user_014,user_014_s02,0,8,196.19,87.86,0,0
user_014,user_014_s02,0,9,190.14,86.85,0,0
user_014,user_014_s02,0,10,149.05,79.49,0,0
user_014,user_014_s02,0,11,158.91,111.03,0,0
user_014,user_014_s02,0,12,1395.76,86.66,0,0
user_014,user_014_s02,0,13,146.7,45.78,0,0
user_014,user_014_s02,0,14,192.43,106.28,0,0
user_014,user_014_s02,0,15,124.37,105.24,0,0
user_014,user_014_s02,0,16,129.22,89.65,0,0
user_014,user_014_s02,0,17,83.36,73.21,0,0
user_014,user_014_s02,0,18,193.42,65.85,0,0
user_014,user_014_s02,0,19,145.63,73.26,0,1
user_014,user_014_s02,0,20,99.01,92.73,0,0
user_014,user_014_s02,0,21,202.1,52.34,0,0
user_014,user_014_s02,0,22,156.45,97.19,0,0
user_014,user_014_s02,0,23,122.05,90.23,0,0
user_014,user_014_s02,0,24,202.88,114.25,0,0
user_014,user_014_s02,0,25,141.87,102.66,0,0
user_014,user_014_s02,0,26,81.16,74.5,0,0
user_014,user_014_s02,0,27,206.14,55.36,0,0
user_014,user_014_s02,0,28,117.22,72.56,0,0
user_014,user_014_s02,0,29,308.06,116.11,0,0
user_014,user_014_s02,0,30,136.72,94.62,0,0
user_014,user_014_s02,0,31,59.11,100.61,0,0
user_014,user_014_s02,0,32,245.49,76.35,0,0
user_014,user_014_s02,0,33,155.97,98.38,0,0
user_014,user_014_s02,0,34,171.41,58.73,0,0
user_014,user_014_s02,0,35,177.63,107.29,0,0
user_014,user_014_s02,0,36,91.49,65.95,0,0
user_014,user_014_s02,0,37,51.64,49.75,0,0
user_014,user_014_s02,0,38,255.35,133.53,0,0
user_014,user_014_s02,0,39,81.47,91.46,0,0
user_014,user_014_s03,0,0,245.95,127.79,0,0
user_014,user_014_s03,0,1,125.79,98.92,0,1
user_014,user_014_s03,0,2,244.29,88.33,0,0
user_014,user_014_s03,0,3,209.99,65.33,0,0
user_014,user_014_s03,0,4,160.45,70.56,0,0
user_014,user_014_s03,0,5,124.78,92.31,0,1
user_014,user_014_s03,0,6,179.41,130.77,0,0
user_014,user_014_s03,0,7,183.83,97.95,0,0
user_014,user_014_s03,0,8,186.57,100.2,0,0
user_014,user_014_s03,0,9,138.71,100.97,0,0
user_014,user_014_s03,0,10,199.83,140.09,0,0
user_014,user_014_s03,0,11,149.66,84.61,0,0
user_014,user_014_s03,0,12,229.85,124.3,0,0
user_014,user_014_s03,0,13,254.26,85.46,0,0
user_014,user_014_s03,0,14,129.53,79.42,0,0
user_014,user_014_s03,0,15,172.67,91.76,0,0
user_014,user_014_s03,0,16,217.77,91.67,0,1
user_014,user_014_s03,0,17,183.35,104.45,0,0
user_014,user_014_s03,0,18,102.84,47.38,0,0
user_014,user_014_s03,0,19,212.46,96.26,1,0
user_014,user_014_s03,0,20,837.25,81.5,0,0
user_014,user_014_s03,0,21,179.62,79.02,0,0
user_014,user_014_s03,0,22,120.56,67.71,0,0
user_014,user_014_s03,0,23,208.99,86.12,0,0
user_014,user_014_s03,0,24,148.89,83.12,0,0
user_014,user_014_s03,0,25,214.22,84.9,0,0
user_014,user_014_s03,0,26,159.08,60.93,0,0
user_014,user_014_s03,0,27,145.92,95.28,0,0
user_014,user_014_s03,0,28,190.09,77.68,0,0
user_014,user_014_s03,0,29,824.71,61.01,0,0
user_014,user_014_s03,0,30,258.61,82.5,0,0
user_014,user_014_s03,0,31,178.88,78.03,0,0
user_014,user_014_s03,0,32,664.14,94.15,0,0
user_014,user_014_s03,0,33,149.96,82.23,0,0
user_014,user_014_s03,0,34,170.58,64.67,0,0
user_014,user_014_s03,0,35,218.94,75.77,0,0
user_014,user_014_s03,0,36,125.48,59.19,0,0
user_014,user_014_s03,0,37,151.47,115.83,0,0
user_014,user_014_s03,0,38,167.26,119.0,0,0
user_014,user_014_s03,0,39,245.96,121.4,0,0
user_014,user_014_s04,0,0,142.0,102.64,0,0
user_014,user_014_s04,0,1,142.97,112.45,0,0
user_014,user_014_s04,0,2,207.5,110.71,0,0
user_014,user_014_s04,0,3,252.81,93.37,0,0
user_014,user_014_s04,0,4,214.71,80.73,0,0
user_014,user_014_s04,0,5,179.6,75.34,0,0
user_014,user_014_s04,0,6,156.23,61.17,0,0
user_014,user_014_s04,0,7,166.9,116.06,0,0
user_014,user_014_s04,0,8,102.73,86.0,0,0
user_014,user_014_s04,0,9,160.62,58.83,0,0
user_014,user_014_s04,0,10,223.62,116.95,0,0
user_014,user_014_s04,0,11,170.22,94.4,0,0
user_014,user_014_s04,0,12,137.33,111.68,0,0
user_014,user_014_s04,0,13,132.76,87.37,0,0
user_014,user_014_s04,0,14,166.69,76.85,0,0
user_014,user_014_s04,0,15,107.22,101.36,0,0
user_014,user_014_s04,0,16,123.34,102.99,0,0
user_014,user_014_s04,0,17,244.04,87.01,0,0
user_014,user_014_s04,0,18,117.03,118.52,0,0
user_014,user_014_s04,0,19,128.63,111.24,0,0
user_014,user_014_s04,0,20,182.66,103.71,0,0
user_014,user_014_s04,0,21,146.42,70.59,0,0
user_014,user_014_s04,0,22,172.64,67.8,0,0
user_014,user_014_s04,0,23,210.91,116.25,0,0
user_014,user_014_s04,0,24,91.77,49.27,0,0
user_014,user_014_s04,0,25,205.54,90.74,0,0
user_014,user_014_s04,0,26,139.46,95.44,0,0
user_014,user_014_s04,0,27,154.11,82.86,0,0
user_014,user_014_s04,0,28,263.28,91.84,0,0
user_014,user_014_s04,0,29,98.91,100.85,0,0
user_014,user_014_s04,0,30,197.46,80.93,0,0
user_014,user_014_s04,0,31,224.02,109.97,0,0
user_014,user_014_s04,0,32,134.46,104.06,0,0
user_014,user_014_s04,0,33,135.24,88.98,0,0
user_014,user_014_s04,0,34,150.03,76.2,0,0
user_014,user_014_s04,0,35,134.17,90.75,0,0
user_014,user_014_s04,0,36,171.54,134.28,0,0
user_014,user_014_s04,0,37,212.38,77.56,0,0
user_014,user_014_s04,0,38,150.3,122.81,0,0
user_014,user_014_s04,0,39,832.85,57.83,0,0
user_014,user_014_s05,0,0,173.78,85.14,0,0
user_014,user_014_s05,0,1,108.27,84.45,0,0
user_014,user_014_s05,0,2,219.02,109.91,0,0
user_014,user_014_s05,0,3,199.48,113.42,0,0
user_014,user_014_s05,0,4,136.82,104.02,0,0
user_014,user_014_s05,0,5,206.97,116.14,0,0
user_014,user_014_s05,0,6,144.36,118.69,0,0
user_014,user_014_s05,0,7,156.64,58.46,0,0
user_014,user_014_s05,0,8,145.2,105.97,0,0
user_014,user_014_s05,0,9,156.06,86.95,0,0
user_014,user_014_s05,0,10,216.21,69.41,0,0
user_014,user_014_s05,0,11,83.1,87.94,0,0
user_014,user_014_s05,0,12,225.97,108.71,0,0
user_014,user_014_s05,0,13,180.1,123.04,0,0
user_014,user_014_s05,0,14,152.1,67.66,0,0
user_014,user_014_s05,0,15,172.41,106.49,0,0
user_014,user_014_s05,0,16,126.45,133.13,0,0
user_014,user_014_s05,0,17,90.72,130.47,0,0
user_014,user_014_s05,0,18,127.84,25.97,0,0
user_014,user_014_s05,0,19,77.68,137.35,0,0
user_014,user_014_s05,0,20,104.51,113.27,0,0
user_014,user_014_s05,0,21,91.16,48.63,0,0
user_014,user_014_s05,0,22,231.89,79.12,0,0
user_014,user_014_s05,0,23,107.9,119.13,0,0
user_014,user_014_s05,0,24,169.35,101.39,0,0
user_014,user_014_s05,0,25,226.59,82.91,0,0
user_014,user_014_s05,0,26,213.41,95.58,1,0
user_014,user_014_s05,0,27,156.79,105.06,0,0
user_014,user_014_s05,0,28,157.02,82.81,0,0
user_014,user_014_s05,0,29,180.29,91.75,0,0
user_014,user_014_s05,0,30,275.81,112.0,0,0
user_014,user_014_s05,0,31,645.07,80.4,0,0
user_014,user_014_s05,0,32,204.42,67.43,1,0
user_014,user_014_s05,0,33,283.43,81.66,0,0
user_014,user_014_s05,0,34,185.12,76.68,0,0
user_014,user_014_s05,0,35,228.13,82.3,0,0
user_014,user_014_s05,0,36,195.0,60.1,0,0
user_014,user_014_s05,0,37,194.28,98.92,0,0
user_014,user_014_s05,0,38,123.76,111.42,0,0
user_014,user_014_s05,0,39,115.56,78.21,0,0
user_014,user_014_s06,0,0,202.03,100.75,0,0
user_014,user_014_s06,0,1,139.33,90.53,0,0
user_014,user_014_s06,0,2,236.65,62.48,0,0
user_014,user_014_s06,0,3,55.72,86.57,0,0
user_014,user_014_s06,0,4,104.78,91.22,0,0
user_014,user_014_s06,0,5,126.22,94.12,0,0
user_014,user_014_s06,0,6,166.55,82.96,0,0
user_014,user_014_s06,0,7,144.7,101.84,0,0
user_014,user_014_s06,0,8,157.05,60.0,0,0
user_014,user_014_s06,0,9,190.97,100.07,0,0
user_014,user_014_s06,0,10,239.03,127.3,0,0
user_014,user_014_s06,0,11,206.66,79.85,0,0
user_014,user_014_s06,0,12,169.77,92.98,0,0
user_014,user_014_s06,0,13,163.03,86.96,0,0
user_014,user_014_s06,0,14,221.44,87.29,0,0
user_014,user_014_s06,0,15,260.15,71.51,0,0
user_014,user_014_s06,0,16,198.55,131.23,0,0
user_014,user_014_s06,0,17,142.76,99.47,0,0
user_014,user_014_s06,0,18,179.81,78.58,0,0
user_014,user_014_s06,0,19,195.68,76.33,0,0
user_014,user_014_s06,0,20,139.55,93.06,0,0
user_014,user_014_s06,0,21,209.79,48.98,1,0
user_014,user_014_s06,0,22,180.05,112.67,0,0
user_014,user_014_s06,0,23,224.57,81.68,0,0
user_014,user_014_s06,0,24,118.7,99.53,0,0
user_014,user_014_s06,0,25,80.9,100.46,0,0
user_014,user_014_s06,0,26,147.58,110.93,0,0
user_014,user_014_s06,0,27,168.17,101.59,0,0
user_014,user_014_s06,0,28,77.96,106.54,0,0
user_014,user_014_s06,0,29,136.91,112.0,0,0
user_014,user_014_s06,0,30,230.45,85.31,0,0
user_014,user_014_s06,0,31,193.36,134.39,0,0
user_014,user_014_s06,0,32,173.83,98.82,0,0
user_014,user_014_s06,0,33,114.8,91.29,0,0
user_014,user_014_s06,0,34,228.8,75.21,1,0
user_014,user_014_s06,0,35,146.36,87.75,0,0
user_014,user_014_s06,0,36,171.69,99.79,0,0
user_014,user_014_s06,0,37,187.13,93.73,0,0
user_014,user_014_s06,0,38,175.46,127.98,0,0
user_014,user_014_s06,0,39,240.74,84.13,0,0
user_014,user_014_s07,0,0,152.44,40.42,0,0
user_014,user_014_s07,0,1,300.31,134.64,0,0
user_014,user_014_s07,0,2,135.65,72.62,0,0
user_014,user_014_s07,0,3,229.77,86.11,0,0
user_014,user_014_s07,0,4,153.72,96.73,0,0
user_014,user_014_s07,0,5,53.3,95.03,0,0
user_014,user_014_s07,0,6,170.46,105.24,0,0
user_014,user_014_s07,0,7,216.34,100.62,0,0
user_014,user_014_s07,0,8,192.32,128.83,0,0
user_014,user_014_s07,0,9,173.67,103.02,0,0
user_014,user_014_s07,0,10,162.18,86.23,0,0
user_014,user_014_s07,0,11,136.55,77.62,0,0
user_014,user_014_s07,0,12,205.31,77.11,0,0
user_014,user_014_s07,0,13,139.54,114.13,0,0
user_014,user_014_s07,0,14,129.35,123.26,0,0
user_014,user_014_s07,0,15,1254.31,108.41,0,0
user_014,user_014_s07,0,16,146.17,25.98,0,0
user_014,user_014_s07,0,17,224.33,44.11,0,0
user_014,user_014_s07,0,18,184.11,88.4,0,0
user_014,user_014_s07,0,19,122.54,85.26,0,0
user_014,user_014_s07,0,20,104.41,88.95,0,0
user_014,user_014_s07,0,21,132.65,113.31,0,1
user_014,user_014_s07,0,22,276.59,112.32,0,0
user_014,user_014_s07,0,23,149.26,92.01,0,0
user_014,user_014_s07,0,24,198.49,58.42,0,0
user_014,user_014_s07,0,25,96.46,64.24,0,0
user_014,user_014_s07,0,26,107.46,89.89,0,0
user_014,user_014_s07,0,27,151.69,96.8,0,0
user_014,user_014_s07,0,28,245.1,64.48,0,0
user_014,user_014_s07,0,29,97.19,101.61,0,0
user_014,user_014_s07,0,30,1400.65,53.9,0,0
user_014,user_014_s07,0,31,205.58,35.89,0,0
user_014,user_014_s07,0,32,239.74,71.25,0,0
user_014,user_014_s07,0,33,182.63,115.71,0,0
user_014,user_014_s07,0,34,194.42,118.66,0,0
user_014,user_014_s07,0,35,116.66,57.01,0,0
user_014,user_014_s07,0,36,95.6,58.52,0,0
user_014,user_014_s07,0,37,104.36,103.6,0,0
user_014,user_014_s07,0,38,117.83,79.84,0,0
user_014,user_014_s07,0,39,172.16,115.57,0,0
user_014,user_014_s08,0,0,133.56,75.06,0,0
user_014,user_014_s08,0,1,157.07,117.15,0,0
user_014,user_014_s08,0,2,181.33,100.26,0,0
user_014,user_014_s08,0,3,185.29,75.73,0,0
user_014,user_014_s08,0,4,152.38,107.41,0,0
user_014,user_014_s08,0,5,144.6,81.11,0,0
user_014,user_014_s08,0,6,113.48,88.2,0,0
user_014,user_014_s08,0,7,129.93,70.34,0,0
user_014,user_014_s08,0,8,258.78,93.2,0,0
user_014,user_014_s08,0,9,155.72,113.0,0,0
user_014,user_014_s08,0,10,178.2,83.42,0,0
user_014,user_014_s08,0,11,95.12,105.63,0,0
user_014,user_014_s08,0,12,295.57,91.88,1,0
user_014,user_014_s08,0,13,126.26,114.2,0,0
user_014,user_014_s08,0,14,110.75,83.71,0,0
user_014,user_014_s08,0,15,165.82,123.62,0,0
user_014,user_014_s08,0,16,124.72,106.34,0,0
user_014,user_014_s08,0,17,186.89,97.69,0,0
user_014,user_014_s08,0,18,1461.68,98.41,0,0
user_014,user_014_s08,0,19,225.06,83.67,0,0
user_014,user_014_s08,0,20,215.31,82.4,0,0
user_014,user_014_s08,0,21,1180.36,98.05,0,0
user_014,user_014_s08,0,22,87.0,69.16,0,0
user_014,user_014_s08,0,23,128.69,80.97,0,0
user_014,user_014_s08,0,24,171.94,74.33,0,0
user_014,user_014_s08,0,25,109.0,104.17,0,0
user_014,user_014_s08,0,26,117.04,104.47,0,0
user_014,user_014_s08,0,27,220.72,117.94,0,0
user_014,user_014_s08,0,28,176.5,86.25,0,0
user_014,user_014_s08,0,29,174.94,76.89,0,0
user_014,user_014_s08,0,30,194.92,63.81,0,0
user_014,user_014_s08,0,31,160.75,98.22,0,0
user_014,user_014_s08,0,32,165.9,120.49,0,1
user_014,user_014_s08,0,33,191.39,91.39,0,0
user_014,user_014_s08,0,34,208.84,93.39,0,0
user_014,user_014_s08,0,35,193.47,92.74,0,0
user_014,user_014_s08,0,36,241.04,97.89,0,0
user_014,user_014_s08,0,37,170.06,112.58,0,0
user_014,user_014_s08,0,38,102.24,130.82,0,0
user_014,user_014_s08,0,39,222.65,102.72,0,0
user_014,user_014_s09,1,0,181.14,85.86,0,1
user_014,user_014_s09,1,1,139.19,109.97,0,0
user_014,user_014_s09,1,2,153.51,103.56,1,0
user_014,user_014_s09,1,3,265.12,78.61,0,0
user_014,user_014_s09,1,4,233.06,117.63,0,0
user_014,user_014_s09,1,5,257.31,177.55,0,0
user_014,user_014_s09,1,6,730.19,109.56,0,0
user_014,user_014_s09,1,7,270.82,64.06,0,0
user_014,user_014_s09,1,8,205.59,165.7,0,0
user_014,user_014_s09,1,9,166.02,158.36,0,0
user_014,user_014_s09,1,10,258.12,164.45,0,1
user_014,user_014_s09,1,11,171.92,113.29,1,0
user_014,user_014_s09,1,12,180.06,87.57,0,0
user_014,user_014_s09,1,13,301.29,83.77,0,0
user_014,user_014_s09,1,14,293.12,154.34,0,0
user_014,user_014_s09,1,15,182.87,170.46,1,0
user_014,user_014_s09,1,16,284.34,82.82,0,0
user_014,user_014_s09,1,17,97.79,27.33,0,0
user_014,user_014_s09,1,18,183.37,114.13,0,0
user_014,user_014_s09,1,19,143.44,83.38,0,0
user_014,user_014_s09,1,20,208.49,90.22,0,0
user_014,user_014_s09,1,21,272.35,106.49,0,0
user_014,user_014_s09,1,22,256.83,128.97,0,0
user_014,user_014_s09,1,23,245.03,87.66,0,0
user_014,user_014_s09,1,24,220.56,119.47,0,0
user_014,user_014_s09,1,25,194.82,110.37,0,0
user_014,user_014_s09,1,26,312.81,34.78,0,1
user_014,user_014_s09,1,27,74.51,133.66,0,0
user_014,user_014_s09,1,28,150.81,99.11,1,0
user_014,user_014_s09,1,29,244.31,70.91,1,0
user_014,user_014_s09,1,30,341.15,89.57,0,0
user_014,user_014_s09,1,31,178.64,121.79,1,0
user_014,user_014_s09,1,32,186.01,116.35,0,0
user_014,user_014_s09,1,33,96.77,137.11,1,0
user_014,user_014_s09,1,34,161.67,129.9,0,0
user_014,user_014_s09,1,35,270.06,74.11,1,0
user_014,user_014_s09,1,36,345.61,20.0,0,0
user_014,user_014_s09,1,37,625.89,118.95,0,0
user_014,user_014_s09,1,38,139.35,136.64,0,0
user_014,user_014_s09,1,39,214.69,107.73,0,0
user_014,user_014_s10,1,0,967.31,80.9,0,0
user_014,user_014_s10,1,1,268.99,143.74,0,0
user_014,user_014_s10,1,2,207.85,144.67,1,0
user_014,user_014_s10,1,3,221.74,79.45,0,0
user_014,user_014_s10,1,4,1680.87,142.95,0,0
user_014,user_014_s10,1,5,356.75,166.72,0,0
user_014,user_014_s10,1,6,1577.17,192.8,0,0
user_014,user_014_s10,1,7,40.0,190.85,0,0
user_014,user_014_s10,1,8,293.12,248.93,0,0
user_014,user_014_s10,1,9,120.52,142.61,0,0
user_014,user_014_s10,1,10,319.18,167.23,0,0
user_014,user_014_s10,1,11,179.77,115.59,0,0
user_014,user_014_s10,1,12,687.24,226.46,0,0
user_014,user_014_s10,1,13,188.22,102.92,0,1
user_014,user_014_s10,1,14,372.81,224.45,0,0
user_014,user_014_s10,1,15,62.67,218.74,0,0
user_014,user_014_s10,1,16,341.34,107.64,0,0
user_014,user_014_s10,1,17,297.33,188.71,0,0
user_014,user_014_s10,1,18,251.15,162.91,0,1
user_014,user_014_s10,1,19,209.37,124.24,0,0
user_014,user_014_s10,1,20,313.38,136.53,0,0
user_014,user_014_s10,1,21,780.1,154.4,0,0
user_014,user_014_s10,1,22,209.26,158.63,0,0
user_014,user_014_s10,1,23,1333.44,209.09,0,1
user_014,user_014_s10,1,24,450.62,168.01,0,0
user_014,user_014_s10,1,25,90.87,108.31,0,0
user_014,user_014_s10,1,26,314.96,175.68,0,0
user_014,user_014_s10,1,27,243.32,64.78,0,0
user_014,user_014_s10,1,28,1408.7,125.37,0,0
user_014,user_014_s10,1,29,980.64,129.66,0,0
user_014,user_014_s10,1,30,63.84,171.89,0,0
user_014,user_014_s10,1,31,297.07,221.41,0,0
user_014,user_014_s10,1,32,117.97,152.27,0,0
user_014,user_014_s10,1,33,372.35,126.49,0,0
user_014,user_014_s10,1,34,146.18,111.5,1,0
user_014,user_014_s10,1,35,320.55,179.75,0,0
user_014,user_014_s10,1,36,1522.02,133.91,0,0
user_014,user_014_s10,1,37,189.79,120.18,0,0
user_014,user_014_s10,1,38,157.53,184.93,0,0
user_014,user_014_s10,1,39,307.85,194.63,0,0
user_014,user_014_s11,0,0,1470.64,78.54,0,0
user_014,user_014_s11,0,1,190.67,75.76,0,0
user_014,user_014_s11,0,2,200.44,96.93,0,0
user_014,user_014_s11,0,3,273.59,83.28,0,0
user_014,user_014_s11,0,4,203.98,142.76,0,0
user_014,user_014_s11,0,5,182.55,92.63,0,0
user_014,user_014_s11,0,6,164.63,106.84,0,0
user_014,user_014_s11,0,7,170.34,82.6,0,0
user_014,user_014_s11,0,8,197.35,65.17,0,0
user_014,user_014_s11,0,9,141.09,83.62,0,0
user_014,user_014_s11,0,10,147.27,83.84,0,0
user_014,user_014_s11,0,11,175.09,83.7,0,0
user_014,user_014_s11,0,12,155.9,66.39,0,0
user_014,user_014_s11,0,13,207.73,100.72,0,0
user_014,user_014_s11,0,14,211.56,91.37,0,0
user_014,user_014_s11,0,15,191.22,67.54,0,0
user_014,user_014_s11,0,16,202.46,100.14,0,0
user_014,user_014_s11,0,17,184.06,113.11,0,1
user_014,user_014_s11,0,18,40.0,121.72,0,0
user_014,user_014_s11,0,19,134.94,50.17,0,0
user_014,user_014_s11,0,20,213.21,83.58,0,0
user_014,user_014_s11,0,21,136.77,70.93,0,0
user_014,user_014_s11,0,22,220.53,85.13,0,0
user_014,user_014_s11,0,23,223.31,125.49,0,0
user_014,user_014_s11,0,24,165.12,83.65,0,0
user_014,user_014_s11,0,25,149.05,88.64,1,0
user_014,user_014_s11,0,26,178.72,81.64,0,0
user_014,user_014_s11,0,27,176.07,130.19,0,0
user_014,user_014_s11,0,28,209.24,52.56,0,0
user_014,user_014_s11,0,29,62.5,87.03,0,0
user_014,user_014_s11,0,30,141.95,80.92,0,0
user_014,user_014_s11,0,31,128.19,64.0,0,0
user_014,user_014_s11,0,32,53.74,119.83,0,0
user_014,user_014_s11,0,33,153.78,62.38,0,0
user_014,user_014_s11,0,34,104.11,88.95,0,0
user_014,user_014_s11,0,35,159.09,96.48,0,0
user_014,user_014_s11,0,36,154.12,83.18,0,0
user_014,user_014_s11,0,37,200.66,63.74,0,0
user_014,user_014_s11,0,38,165.88,94.71,0,0
user_014,user_014_s11,0,39,94.62,82.97,0,0
user_014,user_014_s12,1,0,226.22,131.78,0,0
user_014,user_014_s12,1,1,342.53,159.57,0,0
user_014,user_014_s12,1,2,308.12,44.31,0,0
user_014,user_014_s12,1,3,179.41,109.86,0,0
user_014,user_014_s12,1,4,211.35,162.9,0,0
user_014,user_014_s12,1,5,69.03,99.2,1,0
user_014,user_014_s12,1,6,153.12,124.66,0,0
user_014,user_014_s12,1,7,1318.82,105.37,0,1
user_014,user_014_s12,1,8,289.09,106.39,0,0
user_014,user_014_s12,1,9,148.81,171.4,0,0
user_014,user_014_s12,1,10,114.3,62.91,1,0
user_014,user_014_s12,1,11,302.1,120.42,1,0
user_014,user_014_s12,1,12,178.52,133.07,0,0
user_014,user_014_s12,1,13,134.93,161.81,0,0
user_014,user_014_s12,1,14,307.83,117.42,0,0
user_014,user_014_s12,1,15,924.31,163.1,0,1
user_014,user_014_s12,1,16,201.05,120.24,0,0
user_014,user_014_s12,1,17,185.99,127.53,1,0
user_014,user_014_s12,1,18,262.51,125.93,0,0
user_014,user_014_s12,1,19,1007.89,149.97,0,0
user_014,user_014_s12,1,20,981.69,145.21,0,0
user_014,user_014_s12,1,21,770.94,75.91,0,0
user_014,user_014_s12,1,22,159.25,131.61,0,0
user_014,user_014_s12,1,23,165.53,145.17,1,0
user_014,user_014_s12,1,24,204.78,183.74,0,0
user_014,user_014_s12,1,25,122.14,80.28,0,0
user_014,user_014_s12,1,26,109.9,145.07,0,0
user_014,user_014_s12,1,27,964.54,107.95,0,0
user_014,user_014_s12,1,28,326.37,130.56,0,1
user_014,user_014_s12,1,29,40.0,77.56,0,0
user_014,user_014_s12,1,30,181.79,121.96,0,0
user_014,user_014_s12,1,31,251.3,135.88,0,0
user_014,user_014_s12,1,32,335.04,81.89,0,0
user_014,user_014_s12,1,33,411.22,183.2,0,0
user_014,user_014_s12,1,34,195.77,57.85,0,0
user_014,user_014_s12,1,35,429.3,145.04,0,1
user_014,user_014_s12,1,36,1394.08,20.82,0,0
user_014,user_014_s12,1,37,308.02,111.84,0,1
user_014,user_014_s12,1,38,111.22,142.61,0,0
user_014,user_014_s12,1,39,270.24,152.37,0,1
user_014,user_014_s13,1,0,238.31,109.76,0,0
user_014,user_014_s13,1,1,285.19,175.89,0,0
user_014,user_014_s13,1,2,361.76,134.86,0,0
user_014,user_014_s13,1,3,166.99,50.35,1,0
user_014,user_014_s13,1,4,319.48,153.12,0,0
user_014,user_014_s13,1,5,234.81,89.56,0,0
user_014,user_014_s13,1,6,82.87,145.75,0,0
user_014,user_014_s13,1,7,194.51,126.37,0,0
user_014,user_014_s13,1,8,220.2,20.0,0,0
user_014,user_014_s13,1,9,128.29,138.31,0,0
user_014,user_014_s13,1,10,753.35,106.41,0,0
user_014,user_014_s13,1,11,105.37,97.23,0,0
user_014,user_014_s13,1,12,156.57,98.67,0,0
user_014,user_014_s13,1,13,125.59,145.41,0,0
user_014,user_014_s13,1,14,327.74,79.4,0,0
user_014,user_014_s13,1,15,40.0,157.93,0,0
user_014,user_014_s13,1,16,219.76,56.31,1,0
user_014,user_014_s13,1,17,260.0,126.37,0,0
user_014,user_014_s13,1,18,116.12,144.77,1,0
user_014,user_014_s13,1,19,186.64,143.83,0,0
user_014,user_014_s13,1,20,176.01,122.07,0,0
user_014,user_014_s13,1,21,201.55,106.98,1,0
user_014,user_014_s13,1,22,272.99,93.73,0,0
user_014,user_014_s13,1,23,264.35,67.78,0,0
user_014,user_014_s13,1,24,151.13,88.5,0,0
user_014,user_014_s13,1,25,63.85,77.86,0,1
user_014,user_014_s13,1,26,224.95,71.53,0,1
user_014,user_014_s13,1,27,783.71,184.58,0,0
user_014,user_014_s13,1,28,158.1,48.6,0,0
user_014,user_014_s13,1,29,1565.2,158.4,0,0
user_014,user_014_s13,1,30,167.04,67.24,0,1
user_014,user_014_s13,1,31,238.62,75.51,1,0
user_014,user_014_s13,1,32,451.49,74.88,0,0
user_014,user_014_s13,1,33,275.2,72.1,0,0
user_014,user_014_s13,1,34,338.79,150.58,0,0
user_014,user_014_s13,1,35,258.32,137.67,1,0
user_014,user_014_s13,1,36,216.46,105.98,0,0
user_014,user_014_s13,1,37,259.78,219.45,0,0
user_014,user_014_s13,1,38,255.08,114.32,0,0
user_014,user_014_s13,1,39,292.27,117.27,0,0
user_015,user_015_s00,0,0,223.48,162.32,1,0
user_015,user_015_s00,0,1,251.29,67.49,0,0
user_015,user_015_s00,0,2,249.58,127.12,0,0
user_015,user_015_s00,0,3,158.27,148.24,0,0
user_015,user_015_s00,0,4,182.95,119.05,0,0
user_015,user_015_s00,0,5,1107.07,137.06,0,0
user_015,user_015_s00,0,6,252.04,148.3,0,0
user_015,user_015_s00,0,7,316.69,123.17,0,0
user_015,user_015_s00,0,8,278.69,116.67,0,0
user_015,user_015_s00,0,9,234.55,144.11,0,0
user_015,user_015_s00,0,10,228.46,136.51,0,0
user_015,user_015_s00,0,11,217.41,126.87,0,0
user_015,user_015_s00,0,12,278.42,138.51,0,0
user_015,user_015_s00,0,13,241.95,144.55,0,0
user_015,user_015_s00,0,14,235.33,127.03,0,0
user_015,user_015_s00,0,15,184.96,133.23,1,0
user_015,user_015_s00,0,16,258.6,136.98,0,0
user_015,user_015_s00,0,17,226.15,119.96,0,0
user_015,user_015_s00,0,18,249.78,148.48,0,0
user_015,user_015_s00,0,19,275.8,110.13,0,0
user_015,user_015_s00,0,20,161.99,125.68,0,0
user_015,user_015_s00,0,21,219.86,141.21,0,0
user_015,user_015_s00,0,22,213.59,109.69,0,0
user_015,user_015_s00,0,23,209.78,143.01,0,0
user_015,user_015_s00,0,24,184.37,131.24,0,0
user_015,user_015_s00,0,25,201.2,150.85,0,0
user_015,user_015_s00,0,26,185.17,138.54,0,0
user_015,user_015_s00,0,27,796.42,125.13,0,0
user_015,user_015_s00,0,28,248.94,131.95,0,0
user_015,user_015_s00,0,29,245.94,132.57,0,0
user_015,user_015_s00,0,30,149.37,162.92,0,0
user_015,user_015_s00,0,31,316.84,129.41,0,0
user_015,user_015_s00,0,32,214.98,125.56,0,0
user_015,user_015_s00,0,33,308.02,124.57,0,0
user_015,user_015_s00,0,34,265.0,131.21,0,0
user_015,user_015_s00,0,35,222.62,108.34,0,0
user_015,user_015_s00,0,36,320.92,121.33,0,0
user_015,user_015_s00,0,37,257.15,110.45,0,0
user_015,user_015_s00,0,38,222.76,112.71,0,0
user_015,user_015_s00,0,39,215.73,141.84,0,0
user_015,user_015_s01,0,0,183.65,142.38,0,0
user_015,user_015_s01,0,1,228.59,122.87,0,0
user_015,user_015_s01,0,2,161.59,131.24,0,0
user_015,user_015_s01,0,3,1031.44,116.38,0,0
user_015,user_015_s01,0,4,177.59,104.92,0,0
user_015,user_015_s01,0,5,434.54,94.07,0,0
user_015,user_015_s01,0,6,244.33,125.58,0,0
user_015,user_015_s01,0,7,275.69,135.56,0,0
user_015,user_015_s01,0,8,207.4,111.18,0,0
user_015,user_015_s01,0,9,235.43,140.53,1,0
user_015,user_015_s01,0,10,257.3,113.35,0,0
user_015,user_015_s01,0,11,1565.38,121.45,0,0
user_015,user_015_s01,0,12,189.12,116.18,0,0
user_015,user_015_s01,0,13,260.21,141.37,0,0
user_015,user_015_s01,0,14,786.25,128.52,0,0
user_015,user_015_s01,0,15,185.88,118.99,0,0
user_015,user_015_s01,0,16,190.92,121.33,0,0
user_015,user_015_s01,0,17,165.36,99.45,0,0
user_015,user_015_s01,0,18,610.2,81.4,0,0
user_015,user_015_s01,0,19,144.9,110.82,0,0
user_015,user_015_s01,0,20,220.16,116.65,0,0
user_015,user_015_s01,0,21,247.21,129.18,0,0
user_015,user_015_s01,0,22,327.03,117.18,0,1
user_015,user_015_s01,0,23,216.4,111.89,0,0
user_015,user_015_s01,0,24,162.88,69.06,0,0
user_015,user_015_s01,0,25,216.96,129.11,0,0
user_015,user_015_s01,0,26,1016.7,123.65,0,0
user_015,user_015_s01,0,27,262.7,134.07,0,0
user_015,user_015_s01,0,28,258.5,120.47,0,0
user_015,user_015_s01,0,29,242.93,139.82,0,0
user_015,user_015_s01,0,30,222.3,110.49,0,0
user_015,user_015_s01,0,31,250.02,119.3,0,0
user_015,user_015_s01,0,32,166.99,124.16,0,0
user_015,user_015_s01,0,33,131.41,131.41,0,0
user_015,user_015_s01,0,34,308.63,127.2,0,0
user_015,user_015_s01,0,35,216.15,128.26,0,0
user_015,user_015_s01,0,36,241.25,124.65,0,0
user_015,user_015_s01,0,37,97.12,116.67,0,0
user_015,user_015_s01,0,38,284.94,135.58,0,0
user_015,user_015_s01,0,39,268.13,91.06,0,0
user_015,user_015_s02,0,0,190.88,123.83,0,0
user_015,user_015_s02,0,1,196.36,134.15,0,0
user_015,user_015_s02,0,2,213.6,122.99,0,0
user_015,user_015_s02,0,3,265.59,154.38,0,0
user_015,user_015_s02,0,4,222.62,110.59,0,0
user_015,user_015_s02,0,5,217.32,85.31,0,0
user_015,user_015_s02,0,6,210.69,124.47,0,0
user_015,user_015_s02,0,7,202.3,110.25,0,0
user_015,user_015_s02,0,8,167.28,100.9,0,0
user_015,user_015_s02,0,9,251.93,114.52,0,0
user_015,user_015_s02,0,10,173.61,106.12,0,0
user_015,user_015_s02,0,11,220.49,107.83,0,0
user_015,user_015_s02,0,12,199.9,145.98,0,0
user_015,user_015_s02,0,13,250.68,121.81,0,0
user_015,user_015_s02,0,14,202.79,115.08,0,0
user_015,user_015_s02,0,15,174.09,147.28,0,0
user_015,user_015_s02,0,16,260.32,114.56,0,0
user_015,user_015_s02,0,17,181.88,98.4,0,0
user_015,user_015_s02,0,18,224.25,96.74,0,0
user_015,user_015_s02,0,19,272.61,118.28,0,0
user_015,user_015_s02,0,20,186.02,91.28,0,0
user_015,user_015_s02,0,21,213.1,99.4,0,0
user_015,user_015_s02,0,22,198.94,113.07,0,0
user_015,user_015_s02,0,23,223.25,139.23,0,1
user_015,user_015_s02,0,24,214.61,141.99,0,0
user_015,user_015_s02,0,25,257.34,131.06,0,0
user_015,user_015_s02,0,26,190.75,119.6,0,0
user_015,user_015_s02,0,27,272.62,109.8,0,0
user_015,user_015_s02,0,28,286.9,126.37,0,0
user_015,user_015_s02,0,29,228.65,150.46,0,0
user_015,user_015_s02,0,30,183.43,122.11,0,0
user_015,user_015_s02,0,31,215.79,111.68,0,0
user_015,user_015_s02,0,32,212.17,116.94,0,0
user_015,user_015_s02,0,33,294.15,115.05,0,0
user_015,user_015_s02,0,34,213.11,129.15,0,0
user_015,user_015_s02,0,35,277.32,106.46,0,0
user_015,user_015_s02,0,36,222.38,126.68,0,0
user_015,user_015_s02,0,37,219.55,129.48,0,0
user_015,user_015_s02,0,38,202.25,125.61,0,0
user_015,user_015_s02,0,39,206.29,100.89,0,0
user_015,user_015_s03,0,0,176.5,114.12,0,0
user_015,user_015_s03,0,1,204.94,102.08,0,0
user_015,user_015_s03,0,2,227.73,93.29,0,0
user_015,user_015_s03,0,3,179.01,97.07,0,0
user_015,user_015_s03,0,4,197.32,123.74,0,0
user_015,user_015_s03,0,5,220.64,120.91,0,0
user_015,user_015_s03,0,6,181.15,108.99,0,0
user_015,user_015_s03,0,7,212.04,105.24,0,0
user_015,user_015_s03,0,8,137.89,142.66,0,0
user_015,user_015_s03,0,9,115.1,110.68,0,0
user_015,user_015_s03,0,10,163.6,105.79,0,0
user_015,user_015_s03,0,11,220.15,99.18,0,0
user_015,user_015_s03,0,12,155.95,108.84,0,0
user_015,user_015_s03,0,13,214.79,50.03,0,0
user_015,user_015_s03,0,14,142.29,120.43,0,0
user_015,user_015_s03,0,15,161.5,80.69,0,0
user_015,user_015_s03,0,16,1390.57,90.26,0,0
user_015,user_015_s03,0,17,157.83,78.47,0,0
user_015,user_015_s03,0,18,165.15,89.94,0,0
user_015,user_015_s03,0,19,73.96,96.79,0,0
user_015,user_015_s03,0,20,222.93,118.04,0,0
user_015,user_015_s03,0,21,181.55,124.95,0,0
user_015,user_015_s03,0,22,145.82,136.22,0,0
user_015,user_015_s03,0,23,265.86,104.44,0,0
user_015,user_015_s03,0,24,152.57,98.88,0,0
user_015,user_015_s03,0,25,164.39,116.14,0,0
user_015,user_015_s03,0,26,145.11,87.91,0,0
user_015,user_015_s03,0,27,234.36,85.97,0,0
user_015,user_015_s03,0,28,248.62,96.32,0,0
user_015,user_015_s03,0,29,244.31,102.08,0,0
user_015,user_015_s03,0,30,243.89,66.95,0,0
user_015,user_015_s03,0,31,160.86,121.11,0,0
user_015,user_015_s03,0,32,258.93,106.82,0,0
user_015,user_015_s03,0,33,178.22,116.46,0,0
user_015,user_015_s03,0,34,120.01,75.52,0,0
user_015,user_015_s03,0,35,716.73,91.17,0,0
user_015,user_015_s03,0,36,200.75,90.3,0,0
user_015,user_015_s03,0,37,158.81,99.16,0,0
user_015,user_015_s03,0,38,193.02,102.09,0,0
user_015,user_015_s03,0,39,209.86,117.7,0,0
user_015,user_015_s04,0,0,215.91,73.26,0,0
user_015,user_015_s04,0,1,155.01,124.79,0,0
user_015,user_015_s04,0,2,202.84,113.36,0,0
user_015,user_015_s04,0,3,192.19,117.72,0,0
user_015,user_015_s04,0,4,225.23,96.02,0,0
user_015,user_015_s04,0,5,147.59,106.98,0,0
user_015,user_015_s04,0,6,218.82,114.69,0,0
user_015,user_015_s04,0,7,153.09,108.13,0,0
user_015,user_015_s04,0,8,157.63,78.61,0,0
user_015,user_015_s04,0,9,193.14,139.21,0,0
user_015,user_015_s04,0,10,250.91,120.85,0,0
user_015,user_015_s04,0,11,162.94,110.21,0,0
user_015,user_015_s04,0,12,1485.94,111.33,0,1
user_015,user_015_s04,0,13,158.46,138.72,0,0
user_015,user_015_s04,0,14,182.66,96.78,0,0
user_015,user_015_s04,0,15,280.06,92.88,0,0
user_015,user_015_s04,0,16,216.08,124.31,0,0
user_015,user_015_s04,0,17,166.75,117.61,0,0
user_015,user_015_s04,0,18,193.2,92.16,0,0
user_015,user_015_s04,0,19,267.18,128.43,0,0
user_015,user_015_s04,0,20,188.91,114.71,0,0
user_015,user_015_s04,0,21,189.43,94.1,0,0
user_015,user_015_s04,0,22,181.78,118.09,0,0
user_015,user_015_s04,0,23,229.38,115.5,0,0
user_015,user_015_s04,0,24,176.6,108.09,0,0
user_015,user_015_s04,0,25,236.99,116.26,0,0
user_015,user_015_s04,0,26,245.22,120.44,0,0
user_015,user_015_s04,0,27,225.81,125.42,0,0
user_015,user_015_s04,0,28,189.61,111.47,0,0
user_015,user_015_s04,0,29,138.87,104.94,0,0
user_015,user_015_s04,0,30,189.62,113.75,0,0
user_015,user_015_s04,0,31,1152.13,130.2,0,0
user_015,user_015_s04,0,32,165.64,120.5,0,0
user_015,user_015_s04,0,33,188.96,103.97,0,0
user_015,user_015_s04,0,34,220.01,110.58,0,0
user_015,user_015_s04,0,35,172.39,138.4,0,0
user_015,user_015_s04,0,36,139.9,122.57,0,0
user_015,user_015_s04,0,37,157.87,112.24,0,0
user_015,user_015_s04,0,38,272.34,129.33,0,0
user_015,user_015_s04,0,39,223.01,100.23,0,0
user_015,user_015_s05,0,0,141.0,79.41,0,0
user_015,user_015_s05,0,1,171.0,118.52,0,0
user_015,user_015_s05,0,2,250.71,148.08,0,0
user_015,user_015_s05,0,3,192.26,124.63,0,0
user_015,user_015_s05,0,4,325.07,116.99,0,0
user_015,user_015_s05,0,5,253.82,110.28,0,0
user_015,user_015_s05,0,6,231.73,126.69,0,0
user_015,user_015_s05,0,7,277.47,120.32,0,0
user_015,user_015_s05,0,8,245.6,128.94,0,0
user_015,user_015_s05,0,9,220.17,97.77,0,0
user_015,user_015_s05,0,10,151.11,118.81,0,1
user_015,user_015_s05,0,11,240.96,108.74,0,0
user_015,user_015_s05,0,12,272.56,123.14,0,0
user_015,user_015_s05,0,13,186.59,83.09,0,0
user_015,user_015_s05,0,14,1366.18,109.93,0,0
user_015,user_015_s05,0,15,166.01,126.09,0,0
user_015,user_015_s05,0,16,288.22,128.88,0,0
user_015,user_015_s05,0,17,215.68,116.19,0,0
user_015,user_015_s05,0,18,275.29,79.38,0,0
user_015,user_015_s05,0,19,213.03,127.8,0,1
user_015,user_015_s05,0,20,190.76,144.1,0,0
user_015,user_015_s05,0,21,304.45,102.22,0,0
user_015,user_015_s05,0,22,196.15,109.36,0,0
user_015,user_015_s05,0,23,201.45,130.66,0,0
user_015,user_015_s05,0,24,232.11,131.12,0,0
user_015,user_015_s05,0,25,199.68,135.68,0,0
user_015,user_015_s05,0,26,245.84,134.25,0,0
user_015,user_015_s05,0,27,231.48,90.23,0,0
user_015,user_015_s05,0,28,233.19,108.43,0,0
user_015,user_015_s05,0,29,185.57,127.54,0,0
user_015,user_015_s05,0,30,140.38,115.23,0,0
user_015,user_015_s05,0,31,176.25,123.04,0,0
user_015,user_015_s05,0,32,180.06,114.46,0,0
user_015,user_015_s05,0,33,224.86,109.18,0,0
user_015,user_015_s05,0,34,176.99,112.54,0,0
user_015,user_015_s05,0,35,148.9,97.33,0,0
user_015,user_015_s05,0,36,162.67,104.21,0,0
user_015,user_015_s05,0,37,228.96,115.56,0,0
user_015,user_015_s05,0,38,241.91,115.87,0,0
user_015,user_015_s05,0,39,190.32,126.53,0,0
user_015,user_015_s06,0,0,180.62,111.67,1,0
user_015,user_015_s06,0,1,192.06,133.82,0,0
user_015,user_015_s06,0,2,249.38,102.81,0,0
user_015,user_015_s06,0,3,229.88,113.02,0,0
user_015,user_015_s06,0,4,199.76,115.85,0,0
user_015,user_015_s06,0,5,282.03,61.42,0,0
user_015,user_015_s06,0,6,198.4,103.82,1,0
user_015,user_015_s06,0,7,260.99,111.44,0,0
user_015,user_015_s06,0,8,252.68,69.22,0,0
user_015,user_015_s06,0,9,249.62,121.6,0,0
user_015,user_015_s06,0,10,213.78,111.43,0,0
user_015,user_015_s06,0,11,204.95,111.33,0,0
user_015,user_015_s06,0,12,200.13,122.41,0,0
user_015,user_015_s06,0,13,236.64,102.85,0,0
user_015,user_015_s06,0,14,165.8,110.7,0,0
user_015,user_015_s06,0,15,188.54,124.9,0,0
user_015,user_015_s06,0,16,271.93,110.91,0,0
user_015,user_015_s06,0,17,226.84,78.08,0,0
user_015,user_015_s06,0,18,241.13,110.84,0,0
user_015,user_015_s06,0,19,147.14,111.05,0,0
user_015,user_015_s06,0,20,181.24,125.51,0,0
user_015,user_015_s06,0,21,214.33,104.02,0,0
user_015,user_015_s06,0,22,198.11,93.05,0,0
user_015,user_015_s06,0,23,146.96,93.1,0,0
user_015,user_015_s06,0,24,232.73,134.88,0,0
user_015,user_015_s06,0,25,246.46,114.95,0,0
user_015,user_015_s06,0,26,187.58,134.0,0,0
user_015,user_015_s06,0,27,234.29,136.5,0,0
user_015,user_015_s06,0,28,287.58,97.1,0,0
user_015,user_015_s06,0,29,265.81,95.78,0,0
user_015,user_015_s06,0,30,189.51,107.74,0,0
user_015,user_015_s06,0,31,152.22,120.57,0,0
user_015,user_015_s06,0,32,209.85,85.72,0,0
user_015,user_015_s06,0,33,301.32,117.81,0,0
user_015,user_015_s06,0,34,257.72,116.94,0,0
user_015,user_015_s06,0,35,199.64,90.5,0,0
user_015,user_015_s06,0,36,267.41,91.1,0,0
user_015,user_015_s06,0,37,250.41,117.63,0,0
user_015,user_015_s06,0,38,117.83,145.78,0,0
user_015,user_015_s06,0,39,245.78,104.85,0,0
user_015,user_015_s07,1,0,299.52,153.41,0,0
user_015,user_015_s07,1,1,266.41,138.09,0,0
user_015,user_015_s07,1,2,267.05,176.6,0,0
user_015,user_015_s07,1,3,856.32,120.12,0,0
user_015,user_015_s07,1,4,689.7,207.13,0,0
user_015,user_015_s07,1,5,247.28,149.85,0,0
user_015,user_015_s07,1,6,271.91,134.16,0,0
user_015,user_015_s07,1,7,219.66,130.2,1,0
user_015,user_015_s07,1,8,181.49,138.16,1,0
user_015,user_015_s07,1,9,188.53,117.13,0,0
user_015,user_015_s07,1,10,226.81,160.94,0,0
user_015,user_015_s07,1,11,328.94,137.99,0,0
user_015,user_015_s07,1,12,1613.37,204.13,0,0
user_015,user_015_s07,1,13,363.53,123.74,0,0
user_015,user_015_s07,1,14,119.65,134.31,1,0
user_015,user_015_s07,1,15,781.36,123.7,0,0
user_015,user_015_s07,1,16,307.21,201.61,0,0
user_015,user_015_s07,1,17,361.61,89.49,0,0
user_015,user_015_s07,1,18,169.87,141.56,0,0
user_015,user_015_s07,1,19,267.12,148.98,0,0
user_015,user_015_s07,1,20,155.92,100.24,0,0
user_015,user_015_s07,1,21,275.0,227.79,0,0
user_015,user_015_s07,1,22,197.21,106.92,0,0
user_015,user_015_s07,1,23,267.09,139.53,0,0
user_015,user_015_s07,1,24,149.16,195.35,0,0
user_015,user_015_s07,1,25,113.47,125.71,0,0
user_015,user_015_s07,1,26,513.6,143.25,0,0
user_015,user_015_s07,1,27,257.48,126.73,0,0
user_015,user_015_s07,1,28,432.12,136.59,0,0
user_015,user_015_s07,1,29,379.22,174.97,0,0
user_015,user_015_s07,1,30,113.32,124.13,0,0
user_015,user_015_s07,1,31,282.21,48.61,0,0
user_015,user_015_s07,1,32,142.17,137.28,0,0
user_015,user_015_s07,1,33,770.56,140.52,0,1
user_015,user_015_s07,1,34,92.24,145.0,0,0
user_015,user_015_s07,1,35,118.51,132.19,0,0
user_015,user_015_s07,1,36,1486.9,109.22,1,0
user_015,user_015_s07,1,37,1410.53,130.1,1,0
user_015,user_015_s07,1,38,254.9,198.09,0,0
user_015,user_015_s07,1,39,164.01,136.97,0,1
user_015,user_015_s08,1,0,300.06,151.66,0,0
user_015,user_015_s08,1,1,158.14,197.81,0,0
user_015,user_015_s08,1,2,148.95,99.21,0,0
user_015,user_015_s08,1,3,206.99,121.9,0,0
user_015,user_015_s08,1,4,282.8,125.08,0,0
user_015,user_015_s08,1,5,347.93,185.03,0,0
user_015,user_015_s08,1,6,1227.43,123.68,0,0
user_015,user_015_s08,1,7,481.92,107.93,0,0
user_015,user_015_s08,1,8,186.8,133.75,0,0
user_015,user_015_s08,1,9,320.03,141.66,0,0
user_015,user_015_s08,1,10,146.15,182.72,0,1
user_015,user_015_s08,1,11,401.88,123.45,0,1
user_015,user_015_s08,1,12,378.23,111.88,0,0
user_015,user_015_s08,1,13,317.31,103.52,0,0
user_015,user_015_s08,1,14,87.18,124.78,0,0
user_015,user_015_s08,1,15,316.44,234.14,0,0
user_015,user_015_s08,1,16,984.07,152.11,0,0
user_015,user_015_s08,1,17,293.07,160.23,0,0
user_015,user_015_s08,1,18,113.66,137.72,0,0
user_015,user_015_s08,1,19,275.8,142.9,0,0
user_015,user_015_s08,1,20,217.18,167.31,0,0
user_015,user_015_s08,1,21,177.26,158.89,0,0
user_015,user_015_s08,1,22,306.14,150.86,0,0
user_015,user_015_s08,1,23,245.6,138.34,0,0
user_015,user_015_s08,1,24,231.15,124.48,1,0
user_015,user_015_s08,1,25,319.73,153.69,1,0
user_015,user_015_s08,1,26,429.42,140.87,0,0
user_015,user_015_s08,1,27,276.34,217.94,0,0
user_015,user_015_s08,1,28,80.63,177.24,0,0
user_015,user_015_s08,1,29,103.92,112.37,0,0
user_015,user_015_s08,1,30,256.9,93.75,0,0
user_015,user_015_s08,1,31,346.93,122.76,0,0
user_015,user_015_s08,1,32,263.09,97.0,0,0
user_015,user_015_s08,1,33,1230.88,120.5,0,0
user_015,user_015_s08,1,34,244.89,101.27,0,0
user_015,user_015_s08,1,35,340.87,125.43,0,0
user_015,user_015_s08,1,36,308.39,125.88,0,0
user_015,user_015_s08,1,37,154.57,143.27,0,0
user_015,user_015_s08,1,38,292.52,129.95,1,0
user_015,user_015_s08,1,39,105.39,103.8,0,1
user_015,user_015_s09,0,0,258.95,91.82,0,0
user_015,user_015_s09,0,1,185.24,112.83,0,0
user_015,user_015_s09,0,2,225.4,121.05,0,0
user_015,user_015_s09,0,3,196.27,131.34,0,0
user_015,user_015_s09,0,4,236.49,112.48,0,0
user_015,user_015_s09,0,5,292.08,132.78,0,0
user_015,user_015_s09,0,6,192.48,105.28,0,0
user_015,user_015_s09,0,7,203.78,121.86,0,0
user_015,user_015_s09,0,8,185.81,119.62,0,0
user_015,user_015_s09,0,9,179.16,110.89,0,0
user_015,user_015_s09,0,10,174.26,118.05,0,0
user_015,user_015_s09,0,11,203.67,97.35,0,0
user_015,user_015_s09,0,12,170.9,107.3,0,0
user_015,user_015_s09,0,13,172.21,90.22,0,0
user_015,user_015_s09,0,14,67.7,104.83,0,1
user_015,user_015_s09,0,15,264.32,132.13,0,0
user_015,user_015_s09,0,16,275.5,119.73,0,0
user_015,user_015_s09,0,17,232.51,117.78,1,0
user_015,user_015_s09,0,18,166.72,84.83,0,1
user_015,user_015_s09,0,19,149.88,117.99,0,0
user_015,user_015_s09,0,20,136.87,111.38,0,0
user_015,user_015_s09,0,21,232.09,121.75,0,0
user_015,user_015_s09,0,22,259.15,136.37,0,0
user_015,user_015_s09,0,23,211.65,105.39,0,0
user_015,user_015_s09,0,24,241.54,107.01,0,0
user_015,user_015_s09,0,25,223.7,128.33,0,0
user_015,user_015_s09,0,26,171.17,102.03,0,0
user_015,user_015_s09,0,27,248.09,113.97,0,1
user_015,user_015_s09,0,28,245.33,77.95,0,0
user_015,user_015_s09,0,29,161.68,107.14,0,0
user_015,user_015_s09,0,30,239.35,135.02,0,0
user_015,user_015_s09,0,31,198.1,118.26,0,0
user_015,user_015_s09,0,32,193.2,128.01,0,0
user_015,user_015_s09,0,33,221.35,128.99,0,0
user_015,user_015_s09,0,34,220.02,135.78,0,0
user_015,user_015_s09,0,35,242.88,106.46,0,0
user_015,user_015_s09,0,36,167.78,128.75,0,0
user_015,user_015_s09,0,37,228.91,151.31,0,0
user_015,user_015_s09,0,38,154.35,112.01,0,0
user_015,user_015_s09,0,39,196.75,89.65,0,0
user_015,user_015_s10,1,0,251.37,144.75,0,0
user_015,user_015_s10,1,1,331.65,168.5,1,0
user_015,user_015_s10,1,2,326.71,140.16,0,0
user_015,user_015_s10,1,3,186.65,139.56,0,0
user_015,user_015_s10,1,4,241.18,135.5,0,0
user_015,user_015_s10,1,5,244.29,214.87,0,0
user_015,user_015_s10,1,6,261.62,139.38,0,0
user_015,user_015_s10,1,7,307.46,196.0,0,0
user_015,user_015_s10,1,8,299.66,141.09,1,0
user_015,user_015_s10,1,9,221.11,137.09,0,0
user_015,user_015_s10,1,10,400.85,169.74,0,0
user_015,user_015_s10,1,11,284.35,110.83,0,0
user_015,user_015_s10,1,12,411.62,179.35,0,0
user_015,user_015_s10,1,13,409.57,151.4,0,0
user_015,user_015_s10,1,14,845.39,136.93,0,0
user_015,user_015_s10,1,15,241.13,129.44,0,0
user_015,user_015_s10,1,16,247.51,224.95,0,0
user_015,user_015_s10,1,17,311.25,154.95,0,0
user_015,user_015_s10,1,18,1366.09,153.48,1,0
user_015,user_015_s10,1,19,296.73,186.62,0,0
user_015,user_015_s10,1,20,235.85,126.78,0,0
user_015,user_015_s10,1,21,428.02,195.74,0,0
user_015,user_015_s10,1,22,245.66,154.9,1,0
user_015,user_015_s10,1,23,348.64,107.86,0,0
user_015,user_015_s10,1,24,280.67,137.64,0,0
user_015,user_015_s10,1,25,278.23,117.93,0,0
user_015,user_015_s10,1,26,342.7,158.98,0,0
user_015,user_015_s10,1,27,418.54,128.46,0,1
user_015,user_015_s10,1,28,310.52,124.61,0,0
user_015,user_015_s10,1,29,1387.79,166.35,0,0
user_015,user_015_s10,1,30,413.05,157.69,0,0
user_015,user_015_s10,1,31,998.04,198.35,0,0
user_015,user_015_s10,1,32,756.26,196.81,0,0
user_015,user_015_s10,1,33,373.58,158.29,0,1
user_015,user_015_s10,1,34,312.03,173.59,0,0
user_015,user_015_s10,1,35,498.29,107.03,0,0
user_015,user_015_s10,1,36,284.08,180.44,0,0
user_015,user_015_s10,1,37,384.22,170.49,1,0
user_015,user_015_s10,1,38,322.48,189.45,0,0
user_015,user_015_s10,1,39,322.19,145.46,0,0
user_015,user_015_s11,0,0,193.69,103.71,0,0
user_015,user_015_s11,0,1,186.96,122.89,0,0
user_015,user_015_s11,0,2,244.64,112.67,0,0
user_015,user_015_s11,0,3,206.92,103.92,0,0
user_015,user_015_s11,0,4,190.19,98.05,0,0
user_015,user_015_s11,0,5,163.35,104.02,0,0
user_015,user_015_s11,0,6,141.78,105.04,0,0
user_015,user_015_s11,0,7,164.72,119.78,0,0
user_015,user_015_s11,0,8,218.1,96.9,0,0
user_015,user_015_s11,0,9,196.87,101.78,0,0
user_015,user_015_s11,0,10,217.2,90.2,0,0
user_015,user_015_s11,0,11,181.44,99.22,0,0
user_015,user_015_s11,0,12,137.96,92.83,0,0
user_015,user_015_s11,0,13,226.98,76.7,0,0
user_015,user_015_s11,0,14,223.07,112.35,0,0
user_015,user_015_s11,0,15,184.85,122.98,0,0
user_015,user_015_s11,0,16,200.85,96.61,0,0
user_015,user_015_s11,0,17,198.48,103.0,0,0
user_015,user_015_s11,0,18,156.59,112.15,0,0
user_015,user_015_s11,0,19,165.59,94.78,0,0
user_015,user_015_s11,0,20,137.53,100.53,0,0
user_015,user_015_s11,0,21,165.43,93.51,0,0
user_015,user_015_s11,0,22,221.37,87.76,0,0
user_015,user_015_s11,0,23,213.17,106.27,0,0
user_015,user_015_s11,0,24,200.96,106.12,0,0
user_015,user_015_s11,0,25,218.28,113.2,0,0
user_015,user_015_s11,0,26,161.05,97.2,0,0
user_015,user_015_s11,0,27,126.13,76.52,0,0
user_015,user_015_s11,0,28,170.05,116.4,0,0
user_015,user_015_s11,0,29,173.48,84.56,0,0
user_015,user_015_s11,0,30,940.58,84.26,0,0
user_015,user_015_s11,0,31,198.93,88.06,0,0
user_015,user_015_s11,0,32,220.5,67.12,0,0
user_015,user_015_s11,0,33,89.77,93.5,0,0
user_015,user_015_s11,0,34,142.35,107.96,0,0
user_015,user_015_s11,0,35,172.88,89.76,0,0
user_015,user_015_s11,0,36,197.54,120.39,0,0
user_015,user_015_s11,0,37,267.33,119.32,0,0
user_015,user_015_s11,0,38,134.6,112.63,0,0
user_015,user_015_s11,0,39,146.16,63.81,0,0
user_015,user_015_s12,0,0,213.95,133.82,0,0
user_015,user_015_s12,0,1,259.91,90.47,0,0
user_015,user_015_s12,0,2,154.58,100.45,0,0
user_015,user_015_s12,0,3,144.44,107.01,0,0
user_015,user_015_s12,0,4,134.15,120.92,0,0
user_015,user_015_s12,0,5,224.84,109.4,0,0
user_015,user_015_s12,0,6,166.51,106.63,0,0
user_015,user_015_s12,0,7,218.52,82.04,0,0
user_015,user_015_s12,0,8,188.52,89.24,0,0
user_015,user_015_s12,0,9,275.68,112.15,0,0
user_015,user_015_s12,0,10,231.9,99.94,0,0
user_015,user_015_s12,0,11,163.13,102.91,0,0
user_015,user_015_s12,0,12,184.81,107.75,0,0
user_015,user_015_s12,0,13,231.9,149.3,0,0
user_015,user_015_s12,0,14,151.68,100.22,0,0
user_015,user_015_s12,0,15,248.94,132.79,0,0
user_015,user_015_s12,0,16,187.05,131.53,0,0
user_015,user_015_s12,0,17,232.81,122.72,0,0
user_015,user_015_s12,0,18,189.39,94.18,0,0
user_015,user_015_s12,0,19,175.23,111.19,0,0
user_015,user_015_s12,0,20,168.15,102.07,0,0
user_015,user_015_s12,0,21,272.71,143.64,0,0
user_015,user_015_s12,0,22,185.11,115.92,0,0
user_015,user_015_s12,0,23,330.97,105.14,0,1
user_015,user_015_s12,0,24,204.42,139.67,0,0
user_015,user_015_s12,0,25,161.1,102.73,0,0
user_015,user_015_s12,0,26,129.36,118.36,0,0
user_015,user_015_s12,0,27,251.13,120.96,0,0
user_015,user_015_s12,0,28,189.49,114.83,0,0
user_015,user_015_s12,0,29,233.41,106.98,0,0
user_015,user_015_s12,0,30,298.2,123.3,0,1
user_015,user_015_s12,0,31,226.76,97.94,0,0
user_015,user_015_s12,0,32,212.43,128.07,0,0
user_015,user_015_s12,0,33,250.85,103.96,0,0
user_015,user_015_s12,0,34,232.61,131.95,0,0
user_015,user_015_s12,0,35,143.3,126.91,0,0
user_015,user_015_s12,0,36,255.44,118.32,1,0
user_015,user_015_s12,0,37,195.87,107.26,0,0
user_015,user_015_s12,0,38,264.46,127.88,0,0
user_015,user_015_s12,0,39,219.77,118.69,0,0
user_015,user_015_s13,1,0,318.05,210.63,0,0
user_015,user_015_s13,1,1,413.51,173.77,0,0
user_015,user_015_s13,1,2,256.87,163.38,0,0
user_015,user_015_s13,1,3,337.72,181.59,0,0
user_015,user_015_s13,1,4,365.54,164.01,0,0
user_015,user_015_s13,1,5,1344.5,126.72,0,0
user_015,user_015_s13,1,6,419.31,132.99,0,0
user_015,user_015_s13,1,7,442.9,180.8,1,0
user_015,user_015_s13,1,8,374.54,125.63,0,0
user_015,user_015_s13,1,9,374.69,153.36,0,0
user_015,user_015_s13,1,10,177.5,160.81,0,0
user_015,user_015_s13,1,11,205.97,135.14,0,0
user_015,user_015_s13,1,12,292.28,117.43,0,0
user_015,user_015_s13,1,13,1559.24,131.19,0,0
user_015,user_015_s13,1,14,341.86,113.46,0,0
user_015,user_015_s13,1,15,99.41,181.07,1,0
user_015,user_015_s13,1,16,341.41,175.09,0,0
user_015,user_015_s13,1,17,285.91,142.78,0,0
user_015,user_015_s13,1,18,260.35,125.82,0,0
user_015,user_015_s13,1,19,431.26,196.56,0,0
user_015,user_015_s13,1,20,276.67,176.29,0,0
user_015,user_015_s13,1,21,185.31,146.65,0,0
user_015,user_015_s13,1,22,330.07,197.14,0,0
user_015,user_015_s13,1,23,324.85,167.84,0,0
user_015,user_015_s13,1,24,286.03,172.87,1,0
user_015,user_015_s13,1,25,462.31,134.9,0,0
user_015,user_015_s13,1,26,312.84,121.66,0,0
user_015,user_015_s13,1,27,1454.96,120.16,0,0
user_015,user_015_s13,1,28,1717.88,222.16,0,0
user_015,user_015_s13,1,29,386.87,140.89,0,0
user_015,user_015_s13,1,30,275.08,165.81,0,1
user_015,user_015_s13,1,31,223.94,176.83,0,0
user_015,user_015_s13,1,32,351.63,163.41,0,1
user_015,user_015_s13,1,33,319.06,159.69,0,0
user_015,user_015_s13,1,34,353.68,159.07,0,0
user_015,user_015_s13,1,35,255.12,177.4,0,0
user_015,user_015_s13,1,36,331.69,134.96,0,0
user_015,user_015_s13,1,37,186.88,151.69,0,0
user_015,user_015_s13,1,38,264.68,99.67,0,0
user_015,user_015_s13,1,39,248.98,111.97,0,0
user_016,user_016_s00,0,0,180.05,121.35,0,0
user_016,user_016_s00,0,1,218.32,110.55,1,0
user_016,user_016_s00,0,2,210.39,106.91,0,0
user_016,user_016_s00,0,3,160.54,112.79,0,0
user_016,user_016_s00,0,4,161.1,64.09,0,0
user_016,user_016_s00,0,5,208.54,91.46,0,0
user_016,user_016_s00,0,6,200.74,113.64,0,0
user_016,user_016_s00,0,7,209.33,94.64,0,0
user_016,user_016_s00,0,8,171.76,105.9,0,0
user_016,user_016_s00,0,9,177.62,116.49,0,0
user_016,user_016_s00,0,10,162.67,105.31,0,0
user_016,user_016_s00,0,11,170.26,90.88,0,0
user_016,user_016_s00,0,12,146.53,103.39,0,0
user_016,user_016_s00,0,13,169.46,69.66,0,0
user_016,user_016_s00,0,14,846.83,102.11,0,0
user_016,user_016_s00,0,15,155.05,106.0,0,0
user_016,user_016_s00,0,16,201.96,97.01,0,0
user_016,user_016_s00,0,17,119.33,112.18,0,0
user_016,user_016_s00,0,18,184.93,98.93,0,0
user_016,user_016_s00,0,19,137.67,96.95,0,0
user_016,user_016_s00,0,20,140.44,122.26,0,0
user_016,user_016_s00,0,21,143.66,80.37,0,0
user_016,user_016_s00,0,22,189.94,115.65,0,0
user_016,user_016_s00,0,23,87.53,114.46,0,0
user_016,user_016_s00,0,24,178.6,107.44,0,0
user_016,user_016_s00,0,25,173.97,88.67,0,0
user_016,user_016_s00,0,26,1083.78,99.89,0,0
user_016,user_016_s00,0,27,1447.59,82.67,0,0
user_016,user_016_s00,0,28,126.73,86.31,0,0
user_016,user_016_s00,0,29,170.62,96.72,0,0
user_016,user_016_s00,0,30,125.31,81.48,0,0
user_016,user_016_s00,0,31,249.22,91.24,0,0
user_016,user_016_s00,0,32,204.6,78.2,0,0
user_016,user_016_s00,0,33,181.52,104.55,0,0
user_016,user_016_s00,0,34,136.41,119.29,0,0
user_016,user_016_s00,0,35,161.92,127.73,0,0
user_016,user_016_s00,0,36,163.47,79.23,0,0
user_016,user_016_s00,0,37,181.34,81.87,0,0
user_016,user_016_s00,0,38,187.22,94.0,0,0
user_016,user_016_s00,0,39,180.71,107.09,0,0
user_016,user_016_s01,1,0,162.13,102.17,0,0
user_016,user_016_s01,1,1,230.81,113.19,1,0
user_016,user_016_s01,1,2,352.79,62.67,0,0
user_016,user_016_s01,1,3,321.22,133.18,0,0
user_016,user_016_s01,1,4,219.95,57.53,0,1
user_016,user_016_s01,1,5,222.28,98.86,0,0
user_016,user_016_s01,1,6,1439.41,115.72,0,0
user_016,user_016_s01,1,7,234.87,129.8,0,1
user_016,user_016_s01,1,8,261.45,124.25,0,0
user_016,user_016_s01,1,9,236.78,116.51,0,0
user_016,user_016_s01,1,10,224.59,156.95,0,0
user_016,user_016_s01,1,11,174.54,171.9,0,0
user_016,user_016_s01,1,12,241.72,118.03,0,0
user_016,user_016_s01,1,13,65.68,115.16,0,0
user_016,user_016_s01,1,14,1429.96,113.55,0,0
user_016,user_016_s01,1,15,78.76,101.45,0,0
user_016,user_016_s01,1,16,235.23,127.93,0,0
user_016,user_016_s01,1,17,151.76,151.96,0,0
user_016,user_016_s01,1,18,303.14,51.03,0,0
user_016,user_016_s01,1,19,223.41,113.29,1,0
user_016,user_016_s01,1,20,217.53,157.78,0,0
user_016,user_016_s01,1,21,244.64,128.39,0,0
user_016,user_016_s01,1,22,159.46,128.94,0,0
user_016,user_016_s01,1,23,292.68,74.89,0,0
user_016,user_016_s01,1,24,263.95,136.68,0,0
user_016,user_016_s01,1,25,180.49,144.92,0,0
user_016,user_016_s01,1,26,146.43,123.21,0,0
user_016,user_016_s01,1,27,189.2,100.25,0,1
user_016,user_016_s01,1,28,770.28,129.72,0,0
user_016,user_016_s01,1,29,141.49,89.99,0,0
user_016,user_016_s01,1,30,840.54,86.44,0,0
user_016,user_016_s01,1,31,174.58,139.36,1,0
user_016,user_016_s01,1,32,200.69,147.24,0,0
user_016,user_016_s01,1,33,201.23,97.92,1,0
user_016,user_016_s01,1,34,247.0,86.57,0,0
user_016,user_016_s01,1,35,216.35,94.29,0,0
user_016,user_016_s01,1,36,241.23,123.14,0,0
user_016,user_016_s01,1,37,230.95,86.6,0,0
user_016,user_016_s01,1,38,201.18,152.29,0,0
user_016,user_016_s01,1,39,260.12,105.37,0,0
user_016,user_016_s02,1,0,144.57,118.93,0,0
user_016,user_016_s02,1,1,218.26,140.32,0,0
user_016,user_016_s02,1,2,291.34,100.9,0,0
user_016,user_016_s02,1,3,259.7,164.26,0,0
user_016,user_016_s02,1,4,222.69,172.32,1,0
user_016,user_016_s02,1,5,111.14,165.89,0,0
user_016,user_016_s02,1,6,943.82,139.34,0,0
user_016,user_016_s02,1,7,241.31,103.02,0,1
user_016,user_016_s02,1,8,280.6,140.36,0,0
user_016,user_016_s02,1,9,402.16,124.62,0,0
user_016,user_016_s02,1,10,919.62,167.22,0,1
user_016,user_016_s02,1,11,316.61,131.3,1,0
user_016,user_016_s02,1,12,768.11,130.74,0,0
user_016,user_016_s02,1,13,171.99,200.53,0,0
user_016,user_016_s02,1,14,240.8,163.94,0,0
user_016,user_016_s02,1,15,210.51,171.3,0,0
user_016,user_016_s02,1,16,1328.68,129.03,0,0
user_016,user_016_s02,1,17,226.5,113.37,1,0
user_016,user_016_s02,1,18,943.44,171.06,0,0
user_016,user_016_s02,1,19,343.7,182.38,0,0
user_016,user_016_s02,1,20,250.02,108.42,0,0
user_016,user_016_s02,1,21,237.42,128.89,0,0
user_016,user_016_s02,1,22,185.87,118.33,0,0
user_016,user_016_s02,1,23,227.75,155.48,0,0
user_016,user_016_s02,1,24,201.94,171.58,1,0
user_016,user_016_s02,1,25,179.93,132.86,0,1
user_016,user_016_s02,1,26,270.21,132.78,0,0
user_016,user_016_s02,1,27,228.19,90.58,0,0
user_016,user_016_s02,1,28,309.2,117.26,0,0
user_016,user_016_s02,1,29,235.41,182.78,0,0
user_016,user_016_s02,1,30,267.02,155.78,0,0
user_016,user_016_s02,1,31,265.13,167.32,0,0
user_016,user_016_s02,1,32,284.99,132.94,0,0
user_016,user_016_s02,1,33,203.41,135.39,1,0
user_016,user_016_s02,1,34,319.22,143.16,0,0
user_016,user_016_s02,1,35,180.86,151.29,0,0
user_016,user_016_s02,1,36,262.21,179.29,0,0
user_016,user_016_s02,1,37,179.2,124.76,0,0
user_016,user_016_s02,1,38,251.35,138.99,0,0
user_016,user_016_s02,1,39,813.23,121.55,0,0
user_016,user_016_s03,0,0,105.6,80.9,0,0
user_016,user_016_s03,0,1,178.11,91.59,0,0
user_016,user_016_s03,0,2,191.09,89.81,0,0
user_016,user_016_s03,0,3,187.53,75.9,0,0
user_016,user_016_s03,0,4,162.47,106.51,0,0
user_016,user_016_s03,0,5,148.36,100.24,0,0
user_016,user_016_s03,0,6,199.24,84.3,0,0
user_016,user_016_s03,0,7,183.35,96.14,0,0
user_016,user_016_s03,0,8,99.67,79.44,0,0
user_016,user_016_s03,0,9,162.47,85.63,0,0
user_016,user_016_s03,0,10,172.85,104.25,0,1
user_016,user_016_s03,0,11,1178.88,100.99,0,0
user_016,user_016_s03,0,12,161.63,86.22,0,0
user_016,user_016_s03,0,13,189.22,98.6,0,0
user_016,user_016_s03,0,14,139.72,92.81,0,0
user_016,user_016_s03,0,15,179.51,78.95,0,0
user_016,user_016_s03,0,16,133.63,91.41,0,0
user_016,user_016_s03,0,17,124.35,100.41,0,0
user_016,user_016_s03,0,18,193.87,98.52,0,0
user_016,user_016_s03,0,19,214.83,68.51,1,0
user_016,user_016_s03,0,20,126.34,96.42,0,0
user_016,user_016_s03,0,21,206.54,94.3,0,0
user_016,user_016_s03,0,22,170.28,65.42,0,0
user_016,user_016_s03,0,23,87.69,81.79,0,0
user_016,user_016_s03,0,24,116.91,101.3,0,0
user_016,user_016_s03,0,25,193.6,114.71,0,0
user_016,user_016_s03,0,26,109.82,69.29,0,0
user_016,user_016_s03,0,27,147.55,108.63,0,0
user_016,user_016_s03,0,28,831.75,65.69,0,0
user_016,user_016_s03,0,29,187.58,114.9,0,0
user_016,user_016_s03,0,30,177.7,90.34,0,0
user_016,user_016_s03,0,31,229.64,83.19,0,0
user_016,user_016_s03,0,32,140.15,99.25,0,0
user_016,user_016_s03,0,33,174.47,79.47,0,0
user_016,user_016_s03,0,34,1364.01,101.67,0,0
user_016,user_016_s03,0,35,197.51,92.06,0,0
user_016,user_016_s03,0,36,210.23,36.72,0,0
user_016,user_016_s03,0,37,154.48,81.75,0,0
user_016,user_016_s03,0,38,195.22,96.79,1,0
user_016,user_016_s03,0,39,136.02,109.93,0,0
user_016,user_016_s04,1,0,286.94,128.08,0,0
user_016,user_016_s04,1,1,219.78,82.33,0,0
user_016,user_016_s04,1,2,163.85,93.42,0,0
user_016,user_016_s04,1,3,189.86,112.29,0,0
user_016,user_016_s04,1,4,850.78,163.03,0,0
user_016,user_016_s04,1,5,175.11,92.79,0,0
user_016,user_016_s04,1,6,1473.88,73.43,0,0
user_016,user_016_s04,1,7,841.06,75.4,0,1
user_016,user_016_s04,1,8,296.2,88.06,0,0
user_016,user_016_s04,1,9,357.5,93.77,0,0
user_016,user_016_s04,1,10,215.4,176.84,0,0
user_016,user_016_s04,1,11,145.72,139.31,0,0
user_016,user_016_s04,1,12,285.56,103.36,0,0
user_016,user_016_s04,1,13,673.45,164.17,0,0
user_016,user_016_s04,1,14,167.12,95.02,0,0
user_016,user_016_s04,1,15,135.85,100.66,1,0
user_016,user_016_s04,1,16,175.54,98.98,0,0
user_016,user_016_s04,1,17,217.5,141.0,0,0
user_016,user_016_s04,1,18,266.79,110.24,0,0
user_016,user_016_s04,1,19,223.92,154.48,0,0
user_016,user_016_s04,1,20,235.84,124.37,0,0
user_016,user_016_s04,1,21,180.59,137.69,0,0
user_016,user_016_s04,1,22,263.94,61.26,0,0
user_016,user_016_s04,1,23,189.5,64.54,0,0
user_016,user_016_s04,1,24,332.88,65.46,0,0
user_016,user_016_s04,1,25,158.22,100.19,1,0
user_016,user_016_s04,1,26,231.69,69.04,0,0
user_016,user_016_s04,1,27,357.52,146.99,0,0
user_016,user_016_s04,1,28,277.06,106.61,0,0
user_016,user_016_s04,1,29,256.27,129.46,0,0
user_016,user_016_s04,1,30,224.81,98.39,0,0
user_016,user_016_s04,1,31,207.7,135.33,1,0
user_016,user_016_s04,1,32,191.8,57.08,0,0
user_016,user_016_s04,1,33,1163.38,110.83,0,0
user_016,user_016_s04,1,34,96.31,126.24,0,0
user_016,user_016_s04,1,35,248.92,128.61,0,0
user_016,user_016_s04,1,36,96.15,103.29,1,0
user_016,user_016_s04,1,37,249.67,64.21,0,0
user_016,user_016_s04,1,38,182.31,140.56,0,0
user_016,user_016_s04,1,39,137.0,101.2,0,0
user_016,user_016_s05,1,0,121.48,127.5,0,0
user_016,user_016_s05,1,1,285.7,93.76,0,0
user_016,user_016_s05,1,2,273.0,73.85,1,0
user_016,user_016_s05,1,3,247.91,137.06,1,0
user_016,user_016_s05,1,4,350.69,121.19,0,0
user_016,user_016_s05,1,5,236.4,123.03,0,1
user_016,user_016_s05,1,6,748.48,150.12,0,0
user_016,user_016_s05,1,7,1042.8,74.45,0,0
user_016,user_016_s05,1,8,296.55,130.8,1,0
user_016,user_016_s05,1,9,219.02,147.77,1,0
user_016,user_016_s05,1,10,189.28,123.95,0,0
user_016,user_016_s05,1,11,303.29,89.18,0,0
user_016,user_016_s05,1,12,299.65,110.47,0,0
user_016,user_016_s05,1,13,324.56,116.37,0,0
user_016,user_016_s05,1,14,264.01,84.59,0,0
user_016,user_016_s05,1,15,118.53,139.56,0,0
user_016,user_016_s05,1,16,246.28,129.19,0,0
user_016,user_016_s05,1,17,1170.52,110.97,0,0
user_016,user_016_s05,1,18,321.36,156.88,0,0
user_016,user_016_s05,1,19,309.31,114.38,0,0
user_016,user_016_s05,1,20,277.91,170.81,0,0
user_016,user_016_s05,1,21,88.64,121.52,0,0
user_016,user_016_s05,1,22,176.6,102.19,0,0
user_016,user_016_s05,1,23,209.05,103.04,0,0
user_016,user_016_s05,1,24,210.66,131.66,1,0
user_016,user_016_s05,1,25,791.72,98.92,0,0
user_016,user_016_s05,1,26,339.03,133.17,1,0
user_016,user_016_s05,1,27,289.63,117.81,0,0
user_016,user_016_s05,1,28,169.96,117.16,0,0
user_016,user_016_s05,1,29,176.32,127.92,0,0
user_016,user_016_s05,1,30,169.96,157.42,0,0
user_016,user_016_s05,1,31,226.49,113.79,0,0
user_016,user_016_s05,1,32,291.49,134.29,0,0
user_016,user_016_s05,1,33,302.65,141.62,0,0
user_016,user_016_s05,1,34,208.21,94.99,1,0
user_016,user_016_s05,1,35,232.6,143.83,0,0
user_016,user_016_s05,1,36,352.7,152.08,0,0
user_016,user_016_s05,1,37,130.08,156.33,0,0
user_016,user_016_s05,1,38,279.68,97.84,0,0
user_016,user_016_s05,1,39,272.07,99.81,0,0
user_016,user_016_s06,0,0,133.37,103.41,0,0
user_016,user_016_s06,0,1,218.65,94.17,0,0
user_016,user_016_s06,0,2,151.06,95.82,0,0
user_016,user_016_s06,0,3,148.7,97.11,0,0
user_016,user_016_s06,0,4,690.49,103.8,0,1
user_016,user_016_s06,0,5,1317.06,96.69,0,0
user_016,user_016_s06,0,6,190.35,93.58,0,0
user_016,user_016_s06,0,7,220.4,75.87,0,0
user_016,user_016_s06,0,8,95.11,85.24,0,1
user_016,user_016_s06,0,9,167.81,100.06,0,0
user_016,user_016_s06,0,10,133.58,98.72,0,0
user_016,user_016_s06,0,11,208.33,73.6,0,0
user_016,user_016_s06,0,12,227.67,87.46,0,0
user_016,user_016_s06,0,13,167.81,81.94,0,0
user_016,user_016_s06,0,14,147.96,116.39,0,0
user_016,user_016_s06,0,15,113.74,99.67,0,0
user_016,user_016_s06,0,16,247.51,102.36,0,0
user_016,user_016_s06,0,17,223.86,94.9,0,0
user_016,user_016_s06,0,18,100.1,86.49,0,0
user_016,user_016_s06,0,19,198.96,89.21,0,0
user_016,user_016_s06,0,20,132.62,103.3,0,0
user_016,user_016_s06,0,21,155.27,91.99,0,0
user_016,user_016_s06,0,22,127.5,103.45,0,0
user_016,user_016_s06,0,23,99.26,98.04,0,0
user_016,user_016_s06,0,24,172.65,100.34,0,0
user_016,user_016_s06,0,25,245.5,101.1,0,0
user_016,user_016_s06,0,26,139.6,88.0,0,0
user_016,user_016_s06,0,27,207.81,91.23,0,0
user_016,user_016_s06,0,28,213.71,109.54,0,0
user_016,user_016_s06,0,29,201.45,123.32,0,0
user_016,user_016_s06,0,30,249.29,109.68,1,0
user_016,user_016_s06,0,31,210.21,54.03,0,0
user_016,user_016_s06,0,32,242.1,84.52,1,0
user_016,user_016_s06,0,33,131.31,97.62,0,0
user_016,user_016_s06,0,34,202.34,79.41,0,0
user_016,user_016_s06,0,35,702.12,78.71,0,0
user_016,user_016_s06,0,36,145.38,89.61,0,0
user_016,user_016_s06,0,37,43.51,101.08,0,0
user_016,user_016_s06,0,38,126.79,105.17,0,0
user_016,user_016_s06,0,39,147.16,90.38,0,0
user_016,user_016_s07,0,0,149.45,102.9,0,0
user_016,user_016_s07,0,1,181.7,79.38,0,0
user_016,user_016_s07,0,2,208.02,124.01,0,0
user_016,user_016_s07,0,3,694.63,101.25,0,0
user_016,user_016_s07,0,4,147.82,65.2,0,0
user_016,user_016_s07,0,5,188.72,76.8,0,0
user_016,user_016_s07,0,6,144.26,101.07,0,0
user_016,user_016_s07,0,7,138.06,100.66,0,0
user_016,user_016_s07,0,8,180.9,99.54,0,0
user_016,user_016_s07,0,9,148.9,93.13,0,0
user_016,user_016_s07,0,10,210.91,85.99,0,0
user_016,user_016_s07,0,11,147.56,107.1,0,0
user_016,user_016_s07,0,12,134.31,77.81,0,0
user_016,user_016_s07,0,13,164.88,91.58,1,0
user_016,user_016_s07,0,14,181.4,81.47,0,0
user_016,user_016_s07,0,15,177.08,80.27,0,0
user_016,user_016_s07,0,16,185.28,83.89,0,0
user_016,user_016_s07,0,17,144.29,79.74,0,0
user_016,user_016_s07,0,18,207.67,99.03,0,0
user_016,user_016_s07,0,19,102.92,68.62,0,0
user_016,user_016_s07,0,20,135.75,97.25,0,0
user_016,user_016_s07,0,21,166.5,81.26,0,0
user_016,user_016_s07,0,22,138.89,91.24,0,0
user_016,user_016_s07,0,23,153.43,88.28,0,0
user_016,user_016_s07,0,24,128.21,83.29,0,0
user_016,user_016_s07,0,25,157.24,108.99,0,0
user_016,user_016_s07,0,26,182.44,85.21,0,0
user_016,user_016_s07,0,27,144.95,101.34,0,0
user_016,user_016_s07,0,28,132.06,101.54,0,0
user_016,user_016_s07,0,29,147.76,86.69,0,0
user_016,user_016_s07,0,30,206.49,71.9,0,0
user_016,user_016_s07,0,31,206.18,77.54,1,0
user_016,user_016_s07,0,32,147.11,109.98,0,0
user_016,user_016_s07,0,33,184.13,98.18,0,0
user_016,user_016_s07,0,34,164.37,92.87,0,0
user_016,user_016_s07,0,35,213.25,82.27,0,0
user_016,user_016_s07,0,36,1540.32,116.78,0,0
user_016,user_016_s07,0,37,157.49,77.75,0,0
user_016,user_016_s07,0,38,225.1,92.88,0,0
user_016,user_016_s07,0,39,980.96,98.31,0,0
user_016,user_016_s08,0,0,208.38,96.82,0,0
user_016,user_016_s08,0,1,130.93,93.44,0,0
user_016,user_016_s08,0,2,173.87,122.25,0,0
user_016,user_016_s08,0,3,131.44,89.9,0,0
user_016,user_016_s08,0,4,157.76,121.11,1,0
user_016,user_016_s08,0,5,876.96,92.3,0,0
user_016,user_016_s08,0,6,77.53,81.06,0,0
user_016,user_016_s08,0,7,130.95,75.23,0,0
user_016,user_016_s08,0,8,156.9,77.91,0,0
user_016,user_016_s08,0,9,179.87,97.51,0,0
user_016,user_016_s08,0,10,1168.54,93.01,0,0
user_016,user_016_s08,0,11,101.88,63.47,0,0
user_016,user_016_s08,0,12,218.71,106.39,0,0
user_016,user_016_s08,0,13,185.13,113.25,0,0
user_016,user_016_s08,0,14,156.56,63.32,0,0
user_016,user_016_s08,0,15,110.45,106.27,0,0
user_016,user_016_s08,0,16,144.1,116.34,0,0
user_016,user_016_s08,0,17,204.07,64.11,0,0
user_016,user_016_s08,0,18,166.58,84.06,0,0
user_016,user_016_s08,0,19,158.8,78.32,0,0
user_016,user_016_s08,0,20,129.12,105.69,0,0
user_016,user_016_s08,0,21,193.16,84.85,0,0
user_016,user_016_s08,0,22,159.97,84.25,0,0
user_016,user_016_s08,0,23,156.71,97.4,0,0
user_016,user_016_s08,0,24,162.01,114.49,0,0
user_016,user_016_s08,0,25,141.37,90.15,0,0
user_016,user_016_s08,0,26,134.99,84.01,0,0
user_016,user_016_s08,0,27,108.55,86.8,0,0
user_016,user_016_s08,0,28,142.34,100.95,0,0
user_016,user_016_s08,0,29,98.02,71.08,0,0
user_016,user_016_s08,0,30,183.82,90.83,0,0
user_016,user_016_s08,0,31,140.53,76.99,0,0
user_016,user_016_s08,0,32,150.86,73.01,0,0
user_016,user_016_s08,0,33,164.19,61.88,0,0
user_016,user_016_s08,0,34,135.48,83.34,0,0
user_016,user_016_s08,0,35,121.48,107.27,0,0
user_016,user_016_s08,0,36,173.91,61.3,0,0
user_016,user_016_s08,0,37,236.49,99.22,0,0
user_016,user_016_s08,0,38,199.75,81.33,0,0
user_016,user_016_s08,0,39,213.62,75.11,0,0
user_016,user_016_s09,0,0,109.36,61.39,0,0
user_016,user_016_s09,0,1,178.22,101.85,0,0
user_016,user_016_s09,0,2,225.54,80.69,0,0
user_016,user_016_s09,0,3,1467.81,102.2,0,0
user_016,user_016_s09,0,4,126.03,61.18,0,0
user_016,user_016_s09,0,5,195.36,90.5,0,0
user_016,user_016_s09,0,6,133.17,61.27,0,0
user_016,user_016_s09,0,7,119.56,119.64,0,0
user_016,user_016_s09,0,8,138.34,56.96,0,0
user_016,user_016_s09,0,9,128.97,109.89,0,0
user_016,user_016_s09,0,10,124.44,82.63,0,0
user_016,user_016_s09,0,11,196.64,80.19,0,0
user_016,user_016_s09,0,12,131.42,91.78,0,0
user_016,user_016_s09,0,13,1470.05,68.85,0,0
user_016,user_016_s09,0,14,172.77,94.72,0,0
user_016,user_016_s09,0,15,114.95,95.82,0,0
user_016,user_016_s09,0,16,116.16,83.11,0,0
user_016,user_016_s09,0,17,177.1,86.68,0,0
user_016,user_016_s09,0,18,123.55,111.9,0,0
user_016,user_016_s09,0,19,133.78,92.71,0,0
user_016,user_016_s09,0,20,152.36,71.19,0,0
user_016,user_016_s09,0,21,140.03,94.2,0,0
user_016,user_016_s09,0,22,134.67,74.85,0,0
user_016,user_016_s09,0,23,62.84,71.95,0,0
user_016,user_016_s09,0,24,144.29,90.63,0,0
user_016,user_016_s09,0,25,211.34,67.78,0,0
user_016,user_016_s09,0,26,174.41,83.63,0,0
user_016,user_016_s09,0,27,136.69,93.04,0,0
user_016,user_016_s09,0,28,168.43,111.6,0,0
user_016,user_016_s09,0,29,174.33,92.51,0,0
user_016,user_016_s09,0,30,119.17,60.86,0,0
user_016,user_016_s09,0,31,197.97,63.2,0,0
user_016,user_016_s09,0,32,156.9,108.85,0,0
user_016,user_016_s09,0,33,139.06,73.41,0,0
user_016,user_016_s09,0,34,210.48,60.16,0,0
user_016,user_016_s09,0,35,73.15,67.84,0,0
user_016,user_016_s09,0,36,106.65,94.85,0,0
user_016,user_016_s09,0,37,174.86,84.62,0,0
user_016,user_016_s09,0,38,176.08,92.65,0,0
user_016,user_016_s09,0,39,212.59,82.43,0,0
user_016,user_016_s10,0,0,163.65,92.4,0,0
user_016,user_016_s10,0,1,150.65,114.11,0,0
user_016,user_016_s10,0,2,201.46,76.44,0,0
user_016,user_016_s10,0,3,1167.84,86.76,0,0
user_016,user_016_s10,0,4,94.96,101.68,0,0
user_016,user_016_s10,0,5,233.89,106.96,0,0
user_016,user_016_s10,0,6,129.38,78.29,0,0
user_016,user_016_s10,0,7,201.37,85.7,0,0
user_016,user_016_s10,0,8,182.91,104.74,0,0
user_016,user_016_s10,0,9,130.7,95.71,0,0
user_016,user_016_s10,0,10,155.07,103.55,0,0
user_016,user_016_s10,0,11,149.48,105.62,0,0
user_016,user_016_s10,0,12,173.44,96.35,0,0
user_016,user_016_s10,0,13,131.26,90.19,0,0
user_016,user_016_s10,0,14,153.44,77.96,0,0
user_016,user_016_s10,0,15,158.67,84.37,0,0
user_016,user_016_s10,0,16,201.42,85.37,0,0
user_016,user_016_s10,0,17,144.63,106.04,0,0
user_016,user_016_s10,0,18,123.44,90.68,0,0
user_016,user_016_s10,0,19,139.62,90.83,0,0
user_016,user_016_s10,0,20,173.84,73.11,0,0
user_016,user_016_s10,0,21,93.57,106.12,0,0
user_016,user_016_s10,0,22,205.0,76.52,0,0
user_016,user_016_s10,0,23,160.8,83.76,0,0
user_016,user_016_s10,0,24,176.32,107.69,0,0
user_016,user_016_s10,0,25,168.29,101.35,0,0
user_016,user_016_s10,0,26,135.02,75.28,0,0
user_016,user_016_s10,0,27,119.45,71.84,0,0
user_016,user_016_s10,0,28,133.77,84.98,0,0
user_016,user_016_s10,0,29,103.54,79.38,0,0
user_016,user_016_s10,0,30,1510.65,66.0,0,0
user_016,user_016_s10,0,31,153.96,76.73,0,0
user_016,user_016_s10,0,32,102.48,46.78,0,0
user_016,user_016_s10,0,33,136.92,101.61,0,0
user_016,user_016_s10,0,34,184.54,100.66,0,0
user_016,user_016_s10,0,35,208.6,109.2,0,0
user_016,user_016_s10,0,36,111.88,93.34,0,0
user_016,user_016_s10,0,37,241.19,81.3,0,0
user_016,user_016_s10,0,38,124.05,103.4,0,0
user_016,user_016_s10,0,39,778.42,77.5,0,0
user_016,user_016_s11,0,0,186.13,79.96,0,0
user_016,user_016_s11,0,1,73.06,96.94,0,0
user_016,user_016_s11,0,2,1252.13,92.56,0,0
user_016,user_016_s11,0,3,112.81,82.39,0,0
user_016,user_016_s11,0,4,134.41,96.52,0,0
user_016,user_016_s11,0,5,209.36,53.69,0,0
user_016,user_016_s11,0,6,133.04,69.81,0,0
user_016,user_016_s11,0,7,1066.64,79.15,0,0
user_016,user_016_s11,0,8,145.11,103.72,0,0
user_016,user_016_s11,0,9,153.39,64.4,0,0
user_016,user_016_s11,0,10,188.18,85.59,0,0
user_016,user_016_s11,0,11,176.99,90.88,0,0
user_016,user_016_s11,0,12,162.35,89.83,0,0
user_016,user_016_s11,0,13,139.18,84.63,0,0
user_016,user_016_s11,0,14,98.36,76.8,0,0
user_016,user_016_s11,0,15,100.19,82.41,0,0
user_016,user_016_s11,0,16,205.86,100.75,0,0
user_016,user_016_s11,0,17,220.36,75.78,0,0
user_016,user_016_s11,0,18,161.43,53.69,0,0
user_016,user_016_s11,0,19,90.0,93.11,0,0
user_016,user_016_s11,0,20,127.58,108.57,0,0
user_016,user_016_s11,0,21,125.72,70.33,0,0
user_016,user_016_s11,0,22,135.71,106.54,0,0
user_016,user_016_s11,0,23,123.36,93.93,0,0
user_016,user_016_s11,0,24,176.11,68.75,0,0
user_016,user_016_s11,0,25,165.86,75.55,0,0
user_016,user_016_s11,0,26,215.88,74.89,0,0
user_016,user_016_s11,0,27,141.96,88.65,0,0
user_016,user_016_s11,0,28,164.08,83.39,0,0
user_016,user_016_s11,0,29,184.39,102.71,0,0
user_016,user_016_s11,0,30,194.92,98.87,0,0
user_016,user_016_s11,0,31,110.22,62.91,0,0
user_016,user_016_s11,0,32,171.77,64.81,0,0
user_016,user_016_s11,0,33,162.07,95.34,0,0
user_016,user_016_s11,0,34,167.94,78.38,0,0
user_016,user_016_s11,0,35,158.81,83.49,0,0
user_016,user_016_s11,0,36,220.86,94.32,0,0
user_016,user_016_s11,0,37,123.13,99.0,0,0
user_016,user_016_s11,0,38,120.91,67.6,0,0
user_016,user_016_s11,0,39,125.76,52.76,0,0
user_016,user_016_s12,0,0,135.01,71.28,0,0
user_016,user_016_s12,0,1,200.5,91.13,0,0
user_016,user_016_s12,0,2,198.0,87.68,0,0
user_016,user_016_s12,0,3,136.99,97.93,0,0
user_016,user_016_s12,0,4,158.79,98.65,0,0
user_016,user_016_s12,0,5,172.47,97.26,0,0
user_016,user_016_s12,0,6,700.12,80.04,1,0
user_016,user_016_s12,0,7,158.71,95.28,0,0
user_016,user_016_s12,0,8,308.57,87.2,0,0
user_016,user_016_s12,0,9,201.38,114.64,0,0
user_016,user_016_s12,0,10,185.45,96.57,0,0
user_016,user_016_s12,0,11,205.75,96.1,0,0
user_016,user_016_s12,0,12,108.06,75.68,0,0
user_016,user_016_s12,0,13,216.55,86.05,1,0
user_016,user_016_s12,0,14,122.91,98.79,0,1
user_016,user_016_s12,0,15,205.2,93.73,0,0
user_016,user_016_s12,0,16,150.32,93.57,0,0
user_016,user_016_s12,0,17,142.56,68.58,0,0
user_016,user_016_s12,0,18,239.09,82.69,0,0
user_016,user_016_s12,0,19,168.82,90.78,0,0
user_016,user_016_s12,0,20,115.1,112.95,0,0
user_016,user_016_s12,0,21,209.15,66.52,0,0
user_016,user_016_s12,0,22,126.75,79.23,0,0
user_016,user_016_s12,0,23,223.64,66.41,0,0
user_016,user_016_s12,0,24,171.95,99.79,0,0
user_016,user_016_s12,0,25,124.75,112.72,0,0
user_016,user_016_s12,0,26,203.39,100.32,0,0
user_016,user_016_s12,0,27,192.12,103.58,0,0
user_016,user_016_s12,0,28,92.86,79.41,0,0
user_016,user_016_s12,0,29,170.18,100.46,0,0
user_016,user_016_s12,0,30,183.78,83.31,0,0
user_016,user_016_s12,0,31,181.59,95.81,0,0
user_016,user_016_s12,0,32,165.63,102.45,0,0
user_016,user_016_s12,0,33,200.52,90.53,0,0
user_016,user_016_s12,0,34,193.92,107.22,1,0
user_016,user_016_s12,0,35,173.73,92.45,0,0
user_016,user_016_s12,0,36,163.69,99.02,0,0
user_016,user_016_s12,0,37,178.12,123.3,0,0
user_016,user_016_s12,0,38,149.9,102.38,0,0
user_016,user_016_s12,0,39,134.18,83.66,0,0
user_016,user_016_s13,0,0,589.19,72.78,0,0
user_016,user_016_s13,0,1,178.87,90.18,0,0
user_016,user_016_s13,0,2,113.11,92.08,0,0
user_016,user_016_s13,0,3,154.58,79.65,0,0
user_016,user_016_s13,0,4,109.87,76.5,0,0
user_016,user_016_s13,0,5,218.79,79.32,0,0
user_016,user_016_s13,0,6,197.87,86.28,1,0
user_016,user_016_s13,0,7,131.98,87.71,0,0
user_016,user_016_s13,0,8,91.16,71.97,0,0
user_016,user_016_s13,0,9,179.22,92.15,0,0
user_016,user_016_s13,0,10,159.17,92.01,0,0
user_016,user_016_s13,0,11,245.03,86.8,0,0
user_016,user_016_s13,0,12,213.43,78.07,0,0
user_016,user_016_s13,0,13,1398.47,98.53,0,0
user_016,user_016_s13,0,14,140.99,108.32,0,0
user_016,user_016_s13,0,15,151.0,81.72,0,0
user_016,user_016_s13,0,16,172.15,79.01,0,0
user_016,user_016_s13,0,17,594.27,95.44,0,0
user_016,user_016_s13,0,18,134.25,70.87,0,1
user_016,user_016_s13,0,19,109.62,69.28,0,0
user_016,user_016_s13,0,20,233.19,78.71,0,0
user_016,user_016_s13,0,21,162.09,93.09,0,0
user_016,user_016_s13,0,22,176.74,75.23,0,0
user_016,user_016_s13,0,23,128.63,88.17,0,0
user_016,user_016_s13,0,24,212.09,58.28,0,0
user_016,user_016_s13,0,25,199.85,97.71,0,0
user_016,user_016_s13,0,26,163.09,110.07,0,0
user_016,user_016_s13,0,27,168.7,74.79,0,0
user_016,user_016_s13,0,28,1056.63,95.12,0,0
user_016,user_016_s13,0,29,1205.99,85.32,0,1
user_016,user_016_s13,0,30,181.76,90.04,0,0
user_016,user_016_s13,0,31,1052.67,84.76,0,0
user_016,user_016_s13,0,32,154.21,83.89,0,0
user_016,user_016_s13,0,33,116.95,75.94,0,0
user_016,user_016_s13,0,34,159.86,72.04,0,0
user_016,user_016_s13,0,35,188.98,104.95,0,0
user_016,user_016_s13,0,36,186.04,63.24,0,0
user_016,user_016_s13,0,37,210.08,88.17,0,0
user_016,user_016_s13,0,38,214.05,87.49,0,0
user_016,user_016_s13,0,39,187.15,87.74,0,0
user_017,user_017_s00,0,0,268.69,77.11,0,0
user_017,user_017_s00,0,1,89.13,91.68,0,0
user_017,user_017_s00,0,2,245.77,83.39,0,0
user_017,user_017_s00,0,3,96.6,96.7,0,0
user_017,user_017_s00,0,4,91.69,113.52,0,0
user_017,user_017_s00,0,5,118.06,97.23,0,0
user_017,user_017_s00,0,6,170.77,97.71,0,0
user_017,user_017_s00,0,7,138.54,86.51,0,0
user_017,user_017_s00,0,8,135.28,112.4,0,0
user_017,user_017_s00,0,9,126.82,105.88,0,0
user_017,user_017_s00,0,10,127.77,57.38,1,0
user_017,user_017_s00,0,11,1124.48,58.63,0,0
user_017,user_017_s00,0,12,190.7,90.5,0,0
user_017,user_017_s00,0,13,142.85,119.12,0,0
user_017,user_017_s00,0,14,40.0,123.43,0,0
user_017,user_017_s00,0,15,175.74,114.56,0,0
user_017,user_017_s00,0,16,218.97,94.47,0,0
user_017,user_017_s00,0,17,162.47,129.98,0,0
user_017,user_017_s00,0,18,108.51,81.91,0,0
user_017,user_017_s00,0,19,218.73,90.29,0,0
user_017,user_017_s00,0,20,102.37,66.55,0,0
user_017,user_017_s00,0,21,160.14,90.2,0,0
user_017,user_017_s00,0,22,176.59,78.85,0,0
user_017,user_017_s00,0,23,788.15,131.59,0,0
user_017,user_017_s00,0,24,209.54,127.26,0,0
user_017,user_017_s00,0,25,190.89,99.18,0,0
user_017,user_017_s00,0,26,228.93,108.05,0,0
user_017,user_017_s00,0,27,114.16,84.51,0,0
user_017,user_017_s00,0,28,264.61,42.03,0,0
user_017,user_017_s00,0,29,40.0,81.03,0,0
user_017,user_017_s00,0,30,256.25,114.23,0,0
user_017,user_017_s00,0,31,131.57,107.42,0,0
user_017,user_017_s00,0,32,198.68,89.17,0,0
user_017,user_017_s00,0,33,257.39,114.04,0,0
user_017,user_017_s00,0,34,208.62,87.44,0,0
user_017,user_017_s00,0,35,198.26,72.69,0,0
user_017,user_017_s00,0,36,225.4,114.04,0,0
user_017,user_017_s00,0,37,96.47,84.34,0,0
user_017,user_017_s00,0,38,104.71,120.35,0,0
user_017,user_017_s00,0,39,192.7,53.88,0,0
user_017,user_017_s01,0,0,206.38,84.02,0,0
user_017,user_017_s01,0,1,239.69,44.39,0,0
user_017,user_017_s01,0,2,193.05,98.87,0,0
user_017,user_017_s01,0,3,200.63,89.71,0,0
user_017,user_017_s01,0,4,120.79,114.41,0,0
user_017,user_017_s01,0,5,136.78,112.19,0,0
user_017,user_017_s01,0,6,99.1,69.9,0,0
user_017,user_017_s01,0,7,155.83,144.66,0,0
user_017,user_017_s01,0,8,223.56,101.78,0,0
user_017,user_017_s01,0,9,131.21,65.02,0,0
user_017,user_017_s01,0,10,165.43,68.1,0,0
user_017,user_017_s01,0,11,1367.5,45.38,0,0
user_017,user_017_s01,0,12,235.92,110.03,0,0
user_017,user_017_s01,0,13,79.03,81.66,0,0
user_017,user_017_s01,0,14,143.34,74.77,0,0
user_017,user_017_s01,0,15,128.97,79.09,0,0
user_017,user_017_s01,0,16,121.36,86.64,0,0
user_017,user_017_s01,0,17,148.49,105.9,0,0
user_017,user_017_s01,0,18,62.52,57.1,0,0
user_017,user_017_s01,0,19,149.34,69.73,0,0
user_017,user_017_s01,0,20,171.46,103.47,0,0
user_017,user_017_s01,0,21,112.22,80.19,0,0
user_017,user_017_s01,0,22,143.07,106.04,0,0
user_017,user_017_s01,0,23,170.61,82.31,0,0
user_017,user_017_s01,0,24,176.12,127.86,0,0
user_017,user_017_s01,0,25,79.73,97.83,0,0
user_017,user_017_s01,0,26,208.02,120.2,0,0
user_017,user_017_s01,0,27,209.34,104.63,1,0
user_017,user_017_s01,0,28,128.74,105.96,0,0
user_017,user_017_s01,0,29,261.74,76.71,0,0
user_017,user_017_s01,0,30,194.58,118.9,0,0
user_017,user_017_s01,0,31,186.64,97.99,0,0
user_017,user_017_s01,0,32,207.07,72.28,0,0
user_017,user_017_s01,0,33,939.71,46.87,0,0
user_017,user_017_s01,0,34,150.12,96.32,0,0
user_017,user_017_s01,0,35,203.47,126.39,0,0
user_017,user_017_s01,0,36,125.7,73.31,0,0
user_017,user_017_s01,0,37,150.17,72.57,0,0
user_017,user_017_s01,0,38,202.56,86.29,0,0
user_017,user_017_s01,0,39,186.56,117.45,0,0
user_017,user_017_s02,1,0,171.47,59.01,0,0
user_017,user_017_s02,1,1,268.18,159.04,0,0
user_017,user_017_s02,1,2,385.38,70.34,0,0
user_017,user_017_s02,1,3,1270.38,70.96,0,0
user_017,user_017_s02,1,4,199.45,79.36,0,0
user_017,user_017_s02,1,5,361.85,130.41,0,0
user_017,user_017_s02,1,6,215.07,94.59,0,1
user_017,user_017_s02,1,7,40.0,73.52,0,0
user_017,user_017_s02,1,8,1674.79,154.62,0,1
user_017,user_017_s02,1,9,301.37,136.44,0,0
user_017,user_017_s02,1,10,271.26,171.49,0,0
user_017,user_017_s02,1,11,251.18,105.05,0,0
user_017,user_017_s02,1,12,284.07,134.8,0,0
user_017,user_017_s02,1,13,251.08,173.4,0,0
user_017,user_017_s02,1,14,1433.8,78.97,0,0
user_017,user_017_s02,1,15,177.32,108.09,0,0
user_017,user_017_s02,1,16,258.85,182.0,1,0
user_017,user_017_s02,1,17,151.83,138.52,0,0
user_017,user_017_s02,1,18,122.66,130.92,0,0
user_017,user_017_s02,1,19,280.39,135.92,0,0
user_017,user_017_s02,1,20,359.71,192.28,0,0
user_017,user_017_s02,1,21,161.34,136.57,1,0
user_017,user_017_s02,1,22,180.76,139.68,0,0
user_017,user_017_s02,1,23,60.86,136.89,0,0
user_017,user_017_s02,1,24,103.26,65.45,0,0
user_017,user_017_s02,1,25,107.48,160.1,0,1
user_017,user_017_s02,1,26,891.03,100.96,0,0
user_017,user_017_s02,1,27,56.33,81.25,0,0
user_017,user_017_s02,1,28,1408.56,59.62,0,0
user_017,user_017_s02,1,29,220.64,68.9,0,0
user_017,user_017_s02,1,30,317.86,36.26,0,0
user_017,user_017_s02,1,31,380.51,91.85,0,0
user_017,user_017_s02,1,32,246.92,118.23,0,0
user_017,user_017_s02,1,33,376.88,185.05,0,0
user_017,user_017_s02,1,34,423.36,140.36,0,0
user_017,user_017_s02,1,35,1303.5,148.97,0,0
user_017,user_017_s02,1,36,175.19,194.8,1,0
user_017,user_017_s02,1,37,40.0,20.0,0,0
user_017,user_017_s02,1,38,236.32,155.14,0,0
user_017,user_017_s02,1,39,270.18,151.71,1,0
user_017,user_017_s03,1,0,243.17,135.9,0,0
user_017,user_017_s03,1,1,98.01,161.92,0,1
user_017,user_017_s03,1,2,253.44,72.61,0,0
user_017,user_017_s03,1,3,165.3,135.88,0,0
user_017,user_017_s03,1,4,260.39,169.47,0,0
user_017,user_017_s03,1,5,820.31,114.3,0,0
user_017,user_017_s03,1,6,223.7,108.92,0,0
user_017,user_017_s03,1,7,300.59,96.75,1,0
user_017,user_017_s03,1,8,311.39,210.93,0,0
user_017,user_017_s03,1,9,1179.01,190.62,0,0
user_017,user_017_s03,1,10,307.37,119.02,1,0
user_017,user_017_s03,1,11,213.34,178.09,0,0
user_017,user_017_s03,1,12,174.53,109.76,0,0
user_017,user_017_s03,1,13,272.59,124.59,1,0
user_017,user_017_s03,1,14,384.18,88.38,1,0
user_017,user_017_s03,1,15,1658.78,57.01,0,0
user_017,user_017_s03,1,16,166.55,107.59,0,0
user_017,user_017_s03,1,17,283.17,113.8,0,0
user_017,user_017_s03,1,18,260.09,147.91,0,0
user_017,user_017_s03,1,19,342.9,157.05,0,0
user_017,user_017_s03,1,20,268.04,125.91,1,0
user_017,user_017_s03,1,21,1108.33,91.13,0,0
user_017,user_017_s03,1,22,119.6,104.48,0,0
user_017,user_017_s03,1,23,317.16,194.54,0,0
user_017,user_017_s03,1,24,98.64,156.02,0,0
user_017,user_017_s03,1,25,246.83,187.8,1,0
user_017,user_017_s03,1,26,182.72,201.99,1,0
user_017,user_017_s03,1,27,833.77,104.5,0,0
user_017,user_017_s03,1,28,296.19,163.67,0,0
user_017,user_017_s03,1,29,237.54,94.69,0,0
user_017,user_017_s03,1,30,40.0,172.2,0,0
user_017,user_017_s03,1,31,218.06,163.98,0,1
user_017,user_017_s03,1,32,1118.54,46.16,1,0
user_017,user_017_s03,1,33,363.75,146.95,1,0
user_017,user_017_s03,1,34,693.85,96.52,0,0
user_017,user_017_s03,1,35,429.78,117.19,0,0
user_017,user_017_s03,1,36,323.63,104.41,1,0
user_017,user_017_s03,1,37,210.03,167.18,0,0
user_017,user_017_s03,1,38,195.93,103.45,1,0
user_017,user_017_s03,1,39,173.96,79.6,0,0
user_017,user_017_s04,1,0,930.37,71.25,0,0
user_017,user_017_s04,1,1,1196.75,92.15,0,0
user_017,user_017_s04,1,2,978.15,128.41,0,0
user_017,user_017_s04,1,3,1281.73,177.9,0,0
user_017,user_017_s04,1,4,40.0,127.06,0,0
user_017,user_017_s04,1,5,225.99,71.89,0,0
user_017,user_017_s04,1,6,248.46,53.31,0,0
user_017,user_017_s04,1,7,301.74,131.49,0,0
user_017,user_017_s04,1,8,782.11,101.33,0,0
user_017,user_017_s04,1,9,1259.16,131.34,0,0
user_017,user_017_s04,1,10,1335.64,118.44,0,0
user_017,user_017_s04,1,11,206.65,123.83,0,0
user_017,user_017_s04,1,12,482.41,175.05,0,0
user_017,user_017_s04,1,13,337.01,169.09,0,0
user_017,user_017_s04,1,14,719.18,141.52,1,0
user_017,user_017_s04,1,15,239.17,90.62,1,0
user_017,user_017_s04,1,16,124.87,104.47,1,0
user_017,user_017_s04,1,17,186.86,157.4,0,0
user_017,user_017_s04,1,18,431.59,179.07,0,0
user_017,user_017_s04,1,19,1595.23,75.38,0,0
user_017,user_017_s04,1,20,77.3,188.17,0,0
user_017,user_017_s04,1,21,153.27,95.27,0,1
user_017,user_017_s04,1,22,230.38,153.59,0,0
user_017,user_017_s04,1,23,203.69,239.45,1,0
user_017,user_017_s04,1,24,261.83,62.66,0,0
user_017,user_017_s04,1,25,152.35,147.01,0,0
user_017,user_017_s04,1,26,193.43,114.02,0,0
user_017,user_017_s04,1,27,151.18,144.67,0,0
user_017,user_017_s04,1,28,193.29,101.74,0,0
user_017,user_017_s04,1,29,301.16,26.83,0,0
user_017,user_017_s04,1,30,260.17,96.31,1,0
user_017,user_017_s04,1,31,159.71,140.64,1,0
user_017,user_017_s04,1,32,344.28,180.99,0,0
user_017,user_017_s04,1,33,337.38,142.99,0,0
user_017,user_017_s04,1,34,230.19,185.96,0,0
user_017,user_017_s04,1,35,1489.37,106.8,0,0
user_017,user_017_s04,1,36,407.72,103.52,0,0
user_017,user_017_s04,1,37,392.05,140.48,0,0
user_017,user_017_s04,1,38,77.8,111.57,0,0
user_017,user_017_s04,1,39,350.52,171.86,0,0
user_017,user_017_s05,0,0,232.58,106.67,1,0
user_017,user_017_s05,0,1,108.94,71.05,0,0
user_017,user_017_s05,0,2,159.88,78.87,0,0
user_017,user_017_s05,0,3,188.97,96.73,0,0
user_017,user_017_s05,0,4,196.56,87.57,0,0
user_017,user_017_s05,0,5,130.38,69.16,0,0
user_017,user_017_s05,0,6,86.14,110.55,0,0
user_017,user_017_s05,0,7,202.03,87.0,0,0
user_017,user_017_s05,0,8,165.38,100.21,0,0
user_017,user_017_s05,0,9,966.5,98.46,0,0
user_017,user_017_s05,0,10,267.65,118.52,0,0
user_017,user_017_s05,0,11,160.64,104.97,0,0
user_017,user_017_s05,0,12,148.33,78.25,0,0
user_017,user_017_s05,0,13,77.82,122.75,0,0
user_017,user_017_s05,0,14,117.24,86.8,0,0
user_017,user_017_s05,0,15,224.86,79.32,0,0
user_017,user_017_s05,0,16,136.88,76.06,0,0
user_017,user_017_s05,0,17,211.28,45.7,0,0
user_017,user_017_s05,0,18,105.72,83.83,0,0
user_017,user_017_s05,0,19,128.98,105.92,0,0
user_017,user_017_s05,0,20,127.57,67.27,0,0
user_017,user_017_s05,0,21,202.94,134.76,0,0
user_017,user_017_s05,0,22,165.09,47.96,0,0
user_017,user_017_s05,0,23,115.71,79.99,0,0
user_017,user_017_s05,0,24,216.0,64.51,0,0
user_017,user_017_s05,0,25,203.9,117.39,0,0
user_017,user_017_s05,0,26,195.45,111.55,0,1
user_017,user_017_s05,0,27,192.96,91.36,0,0
user_017,user_017_s05,0,28,129.81,65.96,0,0
user_017,user_017_s05,0,29,245.9,70.86,0,0
user_017,user_017_s05,0,30,171.19,102.7,0,0
user_017,user_017_s05,0,31,191.47,82.34,0,0
user_017,user_017_s05,0,32,197.78,84.85,0,0
user_017,user_017_s05,0,33,124.82,95.59,0,0
user_017,user_017_s05,0,34,280.94,88.14,0,0
user_017,user_017_s05,0,35,175.25,58.75,0,1
user_017,user_017_s05,0,36,178.57,67.95,0,0
user_017,user_017_s05,0,37,154.07,68.49,0,0
user_017,user_017_s05,0,38,239.93,81.21,0,0
user_017,user_017_s05,0,39,242.25,99.19,0,0
user_017,user_017_s06,0,0,116.58,126.95,0,0
user_017,user_017_s06,0,1,145.6,101.85,0,0
user_017,user_017_s06,0,2,109.75,102.33,0,0
user_017,user_017_s06,0,3,109.16,74.09,0,0
user_017,user_017_s06,0,4,232.13,90.3,0,0
user_017,user_017_s06,0,5,154.11,114.27,0,0
user_017,user_017_s06,0,6,150.07,81.12,0,0
user_017,user_017_s06,0,7,977.11,86.25,0,0
user_017,user_017_s06,0,8,167.59,91.39,0,0
user_017,user_017_s06,0,9,239.42,27.67,0,0
user_017,user_017_s06,0,10,128.8,109.77,1,0
user_017,user_017_s06,0,11,167.44,116.56,0,0
user_017,user_017_s06,0,12,136.7,110.57,1,0
user_017,user_017_s06,0,13,216.57,123.28,0,0
user_017,user_017_s06,0,14,175.1,92.8,0,0
user_017,user_017_s06,0,15,226.64,142.37,0,0
user_017,user_017_s06,0,16,194.87,83.99,0,0
user_017,user_017_s06,0,17,79.54,97.62,0,0
user_017,user_017_s06,0,18,171.96,95.45,0,0
user_017,user_017_s06,0,19,102.1,106.65,0,0
user_017,user_017_s06,0,20,205.51,97.29,0,0
user_017,user_017_s06,0,21,216.97,100.29,0,0
user_017,user_017_s06,0,22,222.67,87.64,0,0
user_017,user_017_s06,0,23,179.72,92.92,0,0
user_017,user_017_s06,0,24,96.78,53.45,0,0
user_017,user_017_s06,0,25,197.98,120.19,0,0
user_017,user_017_s06,0,26,208.84,80.09,0,0
user_017,user_017_s06,0,27,176.44,91.77,0,0
user_017,user_017_s06,0,28,191.16,79.26,0,0
user_017,user_017_s06,0,29,82.73,115.08,0,0
user_017,user_017_s06,0,30,190.11,90.61,1,0
user_017,user_017_s06,0,31,180.51,48.86,0,0
user_017,user_017_s06,0,32,119.83,108.73,0,0
user_017,user_017_s06,0,33,215.5,86.13,0,0
user_017,user_017_s06,0,34,159.31,102.04,1,0
user_017,user_017_s06,0,35,199.06,120.85,0,0
user_017,user_017_s06,0,36,213.29,80.85,0,0
user_017,user_017_s06,0,37,204.54,101.44,0,0
user_017,user_017_s06,0,38,112.79,85.6,0,0
user_017,user_017_s06,0,39,165.36,124.24,0,0
user_017,user_017_s07,0,0,232.26,115.24,0,0
user_017,user_017_s07,0,1,302.93,130.87,0,0
user_017,user_017_s07,0,2,164.52,101.99,0,0
user_017,user_017_s07,0,3,241.38,135.31,0,0
user_017,user_017_s07,0,4,272.79,155.72,0,0
user_017,user_017_s07,0,5,279.62,88.73,0,0
user_017,user_017_s07,0,6,274.09,106.5,0,0
user_017,user_017_s07,0,7,204.71,81.54,0,1
user_017,user_017_s07,0,8,252.7,90.87,0,0
user_017,user_017_s07,0,9,147.88,120.72,0,0
user_017,user_017_s07,0,10,292.11,75.04,0,0
user_017,user_017_s07,0,11,151.47,94.95,0,0
user_017,user_017_s07,0,12,272.71,135.25,0,0
user_017,user_017_s07,0,13,261.14,117.0,0,0
user_017,user_017_s07,0,14,260.79,128.97,0,0
user_017,user_017_s07,0,15,317.3,83.66,0,0
user_017,user_017_s07,0,16,261.62,113.58,0,0
user_017,user_017_s07,0,17,130.9,153.56,0,0
user_017,user_017_s07,0,18,236.21,97.54,0,1
user_017,user_017_s07,0,19,99.98,101.36,0,0
user_017,user_017_s07,0,20,198.79,124.87,0,0
user_017,user_017_s07,0,21,180.58,92.31,0,0
user_017,user_017_s07,0,22,238.84,127.85,0,0
user_017,user_017_s07,0,23,158.57,72.6,0,0
user_017,user_017_s07,0,24,160.22,58.77,0,0
user_017,user_017_s07,0,25,231.34,119.0,0,0
user_017,user_017_s07,0,26,268.35,90.55,0,0
user_017,user_017_s07,0,27,203.94,99.65,0,0
user_017,user_017_s07,0,28,331.45,131.36,0,0
user_017,user_017_s07,0,29,184.93,125.81,0,0
user_017,user_017_s07,0,30,241.15,85.11,0,0
user_017,user_017_s07,0,31,222.55,123.51,0,0
user_017,user_017_s07,0,32,184.96,105.49,0,0
user_017,user_017_s07,0,33,275.86,121.25,0,0
user_017,user_017_s07,0,34,154.87,111.64,0,0
user_017,user_017_s07,0,35,89.73,79.04,0,1
user_017,user_017_s07,0,36,196.86,96.41,0,0
user_017,user_017_s07,0,37,189.68,59.07,0,0
user_017,user_017_s07,0,38,262.2,116.16,0,1
user_017,user_017_s07,0,39,135.12,120.81,0,0
user_017,user_017_s08,0,0,211.11,97.97,0,0
user_017,user_017_s08,0,1,183.8,136.68,0,0
user_017,user_017_s08,0,2,222.47,107.18,0,0
user_017,user_017_s08,0,3,192.05,117.97,0,1
user_017,user_017_s08,0,4,138.1,92.99,0,0
user_017,user_017_s08,0,5,209.87,107.84,0,0
user_017,user_017_s08,0,6,179.46,87.53,0,0
user_017,user_017_s08,0,7,230.66,86.55,0,0
user_017,user_017_s08,0,8,174.54,95.4,0,0
user_017,user_017_s08,0,9,164.19,89.2,1,0
user_017,user_017_s08,0,10,160.04,127.28,0,0
user_017,user_017_s08,0,11,141.37,117.2,0,0
user_017,user_017_s08,0,12,161.23,54.08,0,0
user_017,user_017_s08,0,13,213.67,142.37,0,0
user_017,user_017_s08,0,14,148.75,118.56,0,0
user_017,user_017_s08,0,15,125.35,129.63,0,0
user_017,user_017_s08,0,16,233.32,100.71,0,0
user_017,user_017_s08,0,17,182.35,71.63,0,0
user_017,user_017_s08,0,18,232.14,75.37,0,0
user_017,user_017_s08,0,19,177.84,141.99,0,0
user_017,user_017_s08,0,20,158.52,68.7,0,0
user_017,user_017_s08,0,21,94.15,72.69,0,0
user_017,user_017_s08,0,22,127.85,94.95,0,0
user_017,user_017_s08,0,23,141.99,74.03,0,0
user_017,user_017_s08,0,24,205.38,116.19,0,0
user_017,user_017_s08,0,25,183.95,117.89,0,0
user_017,user_017_s08,0,26,133.59,113.56,0,0
user_017,user_017_s08,0,27,40.0,90.97,0,0
user_017,user_017_s08,0,28,215.36,110.82,0,0
user_017,user_017_s08,0,29,238.15,143.67,0,0
user_017,user_017_s08,0,30,964.86,72.95,0,0
user_017,user_017_s08,0,31,136.93,129.01,0,0
user_017,user_017_s08,0,32,246.37,122.23,0,0
user_017,user_017_s08,0,33,221.04,102.15,0,0
user_017,user_017_s08,0,34,220.78,108.12,0,0
user_017,user_017_s08,0,35,156.46,112.31,0,0
user_017,user_017_s08,0,36,182.65,83.0,0,0
user_017,user_017_s08,0,37,290.58,68.59,0,0
user_017,user_017_s08,0,38,282.11,124.39,0,0
user_017,user_017_s08,0,39,187.29,77.11,0,0
user_017,user_017_s09,0,0,104.88,116.11,0,0
user_017,user_017_s09,0,1,278.39,58.67,0,0
user_017,user_017_s09,0,2,136.71,93.93,0,0
user_017,user_017_s09,0,3,166.86,75.22,0,0
user_017,user_017_s09,0,4,204.36,162.14,0,0
user_017,user_017_s09,0,5,299.18,77.13,0,0
user_017,user_017_s09,0,6,157.84,66.29,0,0
user_017,user_017_s09,0,7,129.83,38.3,0,0
user_017,user_017_s09,0,8,207.7,76.42,0,0
user_017,user_017_s09,0,9,295.1,101.9,0,0
user_017,user_017_s09,0,10,187.83,123.09,0,0
user_017,user_017_s09,0,11,164.67,75.67,0,0
user_017,user_017_s09,0,12,201.86,124.94,0,0
user_017,user_017_s09,0,13,66.31,97.79,0,0
user_017,user_017_s09,0,14,146.56,88.53,0,0
user_017,user_017_s09,0,15,80.05,102.99,0,1
user_017,user_017_s09,0,16,160.57,130.35,0,0
user_017,user_017_s09,0,17,152.17,100.32,0,0
user_017,user_017_s09,0,18,1155.47,74.84,0,0
user_017,user_017_s09,0,19,190.2,108.52,0,0
user_017,user_017_s09,0,20,214.32,108.17,0,0
user_017,user_017_s09,0,21,169.73,95.01,0,0
user_017,user_017_s09,0,22,96.37,121.65,0,0
user_017,user_017_s09,0,23,249.88,48.88,0,0
user_017,user_017_s09,0,24,284.6,107.04,0,0
user_017,user_017_s09,0,25,202.34,116.43,0,0
user_017,user_017_s09,0,26,160.89,67.35,0,0
user_017,user_017_s09,0,27,161.61,66.59,0,0
user_017,user_017_s09,0,28,204.17,121.13,0,0
user_017,user_017_s09,0,29,185.3,125.01,0,0
user_017,user_017_s09,0,30,204.29,129.08,0,0
user_017,user_017_s09,0,31,205.08,83.96,1,0
user_017,user_017_s09,0,32,139.79,103.61,0,0
user_017,user_017_s09,0,33,135.14,106.52,0,0
user_017,user_017_s09,0,34,164.95,61.67,0,0
user_017,user_017_s09,0,35,206.04,102.65,0,0
user_017,user_017_s09,0,36,94.67,102.24,0,0
user_017,user_017_s09,0,37,167.79,115.58,0,0
user_017,user_017_s09,0,38,178.38,86.63,0,0
user_017,user_017_s09,0,39,153.61,126.68,0,0
user_017,user_017_s10,1,0,317.29,132.75,0,0
user_017,user_017_s10,1,1,187.42,147.77,0,0
user_017,user_017_s10,1,2,40.0,126.49,0,0
user_017,user_017_s10,1,3,196.1,57.07,0,0
user_017,user_017_s10,1,4,458.79,92.87,0,0
user_017,user_017_s10,1,5,289.16,132.46,0,1
user_017,user_017_s10,1,6,308.67,124.02,0,0
user_017,user_017_s10,1,7,367.31,172.89,0,0
user_017,user_017_s10,1,8,154.24,168.63,0,0
user_017,user_017_s10,1,9,284.12,113.91,0,0
user_017,user_017_s10,1,10,319.38,94.51,0,0
user_017,user_017_s10,1,11,142.95,178.13,0,0
user_017,user_017_s10,1,12,301.26,150.5,1,0
user_017,user_017_s10,1,13,415.01,110.89,1,0
user_017,user_017_s10,1,14,207.9,85.48,0,0
user_017,user_017_s10,1,15,46.5,108.24,0,0
user_017,user_017_s10,1,16,277.9,160.4,0,0
user_017,user_017_s10,1,17,176.65,223.65,0,0
user_017,user_017_s10,1,18,278.94,130.9,0,1
user_017,user_017_s10,1,19,153.99,100.57,0,0
user_017,user_017_s10,1,20,1151.75,246.63,0,0
user_017,user_017_s10,1,21,406.69,123.09,0,0
user_017,user_017_s10,1,22,253.43,102.47,0,0
user_017,user_017_s10,1,23,905.42,121.36,0,0
user_017,user_017_s10,1,24,302.71,118.93,0,0
user_017,user_017_s10,1,25,259.26,203.32,0,0
user_017,user_017_s10,1,26,282.87,59.5,0,0
user_017,user_017_s10,1,27,375.67,170.3,0,0
user_017,user_017_s10,1,28,962.53,140.72,0,0
user_017,user_017_s10,1,29,221.65,114.06,0,0
user_017,user_017_s10,1,30,131.12,124.85,0,0
user_017,user_017_s10,1,31,280.44,129.01,0,1
user_017,user_017_s10,1,32,277.24,145.56,0,0
user_017,user_017_s10,1,33,225.11,119.21,0,0
user_017,user_017_s10,1,34,348.06,138.06,0,0
user_017,user_017_s10,1,35,1350.43,103.29,0,1
user_017,user_017_s10,1,36,272.33,247.83,0,0
user_017,user_017_s10,1,37,330.23,190.55,0,0
user_017,user_017_s10,1,38,190.64,165.12,0,0
user_017,user_017_s10,1,39,89.1,119.58,0,0
user_017,user_017_s11,0,0,251.54,125.88,0,1
user_017,user_017_s11,0,1,237.15,103.38,0,0
user_017,user_017_s11,0,2,302.6,86.18,0,0
user_017,user_017_s11,0,3,242.39,84.65,0,0
user_017,user_017_s11,0,4,255.15,96.08,0,0
user_017,user_017_s11,0,5,196.38,110.37,0,0
user_017,user_017_s11,0,6,172.55,101.8,0,0
user_017,user_017_s11,0,7,253.95,94.62,0,0
user_017,user_017_s11,0,8,137.69,120.28,0,0
user_017,user_017_s11,0,9,214.88,95.24,0,0
user_017,user_017_s11,0,10,158.19,92.24,0,0
user_017,user_017_s11,0,11,210.24,126.03,0,0
user_017,user_017_s11,0,12,206.32,117.48,0,0
user_017,user_017_s11,0,13,200.55,78.45,0,0
user_017,user_017_s11,0,14,190.62,76.13,0,0
user_017,user_017_s11,0,15,220.86,81.03,0,0
user_017,user_017_s11,0,16,229.67,104.7,0,0
user_017,user_017_s11,0,17,114.73,131.28,0,0
user_017,user_017_s11,0,18,189.1,137.19,0,0
user_017,user_017_s11,0,19,168.62,121.87,0,0
user_017,user_017_s11,0,20,202.26,147.42,0,0
user_017,user_017_s11,0,21,759.99,109.81,1,0
user_017,user_017_s11,0,22,261.66,129.75,0,0
user_017,user_017_s11,0,23,187.84,92.82,0,0
user_017,user_017_s11,0,24,245.81,71.17,0,0
user_017,user_017_s11,0,25,139.27,98.59,0,0
user_017,user_017_s11,0,26,176.17,102.63,0,0
user_017,user_017_s11,0,27,157.82,162.19,0,0
user_017,user_017_s11,0,28,213.23,105.37,0,0
user_017,user_017_s11,0,29,126.48,83.01,0,0
user_017,user_017_s11,0,30,97.7,126.58,0,0
user_017,user_017_s11,0,31,157.22,88.68,0,0
user_017,user_017_s11,0,32,222.43,108.53,0,0
user_017,user_017_s11,0,33,147.1,124.66,0,0
user_017,user_017_s11,0,34,206.19,84.9,0,0
user_017,user_017_s11,0,35,156.03,138.73,0,0
user_017,user_017_s11,0,36,95.28,130.14,0,0
user_017,user_017_s11,0,37,238.41,113.14,0,0
user_017,user_017_s11,0,38,227.28,143.88,0,0
user_017,user_017_s11,0,39,189.41,96.98,0,0
user_017,user_017_s12,0,0,160.73,82.24,0,0
user_017,user_017_s12,0,1,193.09,64.35,0,0
user_017,user_017_s12,0,2,102.63,89.64,0,0
user_017,user_017_s12,0,3,151.68,101.41,0,0
user_017,user_017_s12,0,4,132.98,122.8,0,0
user_017,user_017_s12,0,5,200.47,73.3,0,0
user_017,user_017_s12,0,6,831.91,79.21,0,0
user_017,user_017_s12,0,7,120.4,86.41,0,0
user_017,user_017_s12,0,8,1173.16,80.3,0,0
user_017,user_017_s12,0,9,174.1,86.02,0,0
user_017,user_017_s12,0,10,220.56,76.56,0,0
user_017,user_017_s12,0,11,141.47,106.5,0,0
user_017,user_017_s12,0,12,209.42,86.72,0,0
user_017,user_017_s12,0,13,224.5,97.57,0,0
user_017,user_017_s12,0,14,180.76,104.02,0,0
user_017,user_017_s12,0,15,292.25,67.02,0,0
user_017,user_017_s12,0,16,203.98,110.38,0,0
user_017,user_017_s12,0,17,273.84,101.94,0,0
user_017,user_017_s12,0,18,315.55,101.96,0,0
user_017,user_017_s12,0,19,85.05,94.4,0,0
user_017,user_017_s12,0,20,240.26,91.41,0,0
user_017,user_017_s12,0,21,205.34,98.52,0,0
user_017,user_017_s12,0,22,190.35,99.44,0,0
user_017,user_017_s12,0,23,140.66,71.39,0,0
user_017,user_017_s12,0,24,128.0,131.96,0,0
user_017,user_017_s12,0,25,119.1,82.04,0,0
user_017,user_017_s12,0,26,299.14,98.8,0,0
user_017,user_017_s12,0,27,203.75,122.95,0,0
user_017,user_017_s12,0,28,102.29,89.82,0,0
user_017,user_017_s12,0,29,119.13,102.54,0,0
user_017,user_017_s12,0,30,65.69,49.17,0,0
user_017,user_017_s12,0,31,242.42,53.77,0,0
user_017,user_017_s12,0,32,179.46,96.77,0,0
user_017,user_017_s12,0,33,204.95,101.5,0,0
user_017,user_017_s12,0,34,177.11,121.65,0,0
user_017,user_017_s12,0,35,229.05,114.94,0,0
user_017,user_017_s12,0,36,155.17,62.34,0,0
user_017,user_017_s12,0,37,193.21,125.21,0,0
user_017,user_017_s12,0,38,192.03,71.17,0,0
user_017,user_017_s12,0,39,113.21,116.3,0,0
user_017,user_017_s13,0,0,208.47,89.47,0,0
user_017,user_017_s13,0,1,198.4,121.85,0,0
user_017,user_017_s13,0,2,225.34,102.43,0,0
user_017,user_017_s13,0,3,207.28,108.38,0,0
user_017,user_017_s13,0,4,530.92,103.49,0,0
user_017,user_017_s13,0,5,144.31,50.1,0,0
user_017,user_017_s13,0,6,183.3,74.81,0,0
user_017,user_017_s13,0,7,204.36,92.18,0,0
user_017,user_017_s13,0,8,224.06,105.22,0,0
user_017,user_017_s13,0,9,208.88,76.67,0,0
user_017,user_017_s13,0,10,140.01,75.99,0,0
user_017,user_017_s13,0,11,229.18,91.44,0,0
user_017,user_017_s13,0,12,134.28,127.45,0,0
user_017,user_017_s13,0,13,248.15,50.98,0,0
user_017,user_017_s13,0,14,251.81,40.02,0,0
user_017,user_017_s13,0,15,178.18,136.45,0,0
user_017,user_017_s13,0,16,143.12,64.67,0,0
user_017,user_017_s13,0,17,140.49,89.39,0,0
user_017,user_017_s13,0,18,118.62,65.32,0,0
user_017,user_017_s13,0,19,128.03,91.65,0,0
user_017,user_017_s13,0,20,168.82,95.31,0,0
user_017,user_017_s13,0,21,147.99,133.71,0,0
user_017,user_017_s13,0,22,90.27,114.14,0,0
user_017,user_017_s13,0,23,152.16,70.1,0,0
user_017,user_017_s13,0,24,183.84,56.37,0,0
user_017,user_017_s13,0,25,160.1,109.29,0,0
user_017,user_017_s13,0,26,129.56,86.88,0,0
user_017,user_017_s13,0,27,47.34,82.41,0,0
user_017,user_017_s13,0,28,241.67,124.34,0,0
user_017,user_017_s13,0,29,176.56,59.7,0,0
user_017,user_017_s13,0,30,196.36,90.25,0,0
user_017,user_017_s13,0,31,188.67,112.17,0,0
user_017,user_017_s13,0,32,206.06,72.36,0,0
user_017,user_017_s13,0,33,191.95,126.84,0,0
user_017,user_017_s13,0,34,184.15,76.07,0,0
user_017,user_017_s13,0,35,220.68,96.76,0,0
user_017,user_017_s13,0,36,232.47,83.06,0,0
user_017,user_017_s13,0,37,254.74,38.08,0,0
user_017,user_017_s13,0,38,133.02,89.06,0,0
user_017,user_017_s13,0,39,192.44,115.72,0,0
user_018,user_018_s00,0,0,188.18,74.36,0,0
user_018,user_018_s00,0,1,178.91,62.07,0,0
user_018,user_018_s00,0,2,174.57,66.89,0,0
user_018,user_018_s00,0,3,102.02,107.98,0,0
user_018,user_018_s00,0,4,767.27,58.79,0,0
user_018,user_018_s00,0,5,1324.29,42.14,0,0
user_018,user_018_s00,0,6,158.24,78.09,0,0
user_018,user_018_s00,0,7,70.84,81.62,0,0
user_018,user_018_s00,0,8,163.63,65.71,0,0
user_018,user_018_s00,0,9,153.28,60.54,0,0
user_018,user_018_s00,0,10,125.65,77.26,0,0
user_018,user_018_s00,0,11,137.74,47.26,0,0
user_018,user_018_s00,0,12,1046.07,82.45,0,0
user_018,user_018_s00,0,13,993.35,67.17,0,0
user_018,user_018_s00,0,14,171.75,101.63,0,0
user_018,user_018_s00,0,15,277.29,80.4,0,0
user_018,user_018_s00,0,16,143.08,71.03,0,0
user_018,user_018_s00,0,17,102.69,69.51,0,1
user_018,user_018_s00,0,18,40.02,35.66,0,0
user_018,user_018_s00,0,19,64.76,71.61,0,0
user_018,user_018_s00,0,20,97.07,70.04,0,0
user_018,user_018_s00,0,21,168.92,75.1,0,0
user_018,user_018_s00,0,22,115.07,70.3,0,0
user_018,user_018_s00,0,23,1020.64,102.45,0,0
user_018,user_018_s00,0,24,98.33,68.73,0,0
user_018,user_018_s00,0,25,989.89,57.31,0,0
user_018,user_018_s00,0,26,178.01,41.01,0,1
user_018,user_018_s00,0,27,114.71,65.22,0,0
user_018,user_018_s00,0,28,156.29,53.28,0,0
user_018,user_018_s00,0,29,112.81,48.29,0,0
user_018,user_018_s00,0,30,73.5,67.88,0,0
user_018,user_018_s00,0,31,162.18,96.69,0,0
user_018,user_018_s00,0,32,155.18,92.65,0,0
user_018,user_018_s00,0,33,164.16,48.61,0,0
user_018,user_018_s00,0,34,182.14,74.8,0,0
user_018,user_018_s00,0,35,122.33,82.48,0,0
user_018,user_018_s00,0,36,125.98,85.69,0,0
user_018,user_018_s00,0,37,120.53,105.93,0,0
user_018,user_018_s00,0,38,151.83,50.84,0,0
user_018,user_018_s00,0,39,127.79,56.48,0,0
user_018,user_018_s01,1,0,317.9,83.46,0,0
user_018,user_018_s01,1,1,232.48,72.03,0,0
user_018,user_018_s01,1,2,43.51,131.26,0,0
user_018,user_018_s01,1,3,113.31,100.65,0,0
user_018,user_018_s01,1,4,140.0,154.5,0,0
user_018,user_018_s01,1,5,75.69,109.55,0,0
user_018,user_018_s01,1,6,129.73,127.69,0,0
user_018,user_018_s01,1,7,183.56,20.0,1,0
user_018,user_018_s01,1,8,213.16,94.06,0,0
user_018,user_018_s01,1,9,289.6,107.87,0,0
user_018,user_018_s01,1,10,158.05,111.58,0,0
user_018,user_018_s01,1,11,130.09,152.66,0,0
user_018,user_018_s01,1,12,40.0,115.42,1,0
user_018,user_018_s01,1,13,195.16,41.87,0,0
user_018,user_018_s01,1,14,114.79,112.26,0,0
user_018,user_018_s01,1,15,139.35,124.28,1,0
user_018,user_018_s01,1,16,103.49,66.13,1,0
user_018,user_018_s01,1,17,106.33,74.11,0,0
user_018,user_018_s01,1,18,232.48,122.31,0,0
user_018,user_018_s01,1,19,154.66,90.84,0,0
user_018,user_018_s01,1,20,317.33,134.72,0,0
user_018,user_018_s01,1,21,48.07,98.25,0,0
user_018,user_018_s01,1,22,286.04,20.0,0,0
user_018,user_018_s01,1,23,110.86,93.18,0,0
user_018,user_018_s01,1,24,154.86,74.87,0,0
user_018,user_018_s01,1,25,210.09,115.63,0,0
user_018,user_018_s01,1,26,263.56,107.91,0,0
user_018,user_018_s01,1,27,267.52,53.03,0,1
user_018,user_018_s01,1,28,265.57,98.89,0,0
user_018,user_018_s01,1,29,139.55,112.46,0,0
user_018,user_018_s01,1,30,342.58,108.77,0,0
user_018,user_018_s01,1,31,222.25,130.19,0,0
user_018,user_018_s01,1,32,40.0,49.84,0,0
user_018,user_018_s01,1,33,166.43,84.65,0,0
user_018,user_018_s01,1,34,124.83,20.0,0,0
user_018,user_018_s01,1,35,131.66,138.35,0,0
user_018,user_018_s01,1,36,227.1,95.84,0,0
user_018,user_018_s01,1,37,193.99,87.46,0,0
user_018,user_018_s01,1,38,95.22,86.81,0,0
user_018,user_018_s01,1,39,314.18,111.25,0,0
user_018,user_018_s02,1,0,1059.75,126.34,0,0
user_018,user_018_s02,1,1,541.06,103.12,0,0
user_018,user_018_s02,1,2,340.42,122.15,0,0
user_018,user_018_s02,1,3,950.7,34.33,0,0
user_018,user_018_s02,1,4,139.8,106.67,0,0
user_018,user_018_s02,1,5,115.29,92.78,0,0
user_018,user_018_s02,1,6,118.92,114.23,0,0
user_018,user_018_s02,1,7,123.43,124.07,0,0
user_018,user_018_s02,1,8,58.94,55.03,0,0
user_018,user_018_s02,1,9,246.08,91.06,0,0
user_018,user_018_s02,1,10,184.25,146.36,0,0
user_018,user_018_s02,1,11,159.98,106.91,0,0
user_018,user_018_s02,1,12,270.47,91.43,0,0
user_018,user_018_s02,1,13,342.28,48.64,0,0
user_018,user_018_s02,1,14,1100.39,116.05,0,0
user_018,user_018_s02,1,15,328.61,42.04,0,0
user_018,user_018_s02,1,16,171.0,88.44,0,0
user_018,user_018_s02,1,17,43.91,76.46,1,0
user_018,user_018_s02,1,18,212.72,110.33,0,0
user_018,user_018_s02,1,19,162.02,72.35,0,0
user_018,user_018_s02,1,20,255.58,82.69,0,0
user_018,user_018_s02,1,21,187.13,60.4,0,0
user_018,user_018_s02,1,22,207.37,85.76,0,0
user_018,user_018_s02,1,23,131.56,103.49,0,0
user_018,user_018_s02,1,24,74.78,81.97,0,0
user_018,user_018_s02,1,25,244.21,83.27,0,0
user_018,user_018_s02,1,26,122.97,101.57,0,0
user_018,user_018_s02,1,27,211.73,133.6,0,0
user_018,user_018_s02,1,28,315.43,123.78,0,0
user_018,user_018_s02,1,29,157.92,45.74,0,0
user_018,user_018_s02,1,30,240.22,124.65,0,1
user_018,user_018_s02,1,31,1371.71,147.64,0,1
user_018,user_018_s02,1,32,138.31,122.29,0,0
user_018,user_018_s02,1,33,40.0,20.0,0,0
user_018,user_018_s02,1,34,169.44,105.4,1,0
user_018,user_018_s02,1,35,157.5,148.23,0,0
user_018,user_018_s02,1,36,89.87,78.09,0,0
user_018,user_018_s02,1,37,40.0,206.3,0,0
user_018,user_018_s02,1,38,40.0,20.0,0,0
user_018,user_018_s02,1,39,344.09,100.86,0,0
user_018,user_018_s03,1,0,202.51,84.25,0,0
user_018,user_018_s03,1,1,1281.95,55.08,0,0
user_018,user_018_s03,1,2,40.0,159.39,0,0
user_018,user_018_s03,1,3,194.73,146.06,0,0
user_018,user_018_s03,1,4,51.4,120.13,0,0
user_018,user_018_s03,1,5,128.62,108.45,0,0
user_018,user_018_s03,1,6,95.54,127.32,0,0
user_018,user_018_s03,1,7,642.79,35.47,0,0
user_018,user_018_s03,1,8,118.78,113.51,0,0
user_018,user_018_s03,1,9,244.54,159.63,0,0
user_018,user_018_s03,1,10,227.7,150.92,0,0
user_018,user_018_s03,1,11,203.25,58.73,0,0
user_018,user_018_s03,1,12,324.35,113.24,0,1
user_018,user_018_s03,1,13,528.21,55.54,0,1
user_018,user_018_s03,1,14,246.96,111.98,0,0
user_018,user_018_s03,1,15,291.12,71.89,0,0
user_018,user_018_s03,1,16,221.92,66.69,1,0
user_018,user_018_s03,1,17,262.45,120.85,0,0
user_018,user_018_s03,1,18,40.0,73.05,0,1
user_018,user_018_s03,1,19,40.0,70.01,0,0
user_018,user_018_s03,1,20,40.0,120.56,0,0
user_018,user_018_s03,1,21,122.15,39.72,0,0
user_018,user_018_s03,1,22,1240.01,90.86,0,0
user_018,user_018_s03,1,23,219.17,37.27,0,0
user_018,user_018_s03,1,24,147.94,45.3,0,0
user_018,user_018_s03,1,25,253.79,156.68,0,0
user_018,user_018_s03,1,26,229.94,86.7,0,0
user_018,user_018_s03,1,27,41.61,73.43,0,0
user_018,user_018_s03,1,28,242.71,142.58,0,1
user_018,user_018_s03,1,29,282.78,176.32,0,0
user_018,user_018_s03,1,30,1228.57,116.15,1,0
user_018,user_018_s03,1,31,182.24,150.07,0,0
user_018,user_018_s03,1,32,377.75,80.73,0,0
user_018,user_018_s03,1,33,146.39,107.46,0,0
user_018,user_018_s03,1,34,447.5,105.38,0,0
user_018,user_018_s03,1,35,125.42,119.34,0,0
user_018,user_018_s03,1,36,1062.8,147.6,1,0
user_018,user_018_s03,1,37,222.61,40.25,0,0
user_018,user_018_s03,1,38,355.26,65.8,0,0
user_018,user_018_s03,1,39,340.38,83.66,1,0
user_018,user_018_s04,0,0,71.28,42.08,0,0
user_018,user_018_s04,0,1,48.52,20.0,0,0
user_018,user_018_s04,0,2,133.32,50.04,0,0
user_018,user_018_s04,0,3,153.53,72.79,0,0
user_018,user_018_s04,0,4,110.39,77.43,0,0
user_018,user_018_s04,0,5,168.63,67.96,0,0
user_018,user_018_s04,0,6,121.69,72.44,0,0
user_018,user_018_s04,0,7,123.12,96.29,0,0
user_018,user_018_s04,0,8,55.95,70.33,0,0
user_018,user_018_s04,0,9,105.35,77.01,0,0
user_018,user_018_s04,0,10,173.1,101.77,0,0
user_018,user_018_s04,0,11,196.78,34.07,0,0
user_018,user_018_s04,0,12,117.92,104.02,0,0
user_018,user_018_s04,0,13,578.82,20.0,0,0
user_018,user_018_s04,0,14,821.4,53.65,0,0
user_018,user_018_s04,0,15,80.82,58.95,1,0
user_018,user_018_s04,0,16,143.14,37.61,0,0
user_018,user_018_s04,0,17,136.83,66.78,0,0
user_018,user_018_s04,0,18,180.76,69.04,0,0
user_018,user_018_s04,0,19,85.9,84.76,0,0
user_018,user_018_s04,0,20,143.05,84.12,0,0
user_018,user_018_s04,0,21,114.54,73.5,0,0
user_018,user_018_s04,0,22,148.48,92.27,0,0
user_018,user_018_s04,0,23,188.03,82.87,0,0
user_018,user_018_s04,0,24,200.74,63.6,0,0
user_018,user_018_s04,0,25,1268.28,72.42,0,0
user_018,user_018_s04,0,26,78.19,57.43,0,0
user_018,user_018_s04,0,27,103.89,45.71,0,0
user_018,user_018_s04,0,28,177.35,78.56,0,0
user_018,user_018_s04,0,29,157.41,40.28,0,0
user_018,user_018_s04,0,30,114.33,66.33,0,0
user_018,user_018_s04,0,31,81.86,24.4,0,0
user_018,user_018_s04,0,32,40.0,71.47,0,0
user_018,user_018_s04,0,33,48.2,55.61,0,0
user_018,user_018_s04,0,34,112.2,81.34,0,0
user_018,user_018_s04,0,35,112.96,65.64,0,0
user_018,user_018_s04,0,36,147.79,67.52,0,0
user_018,user_018_s04,0,37,157.25,71.09,0,0
user_018,user_018_s04,0,38,239.56,57.91,0,0
user_018,user_018_s04,0,39,89.14,58.8,0,0
user_018,user_018_s05,0,0,182.36,86.89,0,0
user_018,user_018_s05,0,1,195.46,78.62,0,0
user_018,user_018_s05,0,2,99.4,91.11,0,0
user_018,user_018_s05,0,3,189.48,73.43,0,0
user_018,user_018_s05,0,4,151.66,89.91,0,0
user_018,user_018_s05,0,5,96.65,50.43,0,0
user_018,user_018_s05,0,6,161.31,48.22,0,0
user_018,user_018_s05,0,7,159.81,77.69,0,0
user_018,user_018_s05,0,8,214.64,89.57,0,0
user_018,user_018_s05,0,9,197.59,70.47,0,0
user_018,user_018_s05,0,10,103.84,88.65,0,0
user_018,user_018_s05,0,11,155.05,82.13,0,0
user_018,user_018_s05,0,12,154.52,35.27,0,0
user_018,user_018_s05,0,13,150.61,122.13,0,0
user_018,user_018_s05,0,14,122.99,50.97,0,0
user_018,user_018_s05,0,15,225.27,57.21,0,0
user_018,user_018_s05,0,16,107.19,98.81,0,0
user_018,user_018_s05,0,17,220.89,76.36,0,0
user_018,user_018_s05,0,18,67.37,60.72,1,0
user_018,user_018_s05,0,19,119.19,66.64,0,0
user_018,user_018_s05,0,20,176.1,58.48,0,1
user_018,user_018_s05,0,21,85.84,60.07,0,0
user_018,user_018_s05,0,22,101.63,91.65,0,0
user_018,user_018_s05,0,23,164.7,66.08,0,0
user_018,user_018_s05,0,24,52.29,54.75,0,0
user_018,user_018_s05,0,25,193.0,60.87,0,0
user_018,user_018_s05,0,26,211.56,72.89,0,0
user_018,user_018_s05,0,27,213.69,61.09,0,0
user_018,user_018_s05,0,28,154.3,69.85,0,0
user_018,user_018_s05,0,29,116.89,82.89,0,0
user_018,user_018_s05,0,30,120.13,66.42,0,0
user_018,user_018_s05,0,31,152.4,58.89,0,0
user_018,user_018_s05,0,32,144.57,62.13,0,0
user_018,user_018_s05,0,33,119.25,103.63,0,0
user_018,user_018_s05,0,34,216.8,119.18,0,0
user_018,user_018_s05,0,35,125.91,76.89,0,1
user_018,user_018_s05,0,36,209.51,90.37,0,0
user_018,user_018_s05,0,37,143.09,57.3,0,0
user_018,user_018_s05,0,38,140.01,64.25,0,0
user_018,user_018_s05,0,39,163.86,84.91,0,0
user_018,user_018_s06,0,0,113.33,91.77,0,0
user_018,user_018_s06,0,1,121.18,82.94,0,0
user_018,user_018_s06,0,2,139.22,98.29,0,0
user_018,user_018_s06,0,3,211.48,75.75,0,0
user_018,user_018_s06,0,4,125.41,55.42,0,0
user_018,user_018_s06,0,5,56.76,108.1,0,0
user_018,user_018_s06,0,6,99.68,67.19,0,0
user_018,user_018_s06,0,7,223.46,42.82,0,0
user_018,user_018_s06,0,8,204.9,77.9,0,0
user_018,user_018_s06,0,9,180.34,41.94,0,0
user_018,user_018_s06,0,10,168.51,71.84,0,0
user_018,user_018_s06,0,11,169.08,64.08,0,0
user_018,user_018_s06,0,12,121.8,83.92,0,0
user_018,user_018_s06,0,13,176.74,92.46,0,0
user_018,user_018_s06,0,14,178.68,67.07,0,0
user_018,user_018_s06,0,15,175.61,65.65,0,0
user_018,user_018_s06,0,16,103.94,88.58,0,0
user_018,user_018_s06,0,17,117.55,58.29,0,0
user_018,user_018_s06,0,18,101.8,74.8,0,0
user_018,user_018_s06,0,19,183.18,84.28,0,0
user_018,user_018_s06,0,20,148.73,57.81,0,0
user_018,user_018_s06,0,21,153.15,67.55,0,0
user_018,user_018_s06,0,22,162.26,75.52,0,0
user_018,user_018_s06,0,23,63.55,99.95,1,0
user_018,user_018_s06,0,24,177.47,49.49,0,0
user_018,user_018_s06,0,25,106.81,70.56,0,0
user_018,user_018_s06,0,26,1073.9,100.41,0,0
user_018,user_018_s06,0,27,92.17,92.82,0,0
user_018,user_018_s06,0,28,1344.3,68.05,0,0
user_018,user_018_s06,0,29,130.35,72.1,0,0
user_018,user_018_s06,0,30,64.59,82.65,0,0
user_018,user_018_s06,0,31,522.72,83.06,0,0
user_018,user_018_s06,0,32,123.61,100.9,0,0
user_018,user_018_s06,0,33,174.1,96.0,0,0
user_018,user_018_s06,0,34,1466.5,46.06,0,0
user_018,user_018_s06,0,35,183.37,41.83,0,0
user_018,user_018_s06,0,36,123.85,62.72,0,0
user_018,user_018_s06,0,37,116.11,36.72,0,0
user_018,user_018_s06,0,38,546.79,99.59,0,0
user_018,user_018_s06,0,39,173.63,43.8,0,0
user_018,user_018_s07,0,0,184.78,87.86,0,0
user_018,user_018_s07,0,1,112.72,68.97,0,0
user_018,user_018_s07,0,2,144.75,51.67,0,0
user_018,user_018_s07,0,3,77.94,84.2,0,0
user_018,user_018_s07,0,4,62.07,64.16,0,0
user_018,user_018_s07,0,5,173.52,74.75,0,0
user_018,user_018_s07,0,6,130.51,79.8,0,0
user_018,user_018_s07,0,7,66.72,100.87,0,0
user_018,user_018_s07,0,8,170.78,63.02,0,0
user_018,user_018_s07,0,9,40.0,54.83,0,0
user_018,user_018_s07,0,10,90.11,104.38,0,0
user_018,user_018_s07,0,11,47.85,71.75,0,0
user_018,user_018_s07,0,12,189.89,60.85,0,0
user_018,user_018_s07,0,13,108.8,78.88,1,0
user_018,user_018_s07,0,14,134.25,64.86,0,0
user_018,user_018_s07,0,15,145.44,66.36,0,0
user_018,user_018_s07,0,16,170.49,122.81,0,0
user_018,user_018_s07,0,17,164.86,52.05,0,0
user_018,user_018_s07,0,18,170.12,43.11,0,0
user_018,user_018_s07,0,19,117.15,96.03,0,0
user_018,user_018_s07,0,20,172.7,64.15,0,0
user_018,user_018_s07,0,21,97.78,78.02,0,1
user_018,user_018_s07,0,22,110.37,84.36,0,1
user_018,user_018_s07,0,23,54.01,36.92,0,0
user_018,user_018_s07,0,24,213.59,94.34,0,0
user_018,user_018_s07,0,25,1292.02,60.53,0,0
user_018,user_018_s07,0,26,200.4,109.4,1,0
user_018,user_018_s07,0,27,157.01,55.86,0,0
user_018,user_018_s07,0,28,140.23,102.79,0,0
user_018,user_018_s07,0,29,148.56,106.38,0,0
user_018,user_018_s07,0,30,77.43,61.96,0,0
user_018,user_018_s07,0,31,210.07,67.9,0,0
user_018,user_018_s07,0,32,112.37,65.44,0,0
user_018,user_018_s07,0,33,180.63,101.87,0,0
user_018,user_018_s07,0,34,103.35,75.25,0,0
user_018,user_018_s07,0,35,1395.53,82.26,0,0
user_018,user_018_s07,0,36,228.83,68.83,0,0
user_018,user_018_s07,0,37,100.36,81.06,0,0
user_018,user_018_s07,0,38,153.27,82.35,0,0
user_018,user_018_s07,0,39,40.0,59.83,0,0
user_018,user_018_s08,0,0,166.35,70.76,0,0
user_018,user_018_s08,0,1,150.38,101.03,0,0
user_018,user_018_s08,0,2,1534.18,61.09,0,0
user_018,user_018_s08,0,3,121.46,41.83,0,0
user_018,user_018_s08,0,4,166.98,109.43,0,0
user_018,user_018_s08,0,5,86.74,45.32,1,0
user_018,user_018_s08,0,6,109.9,34.32,0,0
user_018,user_018_s08,0,7,67.17,71.88,0,0
user_018,user_018_s08,0,8,176.65,73.66,0,0
user_018,user_018_s08,0,9,116.84,74.64,0,0
user_018,user_018_s08,0,10,130.68,82.99,0,0
user_018,user_018_s08,0,11,140.68,62.33,0,0
user_018,user_018_s08,0,12,107.32,62.62,0,0
user_018,user_018_s08,0,13,160.01,54.15,0,0
user_018,user_018_s08,0,14,201.51,68.26,0,0
user_018,user_018_s08,0,15,167.82,76.31,0,0
user_018,user_018_s08,0,16,40.0,83.55,0,0
user_018,user_018_s08,0,17,124.62,47.71,0,0
user_018,user_018_s08,0,18,1506.76,40.78,0,1
user_018,user_018_s08,0,19,180.86,83.12,0,0
user_018,user_018_s08,0,20,699.47,55.03,0,0
user_018,user_018_s08,0,21,67.49,45.97,0,0
user_018,user_018_s08,0,22,160.66,28.79,0,0
user_018,user_018_s08,0,23,118.21,93.5,0,0
user_018,user_018_s08,0,24,88.19,71.02,0,0
user_018,user_018_s08,0,25,106.25,76.38,0,0
user_018,user_018_s08,0,26,49.09,74.23,0,0
user_018,user_018_s08,0,27,127.61,69.76,0,0
user_018,user_018_s08,0,28,104.08,65.08,0,0
user_018,user_018_s08,0,29,145.63,64.14,0,0
user_018,user_018_s08,0,30,108.99,46.13,0,1
user_018,user_018_s08,0,31,872.65,30.47,0,0
user_018,user_018_s08,0,32,1058.06,110.15,0,0
user_018,user_018_s08,0,33,106.52,66.3,0,0
user_018,user_018_s08,0,34,507.25,56.85,0,0
user_018,user_018_s08,0,35,170.43,49.63,0,0
user_018,user_018_s08,0,36,117.1,86.39,0,0
user_018,user_018_s08,0,37,40.0,68.42,0,0
user_018,user_018_s08,0,38,40.43,48.39,0,0
user_018,user_018_s08,0,39,170.69,59.51,0,0
user_018,user_018_s09,0,0,150.77,76.56,0,0
user_018,user_018_s09,0,1,171.74,44.08,1,0
user_018,user_018_s09,0,2,1101.88,48.87,0,0
user_018,user_018_s09,0,3,128.67,67.6,0,0
user_018,user_018_s09,0,4,107.2,86.69,0,0
user_018,user_018_s09,0,5,181.65,57.95,0,0
user_018,user_018_s09,0,6,813.94,85.29,0,0
user_018,user_018_s09,0,7,145.53,57.12,1,0
user_018,user_018_s09,0,8,96.56,75.51,0,0
user_018,user_018_s09,0,9,235.84,80.59,1,0
user_018,user_018_s09,0,10,143.92,49.64,0,0
user_018,user_018_s09,0,11,127.24,80.21,0,1
user_018,user_018_s09,0,12,143.92,104.45,0,0
user_018,user_018_s09,0,13,125.01,68.43,0,0
user_018,user_018_s09,0,14,67.55,73.87,0,0
user_018,user_018_s09,0,15,146.38,77.39,0,0
user_018,user_018_s09,0,16,59.46,74.15,0,0
user_018,user_018_s09,0,17,136.67,72.83,0,0
user_018,user_018_s09,0,18,52.43,71.3,0,1
user_018,user_018_s09,0,19,40.0,41.22,0,0
user_018,user_018_s09,0,20,162.0,81.35,0,0
user_018,user_018_s09,0,21,76.74,51.0,0,0
user_018,user_018_s09,0,22,1255.08,79.83,0,0
user_018,user_018_s09,0,23,139.96,86.28,0,1
user_018,user_018_s09,0,24,138.85,80.44,0,0
user_018,user_018_s09,0,25,100.41,54.8,0,0
user_018,user_018_s09,0,26,125.05,78.62,0,0
user_018,user_018_s09,0,27,98.96,68.11,0,0
user_018,user_018_s09,0,28,178.47,60.64,0,0
user_018,user_018_s09,0,29,107.56,113.35,0,0
user_018,user_018_s09,0,30,119.22,54.51,0,0
user_018,user_018_s09,0,31,168.54,82.18,0,0
user_018,user_018_s09,0,32,100.68,102.66,0,0
user_018,user_018_s09,0,33,42.59,79.96,0,0
user_018,user_018_s09,0,34,78.86,60.13,0,0
user_018,user_018_s09,0,35,183.98,61.4,0,1
user_018,user_018_s09,0,36,135.65,44.6,0,0
user_018,user_018_s09,0,37,146.06,74.21,0,0
user_018,user_018_s09,0,38,146.24,74.94,0,0
user_018,user_018_s09,0,39,220.36,67.37,0,0
user_018,user_018_s10,0,0,145.2,74.16,0,0
user_018,user_018_s10,0,1,170.21,58.15,0,0
user_018,user_018_s10,0,2,109.36,75.81,0,0
user_018,user_018_s10,0,3,170.7,95.82,1,0
user_018,user_018_s10,0,4,1099.4,61.2,0,0
user_018,user_018_s10,0,5,140.37,126.69,0,0
user_018,user_018_s10,0,6,232.22,79.21,0,0
user_018,user_018_s10,0,7,157.42,70.22,0,0
user_018,user_018_s10,0,8,111.0,47.21,0,0
user_018,user_018_s10,0,9,210.33,66.8,0,0
user_018,user_018_s10,0,10,159.37,68.78,0,0
user_018,user_018_s10,0,11,222.38,88.81,0,0
user_018,user_018_s10,0,12,41.91,61.88,0,0
user_018,user_018_s10,0,13,119.11,82.31,0,0
user_018,user_018_s10,0,14,119.23,74.55,0,0
user_018,user_018_s10,0,15,40.25,93.08,0,0
user_018,user_018_s10,0,16,142.27,94.65,0,0
user_018,user_018_s10,0,17,745.69,80.35,0,0
user_018,user_018_s10,0,18,40.0,88.92,0,0
user_018,user_018_s10,0,19,95.98,96.04,0,0
user_018,user_018_s10,0,20,202.89,84.39,0,0
user_018,user_018_s10,0,21,179.17,79.24,0,0
user_018,user_018_s10,0,22,98.69,81.85,0,0
user_018,user_018_s10,0,23,97.24,105.74,0,0
user_018,user_018_s10,0,24,176.79,75.96,0,0
user_018,user_018_s10,0,25,40.0,88.2,0,0
user_018,user_018_s10,0,26,163.52,60.28,0,0
user_018,user_018_s10,0,27,43.06,103.54,0,0
user_018,user_018_s10,0,28,215.58,82.65,0,0
user_018,user_018_s10,0,29,166.73,66.86,0,0
user_018,user_018_s10,0,30,42.45,72.33,0,0
user_018,user_018_s10,0,31,115.14,69.38,0,0
user_018,user_018_s10,0,32,1288.23,73.82,0,0
user_018,user_018_s10,0,33,40.0,77.89,0,0
user_018,user_018_s10,0,34,131.87,69.81,0,0
user_018,user_018_s10,0,35,157.95,42.17,0,0
user_018,user_018_s10,0,36,40.0,108.97,0,0
user_018,user_018_s10,0,37,171.09,79.01,1,0
user_018,user_018_s10,0,38,127.84,79.11,0,0
user_018,user_018_s10,0,39,179.57,72.77,0,0
user_018,user_018_s11,0,0,57.82,78.03,0,0
user_018,user_018_s11,0,1,252.95,49.86,0,0
user_018,user_018_s11,0,2,150.96,62.55,0,0
user_018,user_018_s11,0,3,152.18,69.98,0,0
user_018,user_018_s11,0,4,121.39,85.76,0,0
user_018,user_018_s11,0,5,64.73,58.31,0,0
user_018,user_018_s11,0,6,115.82,76.19,0,0
user_018,user_018_s11,0,7,106.4,73.69,0,0
user_018,user_018_s11,0,8,40.0,70.21,0,0
user_018,user_018_s11,0,9,213.0,60.37,0,0
user_018,user_018_s11,0,10,119.6,70.62,1,0
user_018,user_018_s11,0,11,82.68,66.32,0,1
user_018,user_018_s11,0,12,130.16,52.69,0,0
user_018,user_018_s11,0,13,55.57,85.79,1,0
user_018,user_018_s11,0,14,77.46,99.5,0,0
user_018,user_018_s11,0,15,200.34,71.6,0,0
user_018,user_018_s11,0,16,98.23,67.31,0,0
user_018,user_018_s11,0,17,123.14,83.29,0,0
user_018,user_018_s11,0,18,129.18,71.9,0,0
user_018,user_018_s11,0,19,115.39,90.87,0,0
user_018,user_018_s11,0,20,97.29,70.33,0,0
user_018,user_018_s11,0,21,236.73,79.87,0,0
user_018,user_018_s11,0,22,87.24,102.66,0,0
user_018,user_018_s11,0,23,79.65,93.4,0,0
user_018,user_018_s11,0,24,148.41,65.11,0,0
user_018,user_018_s11,0,25,60.23,89.7,0,0
user_018,user_018_s11,0,26,174.76,47.01,0,0
user_018,user_018_s11,0,27,114.05,64.23,0,0
user_018,user_018_s11,0,28,130.45,84.78,0,0
user_018,user_018_s11,0,29,138.72,98.61,0,0
user_018,user_018_s11,0,30,107.18,53.29,0,0
user_018,user_018_s11,0,31,169.51,67.68,0,0
user_018,user_018_s11,0,32,156.31,68.28,0,0
user_018,user_018_s11,0,33,149.69,66.39,0,0
user_018,user_018_s11,0,34,48.83,44.06,0,0
user_018,user_018_s11,0,35,106.72,78.17,0,0
user_018,user_018_s11,0,36,118.51,42.88,0,0
user_018,user_018_s11,0,37,210.34,90.82,0,0
user_018,user_018_s11,0,38,53.81,95.04,0,0
user_018,user_018_s11,0,39,92.34,55.54,0,0
user_018,user_018_s12,0,0,170.73,77.85,0,0
user_018,user_018_s12,0,1,60.81,85.05,0,0
user_018,user_018_s12,0,2,127.43,46.46,0,0
user_018,user_018_s12,0,3,177.66,56.14,0,0
user_018,user_018_s12,0,4,144.12,97.08,0,0
user_018,user_018_s12,0,5,62.43,73.54,0,0
user_018,user_018_s12,0,6,183.72,95.52,0,0
user_018,user_018_s12,0,7,161.12,75.89,1,0
user_018,user_018_s12,0,8,135.28,82.41,0,0
user_018,user_018_s12,0,9,103.03,89.19,0,0
user_018,user_018_s12,0,10,193.4,67.64,0,0
user_018,user_018_s12,0,11,52.98,65.44,0,0
user_018,user_018_s12,0,12,65.88,65.18,0,0
user_018,user_018_s12,0,13,106.58,77.14,0,0
user_018,user_018_s12,0,14,158.08,90.1,0,0
user_018,user_018_s12,0,15,75.33,70.61,0,0
user_018,user_018_s12,0,16,116.02,101.64,0,0
user_018,user_018_s12,0,17,126.12,113.45,0,0
user_018,user_018_s12,0,18,160.12,61.24,0,0
user_018,user_018_s12,0,19,129.33,102.3,0,0
user_018,user_018_s12,0,20,129.51,78.33,0,0
user_018,user_018_s12,0,21,108.02,86.25,0,0
user_018,user_018_s12,0,22,197.16,76.03,0,0
user_018,user_018_s12,0,23,175.84,102.91,0,1
user_018,user_018_s12,0,24,174.05,85.59,0,0
user_018,user_018_s12,0,25,104.43,71.78,0,0
user_018,user_018_s12,0,26,117.62,70.4,0,0
user_018,user_018_s12,0,27,166.73,54.83,0,0
user_018,user_018_s12,0,28,113.9,67.34,0,0
user_018,user_018_s12,0,29,97.06,102.93,0,0
user_018,user_018_s12,0,30,157.41,100.2,0,0
user_018,user_018_s12,0,31,78.12,65.98,0,0
user_018,user_018_s12,0,32,132.67,56.88,0,0
user_018,user_018_s12,0,33,187.39,97.6,0,0
user_018,user_018_s12,0,34,150.29,87.22,0,0
user_018,user_018_s12,0,35,91.07,39.44,0,0
user_018,user_018_s12,0,36,166.55,135.9,0,0
user_018,user_018_s12,0,37,113.23,78.92,0,0
user_018,user_018_s12,0,38,185.07,112.49,0,0
user_018,user_018_s12,0,39,168.36,82.15,0,0
user_018,user_018_s13,0,0,118.36,52.78,0,0
user_018,user_018_s13,0,1,157.89,97.39,0,0
user_018,user_018_s13,0,2,150.23,71.95,0,0
user_018,user_018_s13,0,3,208.22,39.52,0,0
user_018,user_018_s13,0,4,107.86,86.58,0,0
user_018,user_018_s13,0,5,105.41,54.45,0,0
user_018,user_018_s13,0,6,123.67,59.67,0,0
user_018,user_018_s13,0,7,65.87,64.1,0,0
user_018,user_018_s13,0,8,197.88,84.96,0,0
user_018,user_018_s13,0,9,110.87,66.66,0,0
user_018,user_018_s13,0,10,135.86,80.09,0,0
user_018,user_018_s13,0,11,163.73,36.55,0,0
user_018,user_018_s13,0,12,85.91,45.89,0,0
user_018,user_018_s13,0,13,137.06,68.44,0,0
user_018,user_018_s13,0,14,122.91,53.4,0,0
user_018,user_018_s13,0,15,171.73,63.75,1,0
user_018,user_018_s13,0,16,123.71,82.63,0,0
user_018,user_018_s13,0,17,40.0,51.85,0,0
user_018,user_018_s13,0,18,76.88,53.2,0,0
user_018,user_018_s13,0,19,48.81,69.99,0,1
user_018,user_018_s13,0,20,219.0,25.57,0,0
user_018,user_018_s13,0,21,193.54,87.82,0,0
user_018,user_018_s13,0,22,40.0,70.39,0,0
user_018,user_018_s13,0,23,73.1,69.66,0,0
user_018,user_018_s13,0,24,54.51,57.09,0,0
user_018,user_018_s13,0,25,134.04,81.5,0,0
user_018,user_018_s13,0,26,75.82,64.6,0,0
user_018,user_018_s13,0,27,110.1,92.17,0,0
user_018,user_018_s13,0,28,54.89,33.82,0,0
user_018,user_018_s13,0,29,144.66,69.07,0,0
user_018,user_018_s13,0,30,40.0,68.65,0,0
user_018,user_018_s13,0,31,247.6,73.99,0,0
user_018,user_018_s13,0,32,198.0,95.69,0,0
user_018,user_018_s13,0,33,246.54,40.72,0,0
user_018,user_018_s13,0,34,153.4,40.11,0,0
user_018,user_018_s13,0,35,200.61,60.79,0,0
user_018,user_018_s13,0,36,167.63,30.21,0,0
user_018,user_018_s13,0,37,73.4,113.63,0,0
user_018,user_018_s13,0,38,104.8,86.35,0,0
user_018,user_018_s13,0,39,144.35,78.08,0,0
user_019,user_019_s00,0,0,156.59,102.63,0,0
user_019,user_019_s00,0,1,131.92,102.95,0,1
user_019,user_019_s00,0,2,581.09,124.58,0,0
user_019,user_019_s00,0,3,1312.5,103.25,0,0
user_019,user_019_s00,0,4,266.37,128.97,0,0
user_019,user_019_s00,0,5,246.19,109.61,0,0
user_019,user_019_s00,0,6,217.13,117.17,0,0
user_019,user_019_s00,0,7,825.26,113.84,0,0
user_019,user_019_s00,0,8,221.71,127.38,0,0
user_019,user_019_s00,0,9,131.86,136.76,0,0
user_019,user_019_s00,0,10,248.46,96.14,0,0
user_019,user_019_s00,0,11,249.77,147.0,0,0
user_019,user_019_s00,0,12,210.39,98.55,0,0
user_019,user_019_s00,0,13,245.85,111.01,0,0
user_019,user_019_s00,0,14,254.99,104.63,0,0
user_019,user_019_s00,0,15,213.11,142.34,0,0
user_019,user_019_s00,0,16,201.33,94.78,0,0
user_019,user_019_s00,0,17,146.52,127.71,0,0
user_019,user_019_s00,0,18,191.6,73.53,0,0
user_019,user_019_s00,0,19,161.9,129.49,0,0
user_019,user_019_s00,0,20,161.43,110.88,0,0
user_019,user_019_s00,0,21,174.11,107.49,0,0
user_019,user_019_s00,0,22,117.23,101.61,0,0
user_019,user_019_s00,0,23,253.37,113.19,0,0
user_019,user_019_s00,0,24,1223.21,107.85,0,0
user_019,user_019_s00,0,25,261.78,86.81,0,0
user_019,user_019_s00,0,26,245.16,99.89,0,0
user_019,user_019_s00,0,27,231.13,129.2,0,0
user_019,user_019_s00,0,28,244.8,106.96,0,1
user_019,user_019_s00,0,29,215.02,99.78,0,0
user_019,user_019_s00,0,30,268.45,115.28,0,0
user_019,user_019_s00,0,31,184.44,123.47,0,0
user_019,user_019_s00,0,32,207.1,126.46,0,1
user_019,user_019_s00,0,33,195.11,120.68,0,0
user_019,user_019_s00,0,34,301.41,136.81,0,0
user_019,user_019_s00,0,35,178.79,115.33,0,0
user_019,user_019_s00,0,36,267.65,110.05,0,0
user_019,user_019_s00,0,37,144.92,130.59,0,0
user_019,user_019_s00,0,38,212.68,101.3,0,0
user_019,user_019_s00,0,39,199.63,106.94,0,0
user_019,user_019_s01,0,0,156.74,107.19,1,0
user_019,user_019_s01,0,1,281.8,80.04,0,0
user_019,user_019_s01,0,2,169.21,93.01,0,0
user_019,user_019_s01,0,3,223.64,129.52,0,0
user_019,user_019_s01,0,4,181.98,86.61,0,0
user_019,user_019_s01,0,5,122.69,88.45,0,0
user_019,user_019_s01,0,6,156.17,85.3,0,0
user_019,user_019_s01,0,7,1194.5,132.23,0,0
user_019,user_019_s01,0,8,240.6,148.2,0,1
user_019,user_019_s01,0,9,238.86,116.47,0,0
user_019,user_019_s01,0,10,152.68,135.31,0,0
user_019,user_019_s01,0,11,228.78,96.3,0,0
user_019,user_019_s01,0,12,258.25,140.63,0,0
user_019,user_019_s01,0,13,1536.97,104.6,0,0
user_019,user_019_s01,0,14,197.54,130.22,0,0
user_019,user_019_s01,0,15,216.51,117.35,0,0
user_019,user_019_s01,0,16,221.34,82.34,0,0
user_019,user_019_s01,0,17,278.95,101.46,0,0
user_019,user_019_s01,0,18,293.04,121.02,0,0
user_019,user_019_s01,0,19,244.13,83.6,0,0
user_019,user_019_s01,0,20,216.75,123.35,0,0
user_019,user_019_s01,0,21,212.84,91.63,0,0
user_019,user_019_s01,0,22,1591.26,127.87,0,0
user_019,user_019_s01,0,23,223.79,92.66,0,0
user_019,user_019_s01,0,24,190.38,126.06,0,0
user_019,user_019_s01,0,25,305.39,132.98,0,0
user_019,user_019_s01,0,26,177.62,114.74,0,0
user_019,user_019_s01,0,27,274.26,116.37,0,1
user_019,user_019_s01,0,28,112.53,145.36,0,0
user_019,user_019_s01,0,29,201.53,103.35,0,0
user_019,user_019_s01,0,30,198.59,107.96,0,0
user_019,user_019_s01,0,31,224.87,129.72,0,0
user_019,user_019_s01,0,32,197.41,125.67,0,0
user_019,user_019_s01,0,33,278.44,113.36,0,0
user_019,user_019_s01,0,34,203.06,95.36,0,0
user_019,user_019_s01,0,35,166.63,135.88,0,0
user_019,user_019_s01,0,36,169.56,94.93,0,0
user_019,user_019_s01,0,37,192.39,160.04,0,0
user_019,user_019_s01,0,38,247.81,95.72,0,0
user_019,user_019_s01,0,39,256.2,97.39,0,0
user_019,user_019_s02,0,0,258.57,94.69,0,0
user_019,user_019_s02,0,1,255.32,111.71,0,0
user_019,user_019_s02,0,2,235.59,116.99,0,0
user_019,user_019_s02,0,3,276.67,132.95,0,0
user_019,user_019_s02,0,4,177.4,102.48,0,0
user_019,user_019_s02,0,5,193.45,150.7,0,0
user_019,user_019_s02,0,6,204.61,104.92,0,0
user_019,user_019_s02,0,7,291.95,121.17,0,0
user_019,user_019_s02,0,8,244.85,123.01,0,0
user_019,user_019_s02,0,9,254.84,128.34,0,0
user_019,user_019_s02,0,10,214.98,131.15,0,0
user_019,user_019_s02,0,11,261.08,164.69,0,0
user_019,user_019_s02,0,12,151.42,111.64,0,0
user_019,user_019_s02,0,13,204.34,128.59,0,0
user_019,user_019_s02,0,14,213.21,121.25,0,0
user_019,user_019_s02,0,15,201.31,141.0,0,0
user_019,user_019_s02,0,16,208.4,131.11,0,0
user_019,user_019_s02,0,17,1453.69,126.87,0,0
user_019,user_019_s02,0,18,234.31,95.14,0,0
user_019,user_019_s02,0,19,278.53,114.41,0,0
user_019,user_019_s02,0,20,126.69,104.72,0,0
user_019,user_019_s02,0,21,292.17,114.52,0,0
user_019,user_019_s02,0,22,193.19,107.51,0,0
user_019,user_019_s02,0,23,284.19,113.2,0,0
user_019,user_019_s02,0,24,203.94,115.19,0,0
user_019,user_019_s02,0,25,240.38,115.51,0,0
user_019,user_019_s02,0,26,173.42,117.35,0,0
user_019,user_019_s02,0,27,166.97,105.61,0,0
user_019,user_019_s02,0,28,250.17,123.48,0,0
user_019,user_019_s02,0,29,99.94,106.1,0,0
user_019,user_019_s02,0,30,167.02,111.71,0,0
user_019,user_019_s02,0,31,258.76,121.87,0,0
user_019,user_019_s02,0,32,204.09,75.0,0,0
user_019,user_019_s02,0,33,182.43,168.94,0,0
user_019,user_019_s02,0,34,293.77,132.52,0,0
user_019,user_019_s02,0,35,310.04,128.72,0,0
user_019,user_019_s02,0,36,223.29,113.14,0,0
user_019,user_019_s02,0,37,282.24,124.54,0,0
user_019,user_019_s02,0,38,293.5,100.4,0,0
user_019,user_019_s02,0,39,222.52,131.88,0,0
user_019,user_019_s03,0,0,209.79,111.57,0,0
user_019,user_019_s03,0,1,223.69,118.18,0,0
user_019,user_019_s03,0,2,270.02,111.69,0,0
user_019,user_019_s03,0,3,197.2,129.56,0,0
user_019,user_019_s03,0,4,249.26,102.11,0,0
user_019,user_019_s03,0,5,209.27,124.38,0,0
user_019,user_019_s03,0,6,284.96,101.17,0,0
user_019,user_019_s03,0,7,153.93,87.15,0,0
user_019,user_019_s03,0,8,279.37,114.13,0,0
user_019,user_019_s03,0,9,194.4,129.05,0,0
user_019,user_019_s03,0,10,316.77,106.07,0,0
user_019,user_019_s03,0,11,239.16,122.99,0,0
user_019,user_019_s03,0,12,258.37,113.74,0,0
user_019,user_019_s03,0,13,211.56,101.28,0,0
user_019,user_019_s03,0,14,250.53,130.78,0,0
user_019,user_019_s03,0,15,911.27,108.4,0,0
user_019,user_019_s03,0,16,212.42,127.39,0,0
user_019,user_019_s03,0,17,254.4,93.42,0,0
user_019,user_019_s03,0,18,63.43,122.99,0,0
user_019,user_019_s03,0,19,189.19,132.01,0,0
user_019,user_019_s03,0,20,220.0,126.97,0,0
user_019,user_019_s03,0,21,242.25,136.99,0,0
user_019,user_019_s03,0,22,264.01,132.41,0,0
user_019,user_019_s03,0,23,207.32,126.0,0,0
user_019,user_019_s03,0,24,200.94,136.12,0,0
user_019,user_019_s03,0,25,259.36,113.54,0,0
user_019,user_019_s03,0,26,272.32,130.11,0,0
user_019,user_019_s03,0,27,253.26,120.86,0,0
user_019,user_019_s03,0,28,211.93,154.73,0,0
user_019,user_019_s03,0,29,336.99,125.52,0,0
user_019,user_019_s03,0,30,222.69,96.65,0,0
user_019,user_019_s03,0,31,229.03,125.14,0,0
user_019,user_019_s03,0,32,294.61,102.84,0,0
user_019,user_019_s03,0,33,289.75,133.95,0,0
user_019,user_019_s03,0,34,251.77,134.28,0,0
user_019,user_019_s03,0,35,177.27,109.18,0,1
user_019,user_019_s03,0,36,224.23,101.24,0,0
user_019,user_019_s03,0,37,242.97,122.92,0,0
user_019,user_019_s03,0,38,309.38,103.72,0,0
user_019,user_019_s03,0,39,355.57,104.93,1,0
user_019,user_019_s04,1,0,251.8,213.42,0,0
user_019,user_019_s04,1,1,1801.85,221.09,0,0
user_019,user_019_s04,1,2,317.6,206.72,0,1
user_019,user_019_s04,1,3,398.2,172.9,0,0
user_019,user_019_s04,1,4,334.06,182.47,1,0
user_019,user_019_s04,1,5,1683.79,145.43,0,0
user_019,user_019_s04,1,6,243.71,172.9,0,0
user_019,user_019_s04,1,7,294.84,188.0,0,0
user_019,user_019_s04,1,8,1141.55,188.57,0,0
user_019,user_019_s04,1,9,258.89,162.07,1,0
user_019,user_019_s04,1,10,321.37,105.38,1,0
user_019,user_019_s04,1,11,689.61,120.75,0,0
user_019,user_019_s04,1,12,195.25,179.97,0,0
user_019,user_019_s04,1,13,278.93,150.76,0,1
user_019,user_019_s04,1,14,1658.49,185.6,0,0
user_019,user_019_s04,1,15,367.0,129.57,0,0
user_019,user_019_s04,1,16,193.78,206.33,0,0
user_019,user_019_s04,1,17,263.29,137.89,0,0
user_019,user_019_s04,1,18,245.61,209.75,0,0
user_019,user_019_s04,1,19,356.9,119.62,0,0
user_019,user_019_s04,1,20,1157.96,183.76,0,0
user_019,user_019_s04,1,21,379.31,138.07,0,0
user_019,user_019_s04,1,22,1438.9,165.54,0,0
user_019,user_019_s04,1,23,337.91,197.84,0,0
user_019,user_019_s04,1,24,383.74,192.65,0,0
user_019,user_019_s04,1,25,211.99,141.3,0,0
user_019,user_019_s04,1,26,283.06,147.57,0,0
user_019,user_019_s04,1,27,332.8,118.98,0,0
user_019,user_019_s04,1,28,316.18,112.46,0,0
user_019,user_019_s04,1,29,204.93,140.98,0,1
user_019,user_019_s04,1,30,353.29,140.36,0,0
user_019,user_019_s04,1,31,305.01,120.96,1,0
user_019,user_019_s04,1,32,1163.28,159.69,0,0
user_019,user_019_s04,1,33,284.98,164.84,0,0
user_019,user_019_s04,1,34,64.67,165.41,0,0
user_019,user_019_s04,1,35,342.05,142.02,0,0
user_019,user_019_s04,1,36,345.22,148.56,0,0
user_019,user_019_s04,1,37,270.09,156.37,0,0
user_019,user_019_s04,1,38,190.98,190.12,0,1
user_019,user_019_s04,1,39,261.61,145.65,0,0
user_019,user_019_s05,0,0,219.87,115.39,0,1
user_019,user_019_s05,0,1,213.41,102.35,0,0
user_019,user_019_s05,0,2,253.88,94.44,0,0
user_019,user_019_s05,0,3,290.99,120.53,0,0
user_019,user_019_s05,0,4,184.83,98.78,0,0
user_019,user_019_s05,0,5,233.04,112.55,0,1
user_019,user_019_s05,0,6,220.22,109.0,0,0
user_019,user_019_s05,0,7,147.59,109.93,0,0
user_019,user_019_s05,0,8,256.97,83.32,0,0
user_019,user_019_s05,0,9,284.44,57.99,0,0
user_019,user_019_s05,0,10,250.01,132.17,0,0
user_019,user_019_s05,0,11,182.8,137.48,0,0
user_019,user_019_s05,0,12,149.26,69.2,0,0
user_019,user_019_s05,0,13,241.74,124.38,0,0
user_019,user_019_s05,0,14,162.09,120.66,0,0
user_019,user_019_s05,0,15,166.71,92.12,0,0
user_019,user_019_s05,0,16,221.75,133.26,0,0
user_019,user_019_s05,0,17,246.13,137.71,1,0
user_019,user_019_s05,0,18,196.5,136.25,0,0
user_019,user_019_s05,0,19,202.5,148.94,0,0
user_019,user_019_s05,0,20,206.88,135.15,0,0
user_019,user_019_s05,0,21,169.66,101.24,0,0
user_019,user_019_s05,0,22,194.47,116.96,0,0
user_019,user_019_s05,0,23,137.19,123.77,0,0
user_019,user_019_s05,0,24,246.11,144.76,0,0
user_019,user_019_s05,0,25,341.14,111.98,0,0
user_019,user_019_s05,0,26,214.84,104.93,0,0
user_019,user_019_s05,0,27,267.2,86.01,0,0
user_019,user_019_s05,0,28,199.95,132.8,0,0
user_019,user_019_s05,0,29,149.73,120.51,0,0
user_019,user_019_s05,0,30,316.28,100.59,0,0
user_019,user_019_s05,0,31,172.92,130.9,0,0
user_019,user_019_s05,0,32,255.91,110.34,0,0
user_019,user_019_s05,0,33,1024.57,92.1,0,0
user_019,user_019_s05,0,34,267.02,141.28,0,0
user_019,user_019_s05,0,35,208.96,78.43,0,0
user_019,user_019_s05,0,36,158.19,119.3,0,0
user_019,user_019_s05,0,37,181.29,114.58,0,0
user_019,user_019_s05,0,38,320.95,86.29,0,0
user_019,user_019_s05,0,39,226.86,122.66,0,1
user_019,user_019_s06,1,0,403.13,99.58,0,0
user_019,user_019_s06,1,1,289.2,136.87,0,0
user_019,user_019_s06,1,2,236.36,149.3,0,0
user_019,user_019_s06,1,3,243.48,111.48,0,0
user_019,user_019_s06,1,4,349.61,167.51,0,0
user_019,user_019_s06,1,5,229.17,116.41,0,0
user_019,user_019_s06,1,6,213.4,136.58,0,0
user_019,user_019_s06,1,7,1487.81,56.96,0,0
user_019,user_019_s06,1,8,171.06,145.89,1,0
user_019,user_019_s06,1,9,347.56,231.6,0,0
user_019,user_019_s06,1,10,211.36,174.05,0,0
user_019,user_019_s06,1,11,314.18,135.83,0,0
user_019,user_019_s06,1,12,322.16,96.9,0,0
user_019,user_019_s06,1,13,164.94,207.11,0,0
user_019,user_019_s06,1,14,180.84,136.28,0,0
user_019,user_019_s06,1,15,316.36,116.04,0,0
user_019,user_019_s06,1,16,273.22,117.03,0,0
user_019,user_019_s06,1,17,241.69,224.53,0,0
user_019,user_019_s06,1,18,304.95,137.98,0,0
user_019,user_019_s06,1,19,359.33,160.44,0,0
user_019,user_019_s06,1,20,255.51,134.62,0,0
user_019,user_019_s06,1,21,203.17,140.07,0,0
user_019,user_019_s06,1,22,270.93,125.86,1,0
user_019,user_019_s06,1,23,1029.32,198.83,0,0
user_019,user_019_s06,1,24,273.45,144.38,1,0
user_019,user_019_s06,1,25,259.54,87.03,0,0
user_019,user_019_s06,1,26,178.78,158.21,0,0
user_019,user_019_s06,1,27,219.38,138.11,0,0
user_019,user_019_s06,1,28,227.33,157.7,0,1
user_019,user_019_s06,1,29,331.76,129.55,0,0
user_019,user_019_s06,1,30,172.93,121.27,0,1
user_019,user_019_s06,1,31,179.42,177.96,0,0
user_019,user_019_s06,1,32,222.46,216.08,0,0
user_019,user_019_s06,1,33,315.04,69.22,0,0
user_019,user_019_s06,1,34,943.72,145.88,1,0
user_019,user_019_s06,1,35,285.21,121.31,0,1
user_019,user_019_s06,1,36,329.94,106.62,0,0
user_019,user_019_s06,1,37,374.13,57.46,0,0
user_019,user_019_s06,1,38,274.91,156.9,0,0
user_019,user_019_s06,1,39,180.19,123.55,0,0
user_019,user_019_s07,0,0,215.81,139.77,0,0
user_019,user_019_s07,0,1,1172.9,108.94,0,0
user_019,user_019_s07,0,2,204.29,120.5,0,0
user_019,user_019_s07,0,3,245.58,96.82,0,0
user_019,user_019_s07,0,4,243.04,146.75,0,0
user_019,user_019_s07,0,5,242.5,108.25,0,0
user_019,user_019_s07,0,6,265.68,118.33,0,0
user_019,user_019_s07,0,7,145.8,98.98,0,0
user_019,user_019_s07,0,8,162.17,97.2,0,0
user_019,user_019_s07,0,9,208.96,113.65,0,0
user_019,user_019_s07,0,10,263.71,115.64,0,0
user_019,user_019_s07,0,11,263.61,129.69,0,0
user_019,user_019_s07,0,12,204.63,82.46,0,0
user_019,user_019_s07,0,13,252.96,96.11,0,0
user_019,user_019_s07,0,14,187.24,100.99,0,0
user_019,user_019_s07,0,15,862.64,115.94,0,0
user_019,user_019_s07,0,16,145.23,92.8,0,0
user_019,user_019_s07,0,17,200.4,111.95,0,0
user_019,user_019_s07,0,18,190.71,101.8,0,0
user_019,user_019_s07,0,19,253.21,111.21,0,0
user_019,user_019_s07,0,20,232.81,99.37,0,0
user_019,user_019_s07,0,21,209.27,94.98,0,0
user_019,user_019_s07,0,22,209.45,118.99,0,0
user_019,user_019_s07,0,23,187.35,134.33,0,0
user_019,user_019_s07,0,24,124.39,128.78,0,0
user_019,user_019_s07,0,25,152.02,134.32,0,0
user_019,user_019_s07,0,26,243.17,136.49,0,0
user_019,user_019_s07,0,27,200.35,110.74,1,0
user_019,user_019_s07,0,28,146.03,148.36,0,0
user_019,user_019_s07,0,29,270.04,127.72,0,0
user_019,user_019_s07,0,30,285.37,96.13,0,0
user_019,user_019_s07,0,31,262.52,101.33,0,0
user_019,user_019_s07,0,32,226.38,116.51,0,0
user_019,user_019_s07,0,33,220.01,130.02,0,0
user_019,user_019_s07,0,34,205.62,109.48,0,0
user_019,user_019_s07,0,35,214.32,95.73,0,0
user_019,user_019_s07,0,36,235.86,128.35,0,0
user_019,user_019_s07,0,37,239.51,93.03,1,0
user_019,user_019_s07,0,38,227.78,119.34,0,0
user_019,user_019_s07,0,39,55.06,114.52,0,0
user_019,user_019_s08,0,0,273.65,106.31,0,0
user_019,user_019_s08,0,1,245.97,116.56,0,0
user_019,user_019_s08,0,2,186.84,112.8,0,0
user_019,user_019_s08,0,3,187.77,95.18,0,0
user_019,user_019_s08,0,4,235.51,138.05,0,0
user_019,user_019_s08,0,5,161.37,138.45,0,0
user_019,user_019_s08,0,6,222.53,149.13,0,0
user_019,user_019_s08,0,7,199.88,83.48,0,0
user_019,user_019_s08,0,8,217.63,99.26,0,0
user_019,user_019_s08,0,9,114.12,118.87,0,0
user_019,user_019_s08,0,10,165.7,114.32,0,0
user_019,user_019_s08,0,11,219.43,105.9,0,0
user_019,user_019_s08,0,12,256.42,98.37,0,0
user_019,user_019_s08,0,13,201.62,95.75,0,0
user_019,user_019_s08,0,14,241.14,151.75,0,0
user_019,user_019_s08,0,15,563.07,87.81,0,0
user_019,user_019_s08,0,16,186.92,85.39,0,0
user_019,user_019_s08,0,17,220.64,92.23,0,0
user_019,user_019_s08,0,18,204.8,117.79,0,0
user_019,user_019_s08,0,19,1511.58,109.17,0,0
user_019,user_019_s08,0,20,195.8,121.89,0,0
user_019,user_019_s08,0,21,196.25,101.14,0,0
user_019,user_019_s08,0,22,237.95,115.86,0,0
user_019,user_019_s08,0,23,182.81,115.8,0,0
user_019,user_019_s08,0,24,165.67,143.39,0,0
user_019,user_019_s08,0,25,229.21,147.17,0,0
user_019,user_019_s08,0,26,163.08,111.43,0,0
user_019,user_019_s08,0,27,273.36,130.06,0,0
user_019,user_019_s08,0,28,122.41,117.24,0,0
user_019,user_019_s08,0,29,193.88,128.5,0,0
user_019,user_019_s08,0,30,282.99,121.36,0,0
user_019,user_019_s08,0,31,299.16,127.86,0,0
user_019,user_019_s08,0,32,203.46,130.03,0,0
user_019,user_019_s08,0,33,258.8,122.09,0,0
user_019,user_019_s08,0,34,243.57,116.76,0,0
user_019,user_019_s08,0,35,184.93,133.54,0,0
user_019,user_019_s08,0,36,229.32,111.74,0,0
user_019,user_019_s08,0,37,167.8,103.56,0,0
user_019,user_019_s08,0,38,135.38,85.45,0,0
user_019,user_019_s08,0,39,231.03,122.1,0,0
user_019,user_019_s09,0,0,169.17,99.38,0,0
user_019,user_019_s09,0,1,240.63,76.25,0,0
user_019,user_019_s09,0,2,287.06,114.9,0,0
user_019,user_019_s09,0,3,729.65,134.8,0,0
user_019,user_019_s09,0,4,192.72,92.89,0,0
user_019,user_019_s09,0,5,246.49,105.01,0,0
user_019,user_019_s09,0,6,137.85,106.15,0,0
user_019,user_019_s09,0,7,273.8,106.27,0,0
user_019,user_019_s09,0,8,226.54,90.85,0,0
user_019,user_019_s09,0,9,238.89,110.95,0,0
user_019,user_019_s09,0,10,113.81,139.32,0,0
user_019,user_019_s09,0,11,223.83,100.98,0,0
user_019,user_019_s09,0,12,287.86,114.51,0,0
user_019,user_019_s09,0,13,216.24,114.37,0,0
user_019,user_019_s09,0,14,198.39,102.92,0,0
user_019,user_019_s09,0,15,190.82,115.4,0,0
user_019,user_019_s09,0,16,169.32,103.2,0,0
user_019,user_019_s09,0,17,794.61,117.98,0,0
user_019,user_019_s09,0,18,146.41,108.95,0,0
user_019,user_019_s09,0,19,223.59,84.22,0,0
user_019,user_019_s09,0,20,254.14,76.94,0,1
user_019,user_019_s09,0,21,182.87,70.66,0,0
user_019,user_019_s09,0,22,220.53,102.66,0,0
user_019,user_019_s09,0,23,199.81,125.63,0,0
user_019,user_019_s09,0,24,221.05,96.73,0,0
user_019,user_019_s09,0,25,244.91,105.68,0,0
user_019,user_019_s09,0,26,1299.07,98.14,0,0
user_019,user_019_s09,0,27,242.6,94.79,0,0
user_019,user_019_s09,0,28,226.93,151.04,0,0
user_019,user_019_s09,0,29,242.73,95.47,0,0
user_019,user_019_s09,0,30,217.41,85.21,0,0
user_019,user_019_s09,0,31,218.11,93.68,0,0
user_019,user_019_s09,0,32,234.79,111.64,0,0
user_019,user_019_s09,0,33,199.42,99.63,0,0
user_019,user_019_s09,0,34,223.6,115.55,0,0
user_019,user_019_s09,0,35,161.51,96.73,0,0
user_019,user_019_s09,0,36,118.86,99.36,0,0
user_019,user_019_s09,0,37,207.03,97.15,0,0
user_019,user_019_s09,0,38,165.76,108.56,0,0
user_019,user_019_s09,0,39,292.09,123.46,0,0
user_019,user_019_s10,0,0,248.35,157.74,0,0
user_019,user_019_s10,0,1,237.86,150.7,0,0
user_019,user_019_s10,0,2,279.44,145.65,0,0
user_019,user_019_s10,0,3,262.88,143.92,0,0
user_019,user_019_s10,0,4,283.56,127.24,0,0
user_019,user_019_s10,0,5,266.23,131.24,0,0
user_019,user_019_s10,0,6,171.94,103.01,0,0
user_019,user_019_s10,0,7,264.41,109.29,0,0
user_019,user_019_s10,0,8,263.34,134.48,0,0
user_019,user_019_s10,0,9,206.0,111.4,0,0
user_019,user_019_s10,0,10,253.65,144.91,0,0
user_019,user_019_s10,0,11,155.26,131.21,0,0
user_019,user_019_s10,0,12,252.06,126.62,0,0
user_019,user_019_s10,0,13,271.94,120.9,0,0
user_019,user_019_s10,0,14,284.66,140.48,0,0
user_019,user_019_s10,0,15,272.68,144.68,0,0
user_019,user_019_s10,0,16,199.22,115.83,0,0
user_019,user_019_s10,0,17,172.41,122.42,0,0
user_019,user_019_s10,0,18,283.81,128.65,0,0
user_019,user_019_s10,0,19,258.99,138.08,0,0
user_019,user_019_s10,0,20,263.07,137.84,0,0
user_019,user_019_s10,0,21,318.07,130.24,0,0
user_019,user_019_s10,0,22,165.84,145.25,0,0
user_019,user_019_s10,0,23,323.71,129.62,0,0
user_019,user_019_s10,0,24,214.22,106.27,0,0
user_019,user_019_s10,0,25,278.43,156.89,0,0
user_019,user_019_s10,0,26,239.63,150.28,0,0
user_019,user_019_s10,0,27,224.24,106.63,0,0
user_019,user_019_s10,0,28,170.39,135.44,0,0
user_019,user_019_s10,0,29,209.11,156.22,0,0
user_019,user_019_s10,0,30,261.86,126.5,0,0
user_019,user_019_s10,0,31,256.68,146.42,0,0
user_019,user_019_s10,0,32,284.31,152.7,0,0
user_019,user_019_s10,0,33,208.23,137.1,0,0
user_019,user_019_s10,0,34,274.81,171.82,0,0
user_019,user_019_s10,0,35,243.31,144.17,0,0
user_019,user_019_s10,0,36,269.54,134.02,0,0
user_019,user_019_s10,0,37,264.0,129.04,0,0
user_019,user_019_s10,0,38,218.42,131.26,0,0
user_019,user_019_s10,0,39,251.92,121.68,0,0
user_019,user_019_s11,0,0,213.38,81.17,0,0
user_019,user_019_s11,0,1,154.0,68.98,0,0
user_019,user_019_s11,0,2,193.57,108.29,0,0
user_019,user_019_s11,0,3,248.74,85.81,1,0
user_019,user_019_s11,0,4,182.12,146.36,1,0
user_019,user_019_s11,0,5,158.48,107.61,0,0
user_019,user_019_s11,0,6,256.59,127.38,0,0
user_019,user_019_s11,0,7,203.66,119.98,0,0
user_019,user_019_s11,0,8,199.65,94.58,0,0
user_019,user_019_s11,0,9,231.86,106.47,0,0
user_019,user_019_s11,0,10,203.74,127.97,0,0
user_019,user_019_s11,0,11,210.97,126.76,0,0
user_019,user_019_s11,0,12,135.01,130.3,0,0
user_019,user_019_s11,0,13,168.88,102.1,0,0
user_019,user_019_s11,0,14,293.96,125.07,0,0
user_019,user_019_s11,0,15,159.58,103.06,0,0
user_019,user_019_s11,0,16,210.92,132.98,0,0
user_019,user_019_s11,0,17,288.38,132.4,0,0
user_019,user_019_s11,0,18,239.53,88.81,0,0
user_019,user_019_s11,0,19,221.18,119.37,0,0
user_019,user_019_s11,0,20,170.63,93.97,0,0
user_019,user_019_s11,0,21,178.88,129.59,0,0
user_019,user_019_s11,0,22,193.43,93.36,0,0
user_019,user_019_s11,0,23,223.35,120.23,0,0
user_019,user_019_s11,0,24,266.65,127.94,0,0
user_019,user_019_s11,0,25,213.18,115.5,0,0
user_019,user_019_s11,0,26,181.31,130.21,0,0
user_019,user_019_s11,0,27,203.27,119.69,0,0
user_019,user_019_s11,0,28,231.84,143.27,0,0
user_019,user_019_s11,0,29,223.33,93.86,0,0
user_019,user_019_s11,0,30,196.22,107.15,0,0
user_019,user_019_s11,0,31,1339.92,78.71,0,0
user_019,user_019_s11,0,32,257.6,108.76,0,0
user_019,user_019_s11,0,33,195.62,92.28,0,0
user_019,user_019_s11,0,34,219.1,88.58,0,0
user_019,user_019_s11,0,35,176.41,85.45,0,0
user_019,user_019_s11,0,36,175.23,105.5,0,0
user_019,user_019_s11,0,37,230.76,118.96,1,0
user_019,user_019_s11,0,38,149.11,123.11,0,0
user_019,user_019_s11,0,39,153.88,132.81,0,0
user_019,user_019_s12,1,0,251.75,174.74,0,0
user_019,user_019_s12,1,1,317.11,176.44,0,0
user_019,user_019_s12,1,2,233.77,220.88,0,0
user_019,user_019_s12,1,3,359.5,230.95,0,1
user_019,user_019_s12,1,4,364.47,156.14,0,0
user_019,user_019_s12,1,5,357.69,244.81,1,0
user_019,user_019_s12,1,6,1611.72,146.3,0,0
user_019,user_019_s12,1,7,287.05,167.78,0,0
user_019,user_019_s12,1,8,424.76,275.45,0,0
user_019,user_019_s12,1,9,376.81,201.21,0,0
user_019,user_019_s12,1,10,268.3,165.98,0,0
user_019,user_019_s12,1,11,232.63,197.58,0,0
user_019,user_019_s12,1,12,336.53,212.73,0,0
user_019,user_019_s12,1,13,332.26,200.1,0,0
user_019,user_019_s12,1,14,232.43,232.46,0,0
user_019,user_019_s12,1,15,316.32,158.83,0,0
user_019,user_019_s12,1,16,301.2,166.09,0,0
user_019,user_019_s12,1,17,1530.02,157.98,1,0
user_019,user_019_s12,1,18,306.06,160.02,0,0
user_019,user_019_s12,1,19,1507.75,189.98,0,0
user_019,user_019_s12,1,20,350.45,152.02,0,0
user_019,user_019_s12,1,21,450.44,198.5,0,1
user_019,user_019_s12,1,22,359.74,210.23,0,1
user_019,user_019_s12,1,23,411.81,146.57,1,0
user_019,user_019_s12,1,24,229.23,166.9,0,0
user_019,user_019_s12,1,25,355.79,171.01,0,0
user_019,user_019_s12,1,26,310.82,181.0,0,0
user_019,user_019_s12,1,27,404.87,182.87,0,0
user_019,user_019_s12,1,28,364.57,219.59,0,1
user_019,user_019_s12,1,29,477.88,222.14,0,0
user_019,user_019_s12,1,30,262.83,160.78,0,0
user_019,user_019_s12,1,31,281.75,212.26,0,0
user_019,user_019_s12,1,32,1400.58,235.7,0,1
user_019,user_019_s12,1,33,331.64,230.03,0,0
user_019,user_019_s12,1,34,261.83,195.55,0,0
user_019,user_019_s12,1,35,374.79,186.66,0,0
user_019,user_019_s12,1,36,300.28,140.36,0,0
user_019,user_019_s12,1,37,381.42,174.35,0,0
user_019,user_019_s12,1,38,196.95,137.26,0,0
user_019,user_019_s12,1,39,317.6,227.64,0,0
user_019,user_019_s13,0,0,229.83,109.64,0,0
user_019,user_019_s13,0,1,221.01,167.87,0,0
user_019,user_019_s13,0,2,266.52,102.93,0,0
user_019,user_019_s13,0,3,261.94,151.22,0,0
user_019,user_019_s13,0,4,165.8,109.34,0,0
user_019,user_019_s13,0,5,320.18,130.28,0,0
user_019,user_019_s13,0,6,242.81,164.95,0,0
user_019,user_019_s13,0,7,275.63,143.23,0,0
user_019,user_019_s13,0,8,206.11,101.88,0,0
user_019,user_019_s13,0,9,143.14,122.27,0,0
user_019,user_019_s13,0,10,228.24,128.03,0,0
user_019,user_019_s13,0,11,182.62,147.59,0,0
user_019,user_019_s13,0,12,287.87,129.38,0,0
user_019,user_019_s13,0,13,168.06,125.57,0,0
user_019,user_019_s13,0,14,234.88,160.36,0,0
user_019,user_019_s13,0,15,261.4,157.77,0,0
user_019,user_019_s13,0,16,253.33,141.45,0,0
user_019,user_019_s13,0,17,210.46,116.91,0,0
user_019,user_019_s13,0,18,151.25,79.41,0,0
user_019,user_019_s13,0,19,163.89,104.82,0,0
user_019,user_019_s13,0,20,198.6,99.92,0,0
user_019,user_019_s13,0,21,168.37,127.38,0,0
user_019,user_019_s13,0,22,230.16,145.88,0,0
user_019,user_019_s13,0,23,198.35,165.1,0,1
user_019,user_019_s13,0,24,173.81,152.09,0,0
user_019,user_019_s13,0,25,167.79,115.37,0,0
user_019,user_019_s13,0,26,159.96,133.21,0,0
user_019,user_019_s13,0,27,231.04,135.96,0,0
user_019,user_019_s13,0,28,199.68,99.63,0,0
user_019,user_019_s13,0,29,234.84,112.33,0,0
user_019,user_019_s13,0,30,230.07,120.53,0,0
user_019,user_019_s13,0,31,1465.99,167.95,0,0
user_019,user_019_s13,0,32,263.62,135.66,0,0
user_019,user_019_s13,0,33,165.45,104.17,0,0
user_019,user_019_s13,0,34,263.87,120.64,0,0
user_019,user_019_s13,0,35,251.83,136.82,0,0
user_019,user_019_s13,0,36,224.5,123.86,0,0
user_019,user_019_s13,0,37,196.25,121.91,0,0
user_019,user_019_s13,0,38,235.48,142.06,0,0
user_019,user_019_s13,0,39,254.42,154.46,0,0
user_020,user_020_s00,0,0,189.96,132.78,0,0
user_020,user_020_s00,0,1,200.93,115.38,0,0
user_020,user_020_s00,0,2,184.16,90.07,0,0
user_020,user_020_s00,0,3,206.5,119.27,0,0
user_020,user_020_s00,0,4,155.97,93.98,0,0
user_020,user_020_s00,0,5,278.86,83.27,0,0
user_020,user_020_s00,0,6,190.61,68.36,1,0
user_020,user_020_s00,0,7,305.72,98.17,0,0
user_020,user_020_s00,0,8,279.13,70.85,1,0
user_020,user_020_s00,0,9,160.43,125.4,0,0
user_020,user_020_s00,0,10,192.86,72.91,0,0
user_020,user_020_s00,0,11,198.36,93.69,0,0
user_020,user_020_s00,0,12,223.15,94.44,0,0
user_020,user_020_s00,0,13,188.13,103.32,0,0
user_020,user_020_s00,0,14,235.06,85.19,0,0
user_020,user_020_s00,0,15,105.66,120.13,0,0
user_020,user_020_s00,0,16,155.79,103.17,0,0
user_020,user_020_s00,0,17,174.08,100.02,0,0
user_020,user_020_s00,0,18,153.32,88.98,0,0
user_020,user_020_s00,0,19,106.84,109.92,0,0
user_020,user_020_s00,0,20,220.97,124.71,0,0
user_020,user_020_s00,0,21,134.11,147.36,0,0
user_020,user_020_s00,0,22,152.99,83.9,0,0
user_020,user_020_s00,0,23,215.34,97.94,0,0
user_020,user_020_s00,0,24,235.83,67.04,0,0
user_020,user_020_s00,0,25,157.73,112.19,1,0
user_020,user_020_s00,0,26,137.18,76.5,0,0
user_020,user_020_s00,0,27,1224.52,105.13,0,0
user_020,user_020_s00,0,28,231.04,121.88,0,0
user_020,user_020_s00,0,29,973.32,93.13,0,0
user_020,user_020_s00,0,30,197.09,84.06,0,0
user_020,user_020_s00,0,31,193.19,123.33,0,0
user_020,user_020_s00,0,32,124.87,112.73,0,0
user_020,user_020_s00,0,33,202.7,80.61,0,0
user_020,user_020_s00,0,34,216.69,102.76,0,0
user_020,user_020_s00,0,35,901.76,85.43,0,0
user_020,user_020_s00,0,36,191.22,118.83,0,0
user_020,user_020_s00,0,37,137.39,102.47,0,0
user_020,user_020_s00,0,38,233.39,126.99,0,0
user_020,user_020_s00,0,39,123.11,84.07,0,0
user_020,user_020_s01,0,0,158.84,62.37,0,0
user_020,user_020_s01,0,1,116.91,92.07,0,0
user_020,user_020_s01,0,2,224.93,111.87,0,0
user_020,user_020_s01,0,3,136.13,93.74,0,0
user_020,user_020_s01,0,4,168.71,92.3,0,0
user_020,user_020_s01,0,5,186.42,121.9,0,0
user_020,user_020_s01,0,6,111.55,105.93,0,0
user_020,user_020_s01,0,7,129.76,104.0,0,0
user_020,user_020_s01,0,8,139.13,77.49,0,0
user_020,user_020_s01,0,9,200.75,48.97,0,0
user_020,user_020_s01,0,10,246.52,98.15,0,0
user_020,user_020_s01,0,11,247.59,91.73,0,0
user_020,user_020_s01,0,12,222.17,104.94,0,0
user_020,user_020_s01,0,13,112.51,93.81,0,0
user_020,user_020_s01,0,14,128.37,92.41,0,0
user_020,user_020_s01,0,15,227.15,92.17,0,1
user_020,user_020_s01,0,16,233.17,72.27,0,0
user_020,user_020_s01,0,17,201.33,59.44,0,0
user_020,user_020_s01,0,18,201.77,76.18,0,0
user_020,user_020_s01,0,19,147.89,72.39,1,0
user_020,user_020_s01,0,20,241.49,90.84,0,0
user_020,user_020_s01,0,21,134.72,63.14,0,0
user_020,user_020_s01,0,22,96.35,83.33,0,0
user_020,user_020_s01,0,23,201.57,125.31,0,0
user_020,user_020_s01,0,24,141.19,90.34,0,0
user_020,user_020_s01,0,25,109.96,92.48,0,0
user_020,user_020_s01,0,26,204.92,91.91,0,0
user_020,user_020_s01,0,27,86.85,95.34,0,0
user_020,user_020_s01,0,28,186.44,82.45,0,0
user_020,user_020_s01,0,29,147.13,88.75,0,0
user_020,user_020_s01,0,30,236.48,82.18,0,0
user_020,user_020_s01,0,31,1268.72,65.58,0,0
user_020,user_020_s01,0,32,213.46,112.11,0,0
user_020,user_020_s01,0,33,119.3,76.24,0,0
user_020,user_020_s01,0,34,92.7,119.57,0,0
user_020,user_020_s01,0,35,150.81,78.29,0,0
user_020,user_020_s01,0,36,193.3,67.93,0,0
user_020,user_020_s01,0,37,169.72,125.42,0,0
user_020,user_020_s01,0,38,216.82,65.81,0,0
user_020,user_020_s01,0,39,190.45,52.12,0,0
user_020,user_020_s02,0,0,238.3,101.4,0,0
user_020,user_020_s02,0,1,218.69,93.9,0,0
user_020,user_020_s02,0,2,152.52,104.41,0,0
user_020,user_020_s02,0,3,177.13,101.94,0,0
user_020,user_020_s02,0,4,239.27,107.39,0,0
user_020,user_020_s02,0,5,102.94,94.01,0,0
user_020,user_020_s02,0,6,168.23,107.58,1,0
user_020,user_020_s02,0,7,121.17,108.75,0,0
user_020,user_020_s02,0,8,284.76,92.29,0,0
user_020,user_020_s02,0,9,211.85,96.56,0,0
user_020,user_020_s02,0,10,156.5,94.91,0,0
user_020,user_020_s02,0,11,176.59,76.57,0,0
user_020,user_020_s02,0,12,142.3,89.51,0,0
user_020,user_020_s02,0,13,265.04,111.26,0,0
user_020,user_020_s02,0,14,78.1,112.75,0,0
user_020,user_020_s02,0,15,192.44,103.89,0,0
user_020,user_020_s02,0,16,175.05,80.3,0,0
user_020,user_020_s02,0,17,133.27,115.07,0,0
user_020,user_020_s02,0,18,167.19,130.31,1,0
user_020,user_020_s02,0,19,107.44,108.34,0,0
user_020,user_020_s02,0,20,246.64,97.94,0,0
user_020,user_020_s02,0,21,179.27,82.91,0,0
user_020,user_020_s02,0,22,218.08,97.74,0,0
user_020,user_020_s02,0,23,157.01,89.35,0,0
user_020,user_020_s02,0,24,236.82,94.51,0,0
user_020,user_020_s02,0,25,179.67,120.48,0,0
user_020,user_020_s02,0,26,224.97,113.4,0,0
user_020,user_020_s02,0,27,202.91,92.0,0,0
user_020,user_020_s02,0,28,176.69,99.52,0,1
user_020,user_020_s02,0,29,221.77,97.9,0,0
user_020,user_020_s02,0,30,360.76,90.42,0,0
user_020,user_020_s02,0,31,128.8,74.54,0,0
user_020,user_020_s02,0,32,172.88,112.44,0,0
user_020,user_020_s02,0,33,121.71,118.61,0,0
user_020,user_020_s02,0,34,196.25,87.38,0,0
user_020,user_020_s02,0,35,188.0,86.59,1,0
user_020,user_020_s02,0,36,262.91,113.83,0,0
user_020,user_020_s02,0,37,166.96,86.36,0,0
user_020,user_020_s02,0,38,219.68,73.78,0,0
user_020,user_020_s02,0,39,87.42,90.24,1,0
user_020,user_020_s03,1,0,956.32,107.46,0,0
user_020,user_020_s03,1,1,402.1,131.44,0,1
user_020,user_020_s03,1,2,222.35,141.14,0,1
user_020,user_020_s03,1,3,235.18,206.18,1,0
user_020,user_020_s03,1,4,1013.38,157.43,0,0
user_020,user_020_s03,1,5,123.4,86.29,0,0
user_020,user_020_s03,1,6,278.16,34.04,0,0
user_020,user_020_s03,1,7,203.01,126.83,0,0
user_020,user_020_s03,1,8,77.55,92.93,1,0
user_020,user_020_s03,1,9,329.48,101.62,0,0
user_020,user_020_s03,1,10,162.86,81.4,0,0
user_020,user_020_s03,1,11,864.53,100.85,0,0
user_020,user_020_s03,1,12,256.04,100.06,0,0
user_020,user_020_s03,1,13,240.6,116.29,0,0
user_020,user_020_s03,1,14,120.27,94.21,0,0
user_020,user_020_s03,1,15,1465.64,92.46,0,0
user_020,user_020_s03,1,16,861.73,141.88,0,0
user_020,user_020_s03,1,17,946.77,120.77,0,1
user_020,user_020_s03,1,18,303.84,121.05,0,0
user_020,user_020_s03,1,19,300.59,118.92,0,0
user_020,user_020_s03,1,20,101.4,85.41,0,0
user_020,user_020_s03,1,21,219.22,177.81,0,0
user_020,user_020_s03,1,22,326.77,201.41,0,0
user_020,user_020_s03,1,23,359.65,169.95,0,0
user_020,user_020_s03,1,24,280.45,50.96,0,0
user_020,user_020_s03,1,25,301.69,94.65,1,0
user_020,user_020_s03,1,26,290.79,148.93,0,0
user_020,user_020_s03,1,27,206.18,91.15,0,0
user_020,user_020_s03,1,28,111.88,93.09,0,0
user_020,user_020_s03,1,29,193.89,66.53,0,0
user_020,user_020_s03,1,30,331.15,106.52,0,1
user_020,user_020_s03,1,31,1534.76,88.32,0,0
user_020,user_020_s03,1,32,239.93,26.12,1,0
user_020,user_020_s03,1,33,186.74,166.5,1,0
user_020,user_020_s03,1,34,391.63,137.39,0,1
user_020,user_020_s03,1,35,232.06,67.95,0,0
user_020,user_020_s03,1,36,282.92,155.27,0,0
user_020,user_020_s03,1,37,100.24,125.9,0,0
user_020,user_020_s03,1,38,214.22,166.81,1,0
user_020,user_020_s03,1,39,327.38,149.97,0,0
user_020,user_020_s04,1,0,40.0,181.71,0,0
user_020,user_020_s04,1,1,1254.5,159.58,1,0
user_020,user_020_s04,1,2,277.97,150.44,0,0
user_020,user_020_s04,1,3,1030.51,199.07,0,0
user_020,user_020_s04,1,4,300.97,165.05,0,0
user_020,user_020_s04,1,5,219.86,185.35,0,0
user_020,user_020_s04,1,6,353.78,172.43,1,0
user_020,user_020_s04,1,7,151.41,175.73,0,0
user_020,user_020_s04,1,8,265.17,111.56,0,1
user_020,user_020_s04,1,9,214.04,179.8,0,0
user_020,user_020_s04,1,10,352.14,162.85,0,0
user_020,user_020_s04,1,11,1570.86,133.0,0,0
user_020,user_020_s04,1,12,272.98,170.0,0,0
user_020,user_020_s04,1,13,274.18,190.35,0,0
user_020,user_020_s04,1,14,283.55,143.52,0,0
user_020,user_020_s04,1,15,205.24,121.48,0,0
user_020,user_020_s04,1,16,297.91,123.04,0,0
user_020,user_020_s04,1,17,269.4,99.63,0,0
user_020,user_020_s04,1,18,296.03,141.13,0,0
user_020,user_020_s04,1,19,400.16,166.81,0,1
user_020,user_020_s04,1,20,276.8,205.5,0,0
user_020,user_020_s04,1,21,182.8,119.57,0,0
user_020,user_020_s04,1,22,1516.6,159.0,0,0
user_020,user_020_s04,1,23,349.81,147.61,0,0
user_020,user_020_s04,1,24,322.31,146.55,0,0
user_020,user_020_s04,1,25,251.53,95.08,0,0
user_020,user_020_s04,1,26,329.55,112.64,0,0
user_020,user_020_s04,1,27,92.94,208.24,0,0
user_020,user_020_s04,1,28,397.78,180.99,0,0
user_020,user_020_s04,1,29,342.8,156.41,0,0
user_020,user_020_s04,1,30,252.0,162.47,0,0
user_020,user_020_s04,1,31,340.66,172.0,1,0
user_020,user_020_s04,1,32,319.33,131.67,0,0
user_020,user_020_s04,1,33,181.6,133.06,1,0
user_020,user_020_s04,1,34,282.12,126.0,0,0
user_020,user_020_s04,1,35,298.71,152.55,0,0
user_020,user_020_s04,1,36,255.66,107.91,0,0
user_020,user_020_s04,1,37,248.43,124.37,1,0
user_020,user_020_s04,1,38,343.22,163.96,1,0
user_020,user_020_s04,1,39,281.87,134.9,0,0
user_020,user_020_s05,1,0,168.77,120.29,0,0
user_020,user_020_s05,1,1,291.92,138.38,0,0
user_020,user_020_s05,1,2,1339.03,68.26,0,0
user_020,user_020_s05,1,3,229.1,125.62,1,0
user_020,user_020_s05,1,4,962.03,171.91,0,0
user_020,user_020_s05,1,5,98.71,209.96,0,0
user_020,user_020_s05,1,6,274.47,193.09,0,0
user_020,user_020_s05,1,7,286.17,144.03,0,0
user_020,user_020_s05,1,8,291.34,157.21,0,0
user_020,user_020_s05,1,9,252.72,151.62,0,0
user_020,user_020_s05,1,10,142.28,118.81,0,1
user_020,user_020_s05,1,11,158.09,103.8,0,0
user_020,user_020_s05,1,12,57.87,148.57,0,0
user_020,user_020_s05,1,13,264.95,135.28,0,0
user_020,user_020_s05,1,14,430.06,170.49,0,1
user_020,user_020_s05,1,15,244.88,51.09,0,0
user_020,user_020_s05,1,16,182.92,132.93,0,1
user_020,user_020_s05,1,17,255.77,184.21,0,0
user_020,user_020_s05,1,18,240.82,160.74,0,0
user_020,user_020_s05,1,19,92.43,102.92,0,0
user_020,user_020_s05,1,20,276.96,90.83,0,0
user_020,user_020_s05,1,21,243.33,137.66,0,0
user_020,user_020_s05,1,22,237.58,168.48,0,0
user_020,user_020_s05,1,23,437.72,158.51,0,0
user_020,user_020_s05,1,24,1514.0,143.65,0,0
user_020,user_020_s05,1,25,1565.31,163.18,0,0
user_020,user_020_s05,1,26,176.72,148.91,0,0
user_020,user_020_s05,1,27,113.4,161.59,0,0
user_020,user_020_s05,1,28,178.32,174.13,0,0
user_020,user_020_s05,1,29,1541.16,122.87,1,0
user_020,user_020_s05,1,30,969.39,106.52,0,0
user_020,user_020_s05,1,31,121.19,166.4,0,0
user_020,user_020_s05,1,32,284.94,120.43,1,0
user_020,user_020_s05,1,33,217.84,67.19,0,0
user_020,user_020_s05,1,34,306.65,192.3,0,0
user_020,user_020_s05,1,35,191.13,148.79,0,1
user_020,user_020_s05,1,36,167.8,147.13,0,0
user_020,user_020_s05,1,37,407.23,132.51,0,0
user_020,user_020_s05,1,38,176.2,170.41,0,0
user_020,user_020_s05,1,39,175.94,91.78,0,0
user_020,user_020_s06,1,0,366.06,166.09,0,0
user_020,user_020_s06,1,1,223.73,77.52,0,0
user_020,user_020_s06,1,2,302.55,144.96,0,0
user_020,user_020_s06,1,3,321.12,170.42,0,0
user_020,user_020_s06,1,4,334.6,186.99,0,0
user_020,user_020_s06,1,5,406.0,133.97,0,1
user_020,user_020_s06,1,6,185.74,185.72,1,0
user_020,user_020_s06,1,7,159.07,151.52,0,0
user_020,user_020_s06,1,8,228.72,52.29,0,0
user_020,user_020_s06,1,9,517.53,137.56,0,1
user_020,user_020_s06,1,10,372.22,112.12,1,0
user_020,user_020_s06,1,11,209.09,119.95,1,0
user_020,user_020_s06,1,12,226.46,177.08,0,0
user_020,user_020_s06,1,13,1190.29,151.18,0,0
user_020,user_020_s06,1,14,279.73,123.17,0,0
user_020,user_020_s06,1,15,311.33,117.74,1,0
user_020,user_020_s06,1,16,314.91,156.01,0,0
user_020,user_020_s06,1,17,359.01,134.64,0,0
user_020,user_020_s06,1,18,428.2,164.88,0,0
user_020,user_020_s06,1,19,244.84,112.6,0,0
user_020,user_020_s06,1,20,237.96,127.9,0,0
user_020,user_020_s06,1,21,1247.83,102.53,0,0
user_020,user_020_s06,1,22,232.54,121.96,0,0
user_020,user_020_s06,1,23,287.97,215.73,0,0
user_020,user_020_s06,1,24,310.85,115.68,1,0
user_020,user_020_s06,1,25,404.46,124.71,0,0
user_020,user_020_s06,1,26,195.45,112.68,0,0
user_020,user_020_s06,1,27,287.08,134.68,0,0
user_020,user_020_s06,1,28,184.15,138.48,0,0
user_020,user_020_s06,1,29,291.05,182.79,0,0
user_020,user_020_s06,1,30,485.68,127.04,0,0
user_020,user_020_s06,1,31,244.56,144.89,0,0
user_020,user_020_s06,1,32,466.79,76.63,0,0
user_020,user_020_s06,1,33,184.47,111.28,0,0
user_020,user_020_s06,1,34,1424.84,178.24,0,0
user_020,user_020_s06,1,35,226.9,111.59,0,0
user_020,user_020_s06,1,36,271.31,167.32,0,1
user_020,user_020_s06,1,37,243.07,109.19,0,0
user_020,user_020_s06,1,38,321.87,135.03,0,0
user_020,user_020_s06,1,39,1003.64,199.84,1,0
user_020,user_020_s07,0,0,154.99,101.33,0,0
user_020,user_020_s07,0,1,183.91,104.19,0,0
user_020,user_020_s07,0,2,195.59,104.24,0,0
user_020,user_020_s07,0,3,230.26,110.58,0,0
user_020,user_020_s07,0,4,174.72,113.01,0,0
user_020,user_020_s07,0,5,1449.32,101.13,0,0
user_020,user_020_s07,0,6,109.67,82.88,0,0
user_020,user_020_s07,0,7,193.48,97.93,0,0
user_020,user_020_s07,0,8,145.4,101.65,0,0
user_020,user_020_s07,0,9,184.8,72.13,0,0
user_020,user_020_s07,0,10,137.64,63.88,0,0
user_020,user_020_s07,0,11,200.89,79.45,0,0
user_020,user_020_s07,0,12,210.77,66.57,0,0
user_020,user_020_s07,0,13,172.77,92.12,0,0
user_020,user_020_s07,0,14,145.15,87.13,0,0
user_020,user_020_s07,0,15,207.98,102.16,0,0
user_020,user_020_s07,0,16,250.88,112.99,0,0
user_020,user_020_s07,0,17,266.78,105.66,0,0
user_020,user_020_s07,0,18,200.21,108.2,0,0
user_020,user_020_s07,0,19,195.07,117.12,0,0
user_020,user_020_s07,0,20,125.55,94.92,0,0
user_020,user_020_s07,0,21,1505.76,55.12,0,0
user_020,user_020_s07,0,22,81.59,70.17,0,0
user_020,user_020_s07,0,23,234.93,109.31,0,0
user_020,user_020_s07,0,24,184.1,104.04,0,0
user_020,user_020_s07,0,25,76.83,112.75,0,0
user_020,user_020_s07,0,26,197.62,150.22,0,0
user_020,user_020_s07,0,27,176.11,104.44,0,0
user_020,user_020_s07,0,28,163.36,98.95,0,0
user_020,user_020_s07,0,29,171.16,106.66,0,0
user_020,user_020_s07,0,30,182.11,79.84,0,0
user_020,user_020_s07,0,31,181.98,113.79,0,0
user_020,user_020_s07,0,32,118.55,97.62,0,0
user_020,user_020_s07,0,33,200.51,129.98,0,0
user_020,user_020_s07,0,34,166.37,72.68,0,0
user_020,user_020_s07,0,35,252.17,100.69,0,0
user_020,user_020_s07,0,36,220.46,89.66,0,0
user_020,user_020_s07,0,37,225.37,82.0,0,0
user_020,user_020_s07,0,38,264.16,111.48,0,0
user_020,user_020_s07,0,39,215.05,95.07,0,0
user_020,user_020_s08,0,0,182.57,91.42,0,0
user_020,user_020_s08,0,1,250.49,72.27,0,0
user_020,user_020_s08,0,2,221.55,127.22,0,0
user_020,user_020_s08,0,3,87.18,99.34,0,0
user_020,user_020_s08,0,4,278.48,78.58,0,0
user_020,user_020_s08,0,5,1320.48,121.1,0,0
user_020,user_020_s08,0,6,239.66,92.96,0,1
user_020,user_020_s08,0,7,104.18,118.18,0,0
user_020,user_020_s08,0,8,152.41,117.65,0,0
user_020,user_020_s08,0,9,196.16,101.39,1,0
user_020,user_020_s08,0,10,121.55,71.61,0,0
user_020,user_020_s08,0,11,193.52,83.64,0,0
user_020,user_020_s08,0,12,241.75,156.4,0,0
user_020,user_020_s08,0,13,155.95,84.15,0,0
user_020,user_020_s08,0,14,244.8,89.28,0,0
user_020,user_020_s08,0,15,201.14,85.53,0,0
user_020,user_020_s08,0,16,89.39,77.37,0,0
user_020,user_020_s08,0,17,132.58,106.05,0,0
user_020,user_020_s08,0,18,218.84,70.4,0,0
user_020,user_020_s08,0,19,125.45,79.27,0,0
user_020,user_020_s08,0,20,217.57,99.16,0,0
user_020,user_020_s08,0,21,197.17,89.39,0,0
user_020,user_020_s08,0,22,184.12,96.61,0,0
user_020,user_020_s08,0,23,145.3,93.23,0,0
user_020,user_020_s08,0,24,183.63,73.31,0,0
user_020,user_020_s08,0,25,243.89,119.33,0,0
user_020,user_020_s08,0,26,153.47,113.72,0,0
user_020,user_020_s08,0,27,197.11,77.09,0,0
user_020,user_020_s08,0,28,258.02,102.09,0,0
user_020,user_020_s08,0,29,181.93,85.21,1,0
user_020,user_020_s08,0,30,149.08,112.67,0,0
user_020,user_020_s08,0,31,148.61,108.76,0,0
user_020,user_020_s08,0,32,79.58,115.69,1,0
user_020,user_020_s08,0,33,117.63,77.24,0,1
user_020,user_020_s08,0,34,185.25,70.12,0,0
user_020,user_020_s08,0,35,212.8,61.33,0,0
user_020,user_020_s08,0,36,151.9,140.46,0,0
user_020,user_020_s08,0,37,212.24,109.58,0,0
user_020,user_020_s08,0,38,209.5,115.49,0,1
user_020,user_020_s08,0,39,136.86,68.75,0,0
user_020,user_020_s09,0,0,159.66,116.02,0,0
user_020,user_020_s09,0,1,146.19,74.95,0,0
user_020,user_020_s09,0,2,198.67,111.72,0,0
user_020,user_020_s09,0,3,151.62,87.27,0,0
user_020,user_020_s09,0,4,187.65,105.46,0,0
user_020,user_020_s09,0,5,1066.55,66.17,0,0
user_020,user_020_s09,0,6,148.07,98.31,0,0
user_020,user_020_s09,0,7,100.45,90.97,0,0
user_020,user_020_s09,0,8,160.36,92.81,0,0
user_020,user_020_s09,0,9,135.48,62.76,0,0
user_020,user_020_s09,0,10,142.16,94.18,0,1
user_020,user_020_s09,0,11,62.37,95.87,0,0
user_020,user_020_s09,0,12,99.49,62.51,0,0
user_020,user_020_s09,0,13,205.09,73.52,0,0
user_020,user_020_s09,0,14,129.29,96.36,0,0
user_020,user_020_s09,0,15,220.62,100.7,0,0
user_020,user_020_s09,0,16,138.97,92.72,0,0
user_020,user_020_s09,0,17,191.41,94.39,0,0
user_020,user_020_s09,0,18,159.14,94.07,0,0
user_020,user_020_s09,0,19,198.53,84.09,0,0
user_020,user_020_s09,0,20,810.28,90.49,1,0
user_020,user_020_s09,0,21,179.49,69.14,0,0
user_020,user_020_s09,0,22,223.89,83.4,0,0
user_020,user_020_s09,0,23,190.74,92.86,0,0
user_020,user_020_s09,0,24,140.16,115.17,0,0
user_020,user_020_s09,0,25,88.46,91.48,0,0
user_020,user_020_s09,0,26,165.43,129.58,0,0
user_020,user_020_s09,0,27,188.96,127.28,0,0
user_020,user_020_s09,0,28,176.91,94.82,0,0
user_020,user_020_s09,0,29,131.89,86.38,0,0
user_020,user_020_s09,0,30,176.81,133.15,0,0
user_020,user_020_s09,0,31,198.98,106.62,0,0
user_020,user_020_s09,0,32,230.99,101.26,0,0
user_020,user_020_s09,0,33,160.33,81.01,0,0
user_020,user_020_s09,0,34,277.38,86.14,0,0
user_020,user_020_s09,0,35,233.59,76.14,0,1
user_020,user_020_s09,0,36,177.53,119.57,0,0
user_020,user_020_s09,0,37,181.6,102.36,0,0
user_020,user_020_s09,0,38,230.79,88.19,0,0
user_020,user_020_s09,0,39,128.16,85.36,0,0
user_020,user_020_s10,0,0,169.45,91.81,0,0
user_020,user_020_s10,0,1,156.81,76.94,0,0
user_020,user_020_s10,0,2,164.87,120.02,1,0
user_020,user_020_s10,0,3,287.07,88.58,0,0
user_020,user_020_s10,0,4,172.99,150.29,0,0
user_020,user_020_s10,0,5,204.41,86.79,0,0
user_020,user_020_s10,0,6,273.65,123.86,0,0
user_020,user_020_s10,0,7,222.04,128.47,0,0
user_020,user_020_s10,0,8,1218.96,82.82,0,0
user_020,user_020_s10,0,9,172.01,98.35,0,0
user_020,user_020_s10,0,10,926.35,102.19,0,0
user_020,user_020_s10,0,11,117.05,166.98,0,0
user_020,user_020_s10,0,12,1052.21,101.92,0,0
user_020,user_020_s10,0,13,74.32,86.34,0,0
user_020,user_020_s10,0,14,207.27,114.78,0,0
user_020,user_020_s10,0,15,657.77,87.92,1,0
user_020,user_020_s10,0,16,162.19,105.12,0,0
user_020,user_020_s10,0,17,114.14,98.26,0,0
user_020,user_020_s10,0,18,253.93,115.24,0,0
user_020,user_020_s10,0,19,168.29,96.4,0,0
user_020,user_020_s10,0,20,240.98,94.05,0,0
user_020,user_020_s10,0,21,187.6,125.03,0,0
user_020,user_020_s10,0,22,927.05,111.24,0,0
user_020,user_020_s10,0,23,218.59,106.69,0,0
user_020,user_020_s10,0,24,197.95,72.6,0,0
user_020,user_020_s10,0,25,156.45,117.05,0,0
user_020,user_020_s10,0,26,249.77,97.98,0,0
user_020,user_020_s10,0,27,184.13,111.06,0,0
user_020,user_020_s10,0,28,157.53,74.01,0,0
user_020,user_020_s10,0,29,186.23,111.04,0,0
user_020,user_020_s10,0,30,191.07,109.57,0,0
user_020,user_020_s10,0,31,231.23,102.19,0,0
user_020,user_020_s10,0,32,110.97,90.74,0,0
user_020,user_020_s10,0,33,297.06,126.55,0,0
user_020,user_020_s10,0,34,213.3,93.17,0,0
user_020,user_020_s10,0,35,192.39,122.08,0,0
user_020,user_020_s10,0,36,212.46,124.47,0,1
user_020,user_020_s10,0,37,126.27,91.67,0,0
user_020,user_020_s10,0,38,198.5,119.25,0,0
user_020,user_020_s10,0,39,221.46,98.7,0,0
user_020,user_020_s11,0,0,161.05,119.39,0,0
user_020,user_020_s11,0,1,192.18,91.49,0,0
user_020,user_020_s11,0,2,203.02,68.65,0,0
user_020,user_020_s11,0,3,171.59,107.99,0,0
user_020,user_020_s11,0,4,204.37,88.24,0,0
user_020,user_020_s11,0,5,147.96,103.33,0,0
user_020,user_020_s11,0,6,141.64,115.53,0,0
user_020,user_020_s11,0,7,169.92,106.81,0,0
user_020,user_020_s11,0,8,77.55,116.1,0,0
user_020,user_020_s11,0,9,213.13,77.93,0,0
user_020,user_020_s11,0,10,186.51,121.5,0,0
user_020,user_020_s11,0,11,173.19,95.39,0,0
user_020,user_020_s11,0,12,217.63,75.69,0,0
user_020,user_020_s11,0,13,199.77,57.75,0,0
user_020,user_020_s11,0,14,229.29,95.2,0,0
user_020,user_020_s11,0,15,251.81,86.86,0,0
user_020,user_020_s11,0,16,197.3,87.13,0,0
user_020,user_020_s11,0,17,1263.09,106.42,0,0
user_020,user_020_s11,0,18,214.51,130.61,0,0
user_020,user_020_s11,0,19,151.62,84.85,0,0
user_020,user_020_s11,0,20,149.62,102.19,0,0
user_020,user_020_s11,0,21,170.11,90.68,0,0
user_020,user_020_s11,0,22,233.41,83.36,0,0
user_020,user_020_s11,0,23,215.61,82.85,0,0
user_020,user_020_s11,0,24,221.53,129.25,0,0
user_020,user_020_s11,0,25,188.24,100.82,0,0
user_020,user_020_s11,0,26,207.72,97.27,0,0
user_020,user_020_s11,0,27,209.1,88.62,0,0
user_020,user_020_s11,0,28,152.85,101.76,0,0
user_020,user_020_s11,0,29,208.55,89.45,0,0
user_020,user_020_s11,0,30,182.71,134.27,0,0
user_020,user_020_s11,0,31,165.21,104.98,0,0
user_020,user_020_s11,0,32,167.3,103.02,0,0
user_020,user_020_s11,0,33,158.78,102.62,0,0
user_020,user_020_s11,0,34,170.62,123.41,0,0
user_020,user_020_s11,0,35,182.53,100.2,0,0
user_020,user_020_s11,0,36,211.89,92.27,0,0
user_020,user_020_s11,0,37,248.73,103.39,0,0
user_020,user_020_s11,0,38,207.68,114.39,0,0
user_020,user_020_s11,0,39,1254.87,121.23,0,0
user_020,user_020_s12,0,0,175.16,85.22,0,0
user_020,user_020_s12,0,1,183.98,112.92,0,0
user_020,user_020_s12,0,2,230.54,93.15,0,0
user_020,user_020_s12,0,3,172.19,66.59,0,0
user_020,user_020_s12,0,4,176.81,109.3,0,0
user_020,user_020_s12,0,5,161.67,120.28,0,0
user_020,user_020_s12,0,6,212.44,111.65,0,0
user_020,user_020_s12,0,7,122.78,91.72,0,0
user_020,user_020_s12,0,8,153.04,101.43,0,0
user_020,user_020_s12,0,9,172.07,106.87,0,0
user_020,user_020_s12,0,10,132.59,104.67,0,0
user_020,user_020_s12,0,11,1017.52,116.14,0,0
user_020,user_020_s12,0,12,186.03,111.13,0,0
user_020,user_020_s12,0,13,118.65,84.57,0,0
user_020,user_020_s12,0,14,189.95,95.13,0,0
user_020,user_020_s12,0,15,229.29,85.86,0,0
user_020,user_020_s12,0,16,1453.61,97.49,0,0
user_020,user_020_s12,0,17,231.54,62.06,0,0
user_020,user_020_s12,0,18,183.34,128.32,0,0
user_020,user_020_s12,0,19,180.93,81.06,0,0
user_020,user_020_s12,0,20,224.42,85.72,0,0
user_020,user_020_s12,0,21,181.02,96.12,1,0
user_020,user_020_s12,0,22,189.16,70.63,0,0
user_020,user_020_s12,0,23,176.16,88.82,0,0
user_020,user_020_s12,0,24,95.61,97.61,0,0
user_020,user_020_s12,0,25,190.08,123.44,0,0
user_020,user_020_s12,0,26,1178.85,97.15,0,0
user_020,user_020_s12,0,27,155.55,87.59,0,0
user_020,user_020_s12,0,28,60.89,75.03,0,0
user_020,user_020_s12,0,29,199.27,131.99,0,0
user_020,user_020_s12,0,30,134.59,96.01,1,0
user_020,user_020_s12,0,31,122.97,96.11,0,0
user_020,user_020_s12,0,32,118.82,70.74,0,0
user_020,user_020_s12,0,33,86.66,103.83,0,1
user_020,user_020_s12,0,34,192.27,84.41,0,0
user_020,user_020_s12,0,35,274.92,120.36,0,0
user_020,user_020_s12,0,36,146.83,102.78,0,0
user_020,user_020_s12,0,37,207.95,96.85,0,0
user_020,user_020_s12,0,38,168.05,71.59,0,0
user_020,user_020_s12,0,39,1069.01,92.96,0,0
user_020,user_020_s13,0,0,211.56,93.96,0,0
user_020,user_020_s13,0,1,216.33,90.28,0,0
user_020,user_020_s13,0,2,217.47,44.35,0,0
user_020,user_020_s13,0,3,166.72,125.54,0,0
user_020,user_020_s13,0,4,177.67,67.79,0,1
user_020,user_020_s13,0,5,136.75,111.77,0,0
user_020,user_020_s13,0,6,213.81,96.19,0,0
user_020,user_020_s13,0,7,148.75,95.47,0,0
user_020,user_020_s13,0,8,87.44,92.42,0,0
user_020,user_020_s13,0,9,155.3,99.47,0,0
user_020,user_020_s13,0,10,137.21,107.18,1,0
user_020,user_020_s13,0,11,56.44,112.61,0,0
user_020,user_020_s13,0,12,149.53,93.8,0,0
user_020,user_020_s13,0,13,208.69,74.96,0,0
user_020,user_020_s13,0,14,192.6,74.36,0,0
user_020,user_020_s13,0,15,192.52,114.13,0,0
user_020,user_020_s13,0,16,236.75,91.27,0,0
user_020,user_020_s13,0,17,149.29,78.12,0,0
user_020,user_020_s13,0,18,124.57,83.06,0,0
user_020,user_020_s13,0,19,196.1,94.36,0,0
user_020,user_020_s13,0,20,190.13,73.6,0,0
user_020,user_020_s13,0,21,119.3,95.46,0,0
user_020,user_020_s13,0,22,166.86,117.87,0,0
user_020,user_020_s13,0,23,198.04,93.93,0,0
user_020,user_020_s13,0,24,186.54,65.15,0,0
user_020,user_020_s13,0,25,206.48,111.15,0,0
user_020,user_020_s13,0,26,145.22,115.38,0,0
user_020,user_020_s13,0,27,112.66,116.3,0,0
user_020,user_020_s13,0,28,134.7,97.03,0,1
user_020,user_020_s13,0,29,212.26,136.69,0,0
user_020,user_020_s13,0,30,219.73,108.85,0,0
user_020,user_020_s13,0,31,167.24,148.18,0,0
user_020,user_020_s13,0,32,240.54,119.59,0,0
user_020,user_020_s13,0,33,167.48,116.92,0,0
user_020,user_020_s13,0,34,152.19,85.13,0,0
user_020,user_020_s13,0,35,112.99,79.46,0,0
user_020,user_020_s13,0,36,171.25,98.02,0,0
user_020,user_020_s13,0,37,220.82,92.64,0,0
user_020,user_020_s13,0,38,229.89,86.62,0,0
user_020,user_020_s13,0,39,221.2,93.73,0,1
user_021,user_021_s00,1,0,803.59,168.27,0,0
user_021,user_021_s00,1,1,676.87,91.87,1,0
user_021,user_021_s00,1,2,215.26,88.09,0,0
user_021,user_021_s00,1,3,125.54,86.98,0,1
user_021,user_021_s00,1,4,484.54,142.23,1,0
user_021,user_021_s00,1,5,62.68,73.9,0,0
user_021,user_021_s00,1,6,205.62,134.75,0,0
user_021,user_021_s00,1,7,355.38,44.25,0,0
user_021,user_021_s00,1,8,346.76,96.16,1,0
user_021,user_021_s00,1,9,236.0,104.79,0,0
user_021,user_021_s00,1,10,211.86,183.91,0,0
user_021,user_021_s00,1,11,1118.83,148.87,0,0
user_021,user_021_s00,1,12,337.1,92.04,0,0
user_021,user_021_s00,1,13,207.61,85.07,0,0
user_021,user_021_s00,1,14,211.3,78.4,0,0
user_021,user_021_s00,1,15,216.88,59.2,0,1
user_021,user_021_s00,1,16,1679.44,176.53,0,0
user_021,user_021_s00,1,17,48.46,74.89,0,0
user_021,user_021_s00,1,18,1540.44,181.04,0,0
user_021,user_021_s00,1,19,237.99,111.54,0,0
user_021,user_021_s00,1,20,40.0,103.76,0,0
user_021,user_021_s00,1,21,293.33,111.47,0,0
user_021,user_021_s00,1,22,310.37,159.14,0,0
user_021,user_021_s00,1,23,40.0,70.68,0,0
user_021,user_021_s00,1,24,150.79,129.07,1,0
user_021,user_021_s00,1,25,154.35,105.63,0,0
user_021,user_021_s00,1,26,635.28,124.57,0,0
user_021,user_021_s00,1,27,1066.07,98.53,0,0
user_021,user_021_s00,1,28,139.1,91.82,0,0
user_021,user_021_s00,1,29,260.42,129.8,0,0
user_021,user_021_s00,1,30,328.72,48.13,0,0
user_021,user_021_s00,1,31,254.19,167.03,0,0
user_021,user_021_s00,1,32,97.17,111.92,0,0
user_021,user_021_s00,1,33,279.82,83.74,0,0
user_021,user_021_s00,1,34,259.78,123.09,0,0
user_021,user_021_s00,1,35,40.0,77.53,0,0
user_021,user_021_s00,1,36,327.91,110.67,1,0
user_021,user_021_s00,1,37,209.38,110.93,0,1
user_021,user_021_s00,1,38,213.36,161.21,0,0
user_021,user_021_s00,1,39,40.0,119.24,0,0
user_021,user_021_s01,1,0,1099.34,154.99,0,0
user_021,user_021_s01,1,1,286.77,111.21,0,0
user_021,user_021_s01,1,2,395.79,61.06,0,0
user_021,user_021_s01,1,3,40.0,63.29,0,0
user_021,user_021_s01,1,4,268.4,124.01,0,0
user_021,user_021_s01,1,5,215.14,164.68,0,0
user_021,user_021_s01,1,6,192.45,116.48,0,0
user_021,user_021_s01,1,7,261.2,150.74,1,0
user_021,user_021_s01,1,8,377.33,119.91,0,1
user_021,user_021_s01,1,9,253.57,137.3,0,0
user_021,user_021_s01,1,10,331.0,157.88,0,0
user_021,user_021_s01,1,11,220.92,182.58,0,0
user_021,user_021_s01,1,12,265.48,136.46,0,1
user_021,user_021_s01,1,13,165.23,209.42,0,1
user_021,user_021_s01,1,14,1625.76,113.59,0,0
user_021,user_021_s01,1,15,195.23,182.26,0,0
user_021,user_021_s01,1,16,237.0,149.57,0,0
user_021,user_021_s01,1,17,42.67,43.11,0,0
user_021,user_021_s01,1,18,102.24,186.23,0,0
user_021,user_021_s01,1,19,1630.31,83.36,0,0
user_021,user_021_s01,1,20,378.97,112.89,0,0
user_021,user_021_s01,1,21,684.69,162.39,0,0
user_021,user_021_s01,1,22,162.68,91.03,0,0
user_021,user_021_s01,1,23,142.74,120.73,1,0
user_021,user_021_s01,1,24,253.16,152.86,1,0
user_021,user_021_s01,1,25,215.98,87.6,0,0
user_021,user_021_s01,1,26,300.24,113.47,0,0
user_021,user_021_s01,1,27,76.19,108.28,0,0
user_021,user_021_s01,1,28,263.81,166.39,0,0
user_021,user_021_s01,1,29,917.66,193.06,0,0
user_021,user_021_s01,1,30,143.91,75.34,0,0
user_021,user_021_s01,1,31,273.93,127.3,0,0
user_021,user_021_s01,1,32,197.96,100.75,0,0
user_021,user_021_s01,1,33,214.11,125.24,0,0
user_021,user_021_s01,1,34,372.6,201.81,0,0
user_021,user_021_s01,1,35,233.04,140.63,0,0
user_021,user_021_s01,1,36,439.72,99.03,0,0
user_021,user_021_s01,1,37,635.76,63.51,1,0
user_021,user_021_s01,1,38,224.16,167.94,0,0
user_021,user_021_s01,1,39,102.62,103.61,0,0
user_021,user_021_s02,0,0,226.24,125.73,0,0
user_021,user_021_s02,0,1,160.92,116.31,0,0
user_021,user_021_s02,0,2,229.15,88.46,0,0
user_021,user_021_s02,0,3,235.55,86.65,0,0
user_021,user_021_s02,0,4,269.08,100.12,0,0
user_021,user_021_s02,0,5,143.99,70.31,0,0
user_021,user_021_s02,0,6,176.35,73.82,0,0
user_021,user_021_s02,0,7,131.72,85.66,0,0
user_021,user_021_s02,0,8,330.15,40.86,0,0
user_021,user_021_s02,0,9,163.85,73.45,0,0
user_021,user_021_s02,0,10,250.34,88.84,0,0
user_021,user_021_s02,0,11,184.83,161.14,0,0
user_021,user_021_s02,0,12,227.14,81.54,0,0
user_021,user_021_s02,0,13,174.82,112.07,0,0
user_021,user_021_s02,0,14,229.7,91.98,0,0
user_021,user_021_s02,0,15,191.84,106.92,1,0
user_021,user_021_s02,0,16,275.47,71.27,0,0
user_021,user_021_s02,0,17,193.59,60.43,0,0
user_021,user_021_s02,0,18,133.38,128.86,0,0
user_021,user_021_s02,0,19,205.99,65.48,0,0
user_021,user_021_s02,0,20,176.21,131.35,0,0
user_021,user_021_s02,0,21,117.92,87.93,0,0
user_021,user_021_s02,0,22,197.86,77.25,0,0
user_021,user_021_s02,0,23,139.56,84.53,0,1
user_021,user_021_s02,0,24,161.87,134.13,0,0
user_021,user_021_s02,0,25,178.07,80.26,1,0
user_021,user_021_s02,0,26,57.0,87.67,0,0
user_021,user_021_s02,0,27,150.42,119.45,0,0
user_021,user_021_s02,0,28,229.74,107.71,0,0
user_021,user_021_s02,0,29,164.41,145.26,0,0
user_021,user_021_s02,0,30,64.35,123.9,0,0
user_021,user_021_s02,0,31,170.89,80.32,0,0
user_021,user_021_s02,0,32,1237.0,127.11,0,0
user_021,user_021_s02,0,33,158.23,51.61,0,0
user_021,user_021_s02,0,34,160.13,114.65,0,0
user_021,user_021_s02,0,35,149.54,81.29,0,0
user_021,user_021_s02,0,36,621.85,110.56,0,0
user_021,user_021_s02,0,37,127.55,142.59,0,0
user_021,user_021_s02,0,38,207.64,57.51,0,0
user_021,user_021_s02,0,39,159.98,118.22,0,0
user_021,user_021_s03,0,0,157.39,108.37,0,0
user_021,user_021_s03,0,1,193.77,97.83,0,0
user_021,user_021_s03,0,2,40.0,83.4,0,0
user_021,user_021_s03,0,3,186.53,111.42,0,0
user_021,user_021_s03,0,4,40.0,117.48,0,0
user_021,user_021_s03,0,5,249.67,68.41,0,0
user_021,user_021_s03,0,6,62.59,68.83,0,0
user_021,user_021_s03,0,7,116.5,146.14,0,0
user_021,user_021_s03,0,8,51.3,104.59,0,0
user_021,user_021_s03,0,9,268.92,129.01,0,0
user_021,user_021_s03,0,10,162.79,110.82,0,0
user_021,user_021_s03,0,11,293.84,100.69,0,0
user_021,user_021_s03,0,12,279.87,39.9,0,0
user_021,user_021_s03,0,13,236.63,61.34,0,0
user_021,user_021_s03,0,14,81.46,105.16,0,0
user_021,user_021_s03,0,15,173.2,68.74,0,0
user_021,user_021_s03,0,16,243.48,86.46,0,0
user_021,user_021_s03,0,17,186.27,111.24,0,0
user_021,user_021_s03,0,18,141.86,93.11,0,0
user_021,user_021_s03,0,19,1007.36,99.27,0,1
user_021,user_021_s03,0,20,189.71,122.43,0,0
user_021,user_021_s03,0,21,77.04,124.74,0,0
user_021,user_021_s03,0,22,130.33,88.61,0,0
user_021,user_021_s03,0,23,201.74,119.76,0,0
user_021,user_021_s03,0,24,214.69,67.43,0,0
user_021,user_021_s03,0,25,177.76,95.24,0,0
user_021,user_021_s03,0,26,139.64,103.18,0,0
user_021,user_021_s03,0,27,152.27,87.46,0,0
user_021,user_021_s03,0,28,119.36,84.73,0,0
user_021,user_021_s03,0,29,157.42,63.72,0,0
user_021,user_021_s03,0,30,213.27,89.1,0,0
user_021,user_021_s03,0,31,305.64,52.27,0,0
user_021,user_021_s03,0,32,93.02,86.81,0,0
user_021,user_021_s03,0,33,237.66,91.34,0,0
user_021,user_021_s03,0,34,185.92,107.38,0,0
user_021,user_021_s03,0,35,69.79,62.39,0,0
user_021,user_021_s03,0,36,157.79,97.89,0,0
user_021,user_021_s03,0,37,152.86,103.27,0,0
user_021,user_021_s03,0,38,163.41,89.41,0,0
user_021,user_021_s03,0,39,224.84,100.41,0,0
user_021,user_021_s04,0,0,92.29,76.56,0,0
user_021,user_021_s04,0,1,260.08,95.61,0,0
user_021,user_021_s04,0,2,173.99,91.17,0,0
user_021,user_021_s04,0,3,121.28,69.52,0,0
user_021,user_021_s04,0,4,190.39,89.5,0,0
user_021,user_021_s04,0,5,227.48,79.92,1,0
user_021,user_021_s04,0,6,117.3,100.62,0,0
user_021,user_021_s04,0,7,169.93,78.03,0,0
user_021,user_021_s04,0,8,227.88,75.18,0,0
user_021,user_021_s04,0,9,176.65,53.5,0,0
user_021,user_021_s04,0,10,199.42,143.5,0,0
user_021,user_021_s04,0,11,151.53,81.25,0,0
user_021,user_021_s04,0,12,74.92,65.37,0,0
user_021,user_021_s04,0,13,152.25,105.97,0,0
user_021,user_021_s04,0,14,134.17,96.22,0,0
user_021,user_021_s04,0,15,160.61,104.68,0,0
user_021,user_021_s04,0,16,134.81,107.16,0,0
user_021,user_021_s04,0,17,176.96,117.53,0,0
user_021,user_021_s04,0,18,146.69,66.91,0,0
user_021,user_021_s04,0,19,214.33,95.27,0,0
user_021,user_021_s04,0,20,203.02,54.87,0,0
user_021,user_021_s04,0,21,112.88,84.66,0,0
user_021,user_021_s04,0,22,240.54,107.55,0,0
user_021,user_021_s04,0,23,124.65,70.88,0,0
user_021,user_021_s04,0,24,101.18,144.07,0,0
user_021,user_021_s04,0,25,228.76,92.27,0,0
user_021,user_021_s04,0,26,132.32,49.46,0,0
user_021,user_021_s04,0,27,172.71,108.35,0,1
user_021,user_021_s04,0,28,91.61,143.82,0,0
user_021,user_021_s04,0,29,145.56,39.48,0,0
user_021,user_021_s04,0,30,160.23,108.57,0,0
user_021,user_021_s04,0,31,144.01,68.68,0,0
user_021,user_021_s04,0,32,136.91,90.58,0,0
user_021,user_021_s04,0,33,169.39,61.19,0,0
user_021,user_021_s04,0,34,224.94,111.83,0,0
user_021,user_021_s04,0,35,111.87,84.39,0,0
user_021,user_021_s04,0,36,40.0,119.01,0,0
user_021,user_021_s04,0,37,239.54,67.74,0,0
user_021,user_021_s04,0,38,128.46,87.01,0,0
user_021,user_021_s04,0,39,133.44,37.67,0,0
user_021,user_021_s05,0,0,296.41,91.48,0,0
user_021,user_021_s05,0,1,187.65,86.76,0,0
user_021,user_021_s05,0,2,223.91,96.84,0,0
user_021,user_021_s05,0,3,187.05,77.33,0,0
user_021,user_021_s05,0,4,215.79,73.12,0,0
user_021,user_021_s05,0,5,1099.4,65.37,0,0
user_021,user_021_s05,0,6,162.54,51.45,0,0
user_021,user_021_s05,0,7,221.16,77.39,0,0
user_021,user_021_s05,0,8,149.15,105.92,0,0
user_021,user_021_s05,0,9,232.4,88.68,0,0
user_021,user_021_s05,0,10,110.91,93.59,0,0
user_021,user_021_s05,0,11,173.09,83.83,0,0
user_021,user_021_s05,0,12,154.5,138.55,1,0
user_021,user_021_s05,0,13,324.07,97.18,0,0
user_021,user_021_s05,0,14,146.83,79.99,0,0
user_021,user_021_s05,0,15,194.25,68.56,0,0
user_021,user_021_s05,0,16,53.09,133.42,0,0
user_021,user_021_s05,0,17,101.29,60.48,0,0
user_021,user_021_s05,0,18,187.55,74.7,0,0
user_021,user_021_s05,0,19,154.2,74.71,0,0
user_021,user_021_s05,0,20,155.33,92.49,0,0
user_021,user_021_s05,0,21,1185.92,101.62,0,0
user_021,user_021_s05,0,22,158.82,94.91,0,0
user_021,user_021_s05,0,23,69.47,84.77,0,0
user_021,user_021_s05,0,24,164.57,60.6,0,0
user_021,user_021_s05,0,25,156.81,136.78,0,0
user_021,user_021_s05,0,26,232.07,99.51,0,0
user_021,user_021_s05,0,27,218.53,106.6,0,0
user_021,user_021_s05,0,28,40.0,77.48,0,0
user_021,user_021_s05,0,29,126.65,86.35,0,0
user_021,user_021_s05,0,30,275.13,120.77,0,0
user_021,user_021_s05,0,31,222.67,41.68,0,0
user_021,user_021_s05,0,32,198.38,111.18,0,0
user_021,user_021_s05,0,33,140.22,87.52,1,0
user_021,user_021_s05,0,34,212.97,103.05,0,0
user_021,user_021_s05,0,35,80.96,132.29,0,0
user_021,user_021_s05,0,36,136.52,82.12,0,0
user_021,user_021_s05,0,37,189.83,30.05,0,0
user_021,user_021_s05,0,38,205.21,67.76,0,0
user_021,user_021_s05,0,39,182.32,93.61,0,0
user_021,user_021_s06,1,0,106.95,106.06,0,0
user_021,user_021_s06,1,1,102.12,199.59,1,0
user_021,user_021_s06,1,2,131.03,137.95,0,0
user_021,user_021_s06,1,3,40.0,111.66,0,1
user_021,user_021_s06,1,4,164.72,160.32,1,0
user_021,user_021_s06,1,5,131.06,88.24,0,1
user_021,user_021_s06,1,6,300.54,65.97,0,1
user_021,user_021_s06,1,7,230.92,147.36,0,0
user_021,user_021_s06,1,8,67.88,130.97,0,0
user_021,user_021_s06,1,9,131.14,152.11,0,0
user_021,user_021_s06,1,10,420.31,151.16,0,0
user_021,user_021_s06,1,11,104.52,191.89,0,0
user_021,user_021_s06,1,12,283.17,49.35,0,0
user_021,user_021_s06,1,13,128.38,94.52,0,0
user_021,user_021_s06,1,14,95.14,97.26,0,0
user_021,user_021_s06,1,15,142.61,157.16,0,0
user_021,user_021_s06,1,16,349.76,124.47,0,0
user_021,user_021_s06,1,17,47.34,157.32,0,0
user_021,user_021_s06,1,18,265.98,120.78,0,0
user_021,user_021_s06,1,19,915.94,108.36,0,0
user_021,user_021_s06,1,20,141.57,137.15,0,0
user_021,user_021_s06,1,21,301.03,119.88,0,0
user_021,user_021_s06,1,22,285.01,125.17,0,0
user_021,user_021_s06,1,23,115.36,135.96,0,0
user_021,user_021_s06,1,24,100.62,126.98,0,0
user_021,user_021_s06,1,25,182.55,149.58,1,0
user_021,user_021_s06,1,26,209.53,111.25,0,0
user_021,user_021_s06,1,27,160.33,116.1,1,0
user_021,user_021_s06,1,28,256.56,67.9,0,0
user_021,user_021_s06,1,29,118.74,149.6,0,0
user_021,user_021_s06,1,30,104.55,179.58,0,0
user_021,user_021_s06,1,31,198.8,34.91,0,0
user_021,user_021_s06,1,32,221.91,135.51,0,0
user_021,user_021_s06,1,33,333.45,103.11,0,0
user_021,user_021_s06,1,34,245.16,101.53,0,1
user_021,user_021_s06,1,35,271.42,134.96,1,0
user_021,user_021_s06,1,36,162.88,107.89,1,0
user_021,user_021_s06,1,37,163.57,125.28,0,0
user_021,user_021_s06,1,38,132.97,94.31,0,0
user_021,user_021_s06,1,39,217.21,171.08,0,0
user_021,user_021_s07,1,0,171.61,85.9,0,0
user_021,user_021_s07,1,1,142.62,176.21,0,0
user_021,user_021_s07,1,2,270.66,123.84,1,0
user_021,user_021_s07,1,3,56.53,78.13,0,0
user_021,user_021_s07,1,4,202.64,134.25,0,1
user_021,user_021_s07,1,5,40.0,131.15,0,0
user_021,user_021_s07,1,6,137.98,141.38,0,0
user_021,user_021_s07,1,7,164.22,114.97,0,0
user_021,user_021_s07,1,8,360.01,90.89,0,1
user_021,user_021_s07,1,9,196.24,60.42,1,0
user_021,user_021_s07,1,10,120.62,94.65,0,0
user_021,user_021_s07,1,11,197.81,48.72,0,1
user_021,user_021_s07,1,12,358.33,128.55,0,0
user_021,user_021_s07,1,13,40.0,50.77,0,0
user_021,user_021_s07,1,14,1440.61,101.78,0,0
user_021,user_021_s07,1,15,250.11,146.02,0,0
user_021,user_021_s07,1,16,867.11,106.41,0,0
user_021,user_021_s07,1,17,179.75,113.87,0,0
user_021,user_021_s07,1,18,357.97,134.37,0,0
user_021,user_021_s07,1,19,284.68,137.22,1,0
user_021,user_021_s07,1,20,105.61,158.62,0,0
user_021,user_021_s07,1,21,213.7,139.26,0,0
user_021,user_021_s07,1,22,338.41,130.88,0,1
user_021,user_021_s07,1,23,266.27,36.28,0,0
user_021,user_021_s07,1,24,1393.08,126.14,1,0
user_021,user_021_s07,1,25,78.54,183.94,0,0
user_021,user_021_s07,1,26,447.33,142.69,0,0
user_021,user_021_s07,1,27,284.99,155.83,0,0
user_021,user_021_s07,1,28,393.29,88.78,0,0
user_021,user_021_s07,1,29,799.7,113.47,0,0
user_021,user_021_s07,1,30,209.56,139.31,0,0
user_021,user_021_s07,1,31,145.71,134.35,0,0
user_021,user_021_s07,1,32,310.87,148.51,0,0
user_021,user_021_s07,1,33,364.14,70.01,0,0
user_021,user_021_s07,1,34,317.61,83.93,0,0
user_021,user_021_s07,1,35,441.44,63.51,0,0
user_021,user_021_s07,1,36,224.79,126.83,1,0
user_021,user_021_s07,1,37,148.11,108.64,0,0
user_021,user_021_s07,1,38,237.66,108.35,0,0
user_021,user_021_s07,1,39,293.42,88.52,0,0
user_021,user_021_s08,0,0,159.42,107.03,0,0
user_021,user_021_s08,0,1,1007.5,37.36,0,0
user_021,user_021_s08,0,2,134.87,49.76,0,0
user_021,user_021_s08,0,3,151.72,105.85,0,0
user_021,user_021_s08,0,4,162.57,89.35,0,0
user_021,user_021_s08,0,5,96.04,40.7,0,0
user_021,user_021_s08,0,6,174.87,77.08,0,0
user_021,user_021_s08,0,7,159.04,91.5,0,0
user_021,user_021_s08,0,8,272.65,61.58,0,0
user_021,user_021_s08,0,9,245.72,53.52,0,0
user_021,user_021_s08,0,10,115.95,47.84,0,0
user_021,user_021_s08,0,11,150.61,107.19,0,0
user_021,user_021_s08,0,12,118.27,111.8,0,0
user_021,user_021_s08,0,13,143.94,105.05,0,0
user_021,user_021_s08,0,14,209.17,116.23,0,0
user_021,user_021_s08,0,15,152.86,117.35,0,0
user_021,user_021_s08,0,16,952.54,51.88,0,0
user_021,user_021_s08,0,17,194.3,110.82,0,0
user_021,user_021_s08,0,18,45.51,90.0,0,0
user_021,user_021_s08,0,19,136.25,131.85,0,0
user_021,user_021_s08,0,20,239.05,166.65,0,0
user_021,user_021_s08,0,21,241.84,82.8,0,0
user_021,user_021_s08,0,22,235.27,80.24,0,0
user_021,user_021_s08,0,23,86.8,78.39,0,1
user_021,user_021_s08,0,24,86.36,89.06,0,0
user_021,user_021_s08,0,25,129.97,92.81,0,0
user_021,user_021_s08,0,26,159.6,149.14,0,0
user_021,user_021_s08,0,27,115.96,90.73,0,0
user_021,user_021_s08,0,28,60.5,77.32,0,0
user_021,user_021_s08,0,29,213.17,87.68,0,0
user_021,user_021_s08,0,30,203.42,68.06,0,0
user_021,user_021_s08,0,31,124.29,48.09,0,0
user_021,user_021_s08,0,32,200.54,83.91,0,0
user_021,user_021_s08,0,33,214.09,142.01,0,0
user_021,user_021_s08,0,34,40.0,108.18,0,0
user_021,user_021_s08,0,35,196.53,76.15,0,0
user_021,user_021_s08,0,36,155.3,95.59,0,0
user_021,user_021_s08,0,37,40.0,146.24,1,0
user_021,user_021_s08,0,38,218.46,92.03,0,0
user_021,user_021_s08,0,39,163.52,66.54,0,0
user_021,user_021_s09,1,0,1507.31,139.77,0,0
user_021,user_021_s09,1,1,437.94,110.54,0,0
user_021,user_021_s09,1,2,170.52,81.07,0,0
user_021,user_021_s09,1,3,90.92,185.62,0,0
user_021,user_021_s09,1,4,1126.9,74.81,0,0
user_021,user_021_s09,1,5,885.29,68.9,0,0
user_021,user_021_s09,1,6,276.49,69.11,0,1
user_021,user_021_s09,1,7,283.5,86.33,0,1
user_021,user_021_s09,1,8,169.1,122.16,0,0
user_021,user_021_s09,1,9,92.45,108.41,0,0
user_021,user_021_s09,1,10,488.73,143.86,0,0
user_021,user_021_s09,1,11,80.19,71.13,0,0
user_021,user_021_s09,1,12,1285.55,80.96,0,0
user_021,user_021_s09,1,13,222.4,127.12,0,0
user_021,user_021_s09,1,14,315.45,76.8,1,0
user_021,user_021_s09,1,15,201.6,58.88,0,0
user_021,user_021_s09,1,16,989.52,51.33,0,0
user_021,user_021_s09,1,17,287.44,118.02,0,0
user_021,user_021_s09,1,18,1782.34,117.11,0,0
user_021,user_021_s09,1,19,153.37,114.99,0,0
user_021,user_021_s09,1,20,565.47,175.0,1,0
user_021,user_021_s09,1,21,206.45,133.81,0,0
user_021,user_021_s09,1,22,294.99,120.22,0,1
user_021,user_021_s09,1,23,502.78,180.9,1,0
user_021,user_021_s09,1,24,206.1,164.11,0,0
user_021,user_021_s09,1,25,280.99,87.35,0,0
user_021,user_021_s09,1,26,40.0,157.78,0,0
user_021,user_021_s09,1,27,871.94,200.03,0,0
user_021,user_021_s09,1,28,216.97,200.2,0,0
user_021,user_021_s09,1,29,333.27,164.18,1,0
user_021,user_021_s09,1,30,1090.74,137.68,0,0
user_021,user_021_s09,1,31,80.97,133.28,0,0
user_021,user_021_s09,1,32,1480.72,185.81,0,0
user_021,user_021_s09,1,33,1186.92,59.98,0,0
user_021,user_021_s09,1,34,128.1,177.28,0,0
user_021,user_021_s09,1,35,224.75,126.08,0,0
user_021,user_021_s09,1,36,40.0,78.67,0,0
user_021,user_021_s09,1,37,189.78,66.99,1,0
user_021,user_021_s09,1,38,396.45,43.42,0,0
user_021,user_021_s09,1,39,40.0,145.62,0,0
user_021,user_021_s10,0,0,156.16,101.32,0,0
user_021,user_021_s10,0,1,134.9,118.08,0,0
user_021,user_021_s10,0,2,267.43,51.0,0,0
user_021,user_021_s10,0,3,85.85,105.99,0,0
user_021,user_021_s10,0,4,197.62,93.66,0,0
user_021,user_021_s10,0,5,215.74,106.58,0,0
user_021,user_021_s10,0,6,1094.73,97.71,0,0
user_021,user_021_s10,0,7,122.49,97.92,0,0
user_021,user_021_s10,0,8,106.4,109.39,0,0
user_021,user_021_s10,0,9,235.08,89.59,0,0
user_021,user_021_s10,0,10,148.7,148.52,0,0
user_021,user_021_s10,0,11,171.07,79.94,0,0
user_021,user_021_s10,0,12,91.86,136.16,0,0
user_021,user_021_s10,0,13,138.9,73.41,0,0
user_021,user_021_s10,0,14,140.06,96.3,0,0
user_021,user_021_s10,0,15,173.54,109.75,0,0
user_021,user_021_s10,0,16,168.4,80.63,0,1
user_021,user_021_s10,0,17,272.36,79.02,0,0
user_021,user_021_s10,0,18,226.79,95.89,0,0
user_021,user_021_s10,0,19,82.33,123.44,0,0
user_021,user_021_s10,0,20,245.87,104.39,0,0
user_021,user_021_s10,0,21,237.82,146.83,0,0
user_021,user_021_s10,0,22,190.3,115.69,0,0
user_021,user_021_s10,0,23,244.01,91.76,0,0
user_021,user_021_s10,0,24,256.7,39.39,0,0
user_021,user_021_s10,0,25,157.87,66.16,1,0
user_021,user_021_s10,0,26,114.91,96.26,0,0
user_021,user_021_s10,0,27,219.37,65.83,0,0
user_021,user_021_s10,0,28,138.58,97.96,0,0
user_021,user_021_s10,0,29,201.78,107.7,0,0
user_021,user_021_s10,0,30,125.55,95.62,0,0
user_021,user_021_s10,0,31,243.32,96.12,0,0
user_021,user_021_s10,0,32,141.86,148.3,0,0
user_021,user_021_s10,0,33,173.96,104.01,0,0
user_021,user_021_s10,0,34,170.2,99.24,0,0
user_021,user_021_s10,0,35,103.41,79.19,0,0
user_021,user_021_s10,0,36,249.49,102.39,0,0
user_021,user_021_s10,0,37,261.53,91.27,0,0
user_021,user_021_s10,0,38,177.91,144.65,0,0
user_021,user_021_s10,0,39,141.85,115.8,0,0
user_021,user_021_s11,0,0,337.34,119.39,0,0
user_021,user_021_s11,0,1,206.82,87.5,0,0
user_021,user_021_s11,0,2,226.39,106.58,0,0
user_021,user_021_s11,0,3,190.08,83.7,0,0
user_021,user_021_s11,0,4,95.67,96.8,0,0
user_021,user_021_s11,0,5,202.58,92.66,0,0
user_021,user_021_s11,0,6,262.56,84.19,0,1
user_021,user_021_s11,0,7,138.22,129.21,0,0
user_021,user_021_s11,0,8,73.75,130.93,0,0
user_021,user_021_s11,0,9,216.88,115.24,0,0
user_021,user_021_s11,0,10,79.5,148.12,0,0
user_021,user_021_s11,0,11,90.28,69.46,0,0
user_021,user_021_s11,0,12,86.63,95.33,0,0
user_021,user_021_s11,0,13,65.07,92.09,0,0
user_021,user_021_s11,0,14,244.19,116.87,0,0
user_021,user_021_s11,0,15,190.4,70.75,0,0
user_021,user_021_s11,0,16,302.68,115.89,0,0
user_021,user_021_s11,0,17,225.3,66.48,0,0
user_021,user_021_s11,0,18,302.96,117.78,0,0
user_021,user_021_s11,0,19,144.61,127.3,0,0
user_021,user_021_s11,0,20,203.51,73.76,0,0
user_021,user_021_s11,0,21,107.72,91.67,0,0
user_021,user_021_s11,0,22,166.07,128.13,0,0
user_021,user_021_s11,0,23,266.27,132.85,0,0
user_021,user_021_s11,0,24,179.93,66.84,0,0
user_021,user_021_s11,0,25,168.56,109.08,0,0
user_021,user_021_s11,0,26,181.0,115.57,0,0
user_021,user_021_s11,0,27,190.7,100.05,0,0
user_021,user_021_s11,0,28,190.78,133.89,0,0
user_021,user_021_s11,0,29,260.33,87.46,1,0
user_021,user_021_s11,0,30,140.1,90.55,0,0
user_021,user_021_s11,0,31,170.2,84.83,0,0
user_021,user_021_s11,0,32,188.03,106.01,0,0
user_021,user_021_s11,0,33,129.42,93.98,0,0
user_021,user_021_s11,0,34,156.15,120.69,0,0
user_021,user_021_s11,0,35,227.16,92.13,0,0
user_021,user_021_s11,0,36,134.06,96.38,0,0
user_021,user_021_s11,0,37,344.66,106.19,0,0
user_021,user_021_s11,0,38,278.1,82.06,1,0
user_021,user_021_s11,0,39,192.66,125.31,0,0
user_021,user_021_s12,0,0,253.21,90.08,0,0
user_021,user_021_s12,0,1,216.95,81.21,0,0
user_021,user_021_s12,0,2,244.49,85.08,0,0
user_021,user_021_s12,0,3,203.91,115.12,0,0
user_021,user_021_s12,0,4,142.92,87.98,0,0
user_021,user_021_s12,0,5,244.13,98.57,0,0
user_021,user_021_s12,0,6,187.9,87.17,0,0
user_021,user_021_s12,0,7,199.39,119.22,0,0
user_021,user_021_s12,0,8,100.51,82.0,0,0
user_021,user_021_s12,0,9,134.81,132.98,0,0
user_021,user_021_s12,0,10,157.34,83.8,0,0
user_021,user_021_s12,0,11,210.71,83.82,0,0
user_021,user_021_s12,0,12,284.96,144.13,0,1
user_021,user_021_s12,0,13,225.45,72.25,0,0
user_021,user_021_s12,0,14,169.16,96.35,0,0
user_021,user_021_s12,0,15,122.01,120.91,0,0
user_021,user_021_s12,0,16,252.85,61.09,0,0
user_021,user_021_s12,0,17,198.49,103.27,0,0
user_021,user_021_s12,0,18,40.0,61.19,0,0
user_021,user_021_s12,0,19,240.83,98.08,0,0
user_021,user_021_s12,0,20,201.69,144.89,0,0
user_021,user_021_s12,0,21,54.0,42.18,0,0
user_021,user_021_s12,0,22,216.22,95.45,0,0
user_021,user_021_s12,0,23,184.76,86.57,0,0
user_021,user_021_s12,0,24,102.77,73.64,0,0
user_021,user_021_s12,0,25,299.13,61.4,1,0
user_021,user_021_s12,0,26,1370.0,122.95,0,0
user_021,user_021_s12,0,27,151.41,101.85,0,0
user_021,user_021_s12,0,28,133.89,53.7,0,0
user_021,user_021_s12,0,29,168.51,75.18,0,0
user_021,user_021_s12,0,30,170.42,84.37,0,1
user_021,user_021_s12,0,31,213.43,60.43,0,0
user_021,user_021_s12,0,32,165.68,99.27,0,0
user_021,user_021_s12,0,33,155.47,103.19,0,0
user_021,user_021_s12,0,34,188.93,102.86,0,0
user_021,user_021_s12,0,35,154.11,144.53,0,0
user_021,user_021_s12,0,36,172.87,75.19,0,0
user_021,user_021_s12,0,37,260.52,86.15,0,0
user_021,user_021_s12,0,38,151.32,84.88,0,0
user_021,user_021_s12,0,39,169.37,117.23,0,0
user_021,user_021_s13,0,0,171.13,70.63,0,0
user_021,user_021_s13,0,1,205.66,125.77,0,0
user_021,user_021_s13,0,2,177.82,97.2,0,0
user_021,user_021_s13,0,3,226.12,110.24,0,0
user_021,user_021_s13,0,4,165.25,133.15,0,0
user_021,user_021_s13,0,5,178.17,98.27,0,0
user_021,user_021_s13,0,6,278.36,122.11,0,0
user_021,user_021_s13,0,7,249.44,108.68,0,0
user_021,user_021_s13,0,8,141.99,82.77,0,0
user_021,user_021_s13,0,9,143.52,96.22,0,0
user_021,user_021_s13,0,10,147.59,82.01,0,0
user_021,user_021_s13,0,11,116.7,113.91,0,0
user_021,user_021_s13,0,12,150.15,122.94,0,0
user_021,user_021_s13,0,13,175.37,67.58,0,0
user_021,user_021_s13,0,14,137.21,79.0,0,0
user_021,user_021_s13,0,15,212.41,91.21,0,0
user_021,user_021_s13,0,16,84.52,80.5,0,0
user_021,user_021_s13,0,17,113.42,94.1,0,0
user_021,user_021_s13,0,18,221.06,108.08,0,0
user_021,user_021_s13,0,19,293.74,129.69,0,0
user_021,user_021_s13,0,20,197.28,87.75,0,0
user_021,user_021_s13,0,21,133.65,86.65,0,0
user_021,user_021_s13,0,22,117.33,108.29,0,0
user_021,user_021_s13,0,23,160.51,98.37,0,0
user_021,user_021_s13,0,24,256.61,63.07,0,0
user_021,user_021_s13,0,25,212.58,79.37,0,0
user_021,user_021_s13,0,26,110.07,91.35,0,0
user_021,user_021_s13,0,27,203.69,117.73,0,0
user_021,user_021_s13,0,28,266.46,125.5,0,0
user_021,user_021_s13,0,29,251.59,74.65,0,0
user_021,user_021_s13,0,30,260.36,81.45,0,0
user_021,user_021_s13,0,31,229.32,119.67,0,0
user_021,user_021_s13,0,32,107.43,88.65,0,0
user_021,user_021_s13,0,33,135.22,107.82,1,0
user_021,user_021_s13,0,34,284.3,94.98,0,0
user_021,user_021_s13,0,35,162.57,100.18,0,0
user_021,user_021_s13,0,36,950.73,89.73,1,0
user_021,user_021_s13,0,37,217.97,125.57,0,0
user_021,user_021_s13,0,38,244.64,63.1,0,0
user_021,user_021_s13,0,39,177.77,90.13,0,1
user_022,user_022_s00,0,0,171.07,106.79,0,0
user_022,user_022_s00,0,1,170.81,72.66,0,0
user_022,user_022_s00,0,2,148.62,77.69,0,0
user_022,user_022_s00,0,3,200.48,48.99,0,0
user_022,user_022_s00,0,4,115.83,83.09,0,0
user_022,user_022_s00,0,5,92.42,69.21,0,0
user_022,user_022_s00,0,6,158.74,66.69,0,0
user_022,user_022_s00,0,7,129.24,96.93,0,0
user_022,user_022_s00,0,8,228.09,77.77,0,0
user_022,user_022_s00,0,9,122.43,95.17,0,0
user_022,user_022_s00,0,10,188.94,78.63,0,0
user_022,user_022_s00,0,11,164.09,90.26,0,0
user_022,user_022_s00,0,12,81.04,57.25,0,0
user_022,user_022_s00,0,13,169.43,63.03,0,0
user_022,user_022_s00,0,14,114.21,88.58,0,0
user_022,user_022_s00,0,15,249.68,110.56,0,0
user_022,user_022_s00,0,16,108.12,88.81,0,0
user_022,user_022_s00,0,17,102.21,80.81,0,0
user_022,user_022_s00,0,18,46.35,107.19,0,0
user_022,user_022_s00,0,19,109.18,76.67,0,0
user_022,user_022_s00,0,20,175.36,66.41,0,0
user_022,user_022_s00,0,21,97.4,80.66,0,0
user_022,user_022_s00,0,22,906.33,87.15,0,0
user_022,user_022_s00,0,23,154.6,58.08,1,0
user_022,user_022_s00,0,24,99.88,82.83,0,0
user_022,user_022_s00,0,25,137.88,49.95,0,0
user_022,user_022_s00,0,26,101.4,75.21,0,0
user_022,user_022_s00,0,27,681.12,77.76,0,0
user_022,user_022_s00,0,28,62.35,79.97,0,0
user_022,user_022_s00,0,29,175.85,45.8,0,0
user_022,user_022_s00,0,30,111.14,82.32,0,0
user_022,user_022_s00,0,31,1253.9,96.04,0,0
user_022,user_022_s00,0,32,163.81,105.52,0,0
user_022,user_022_s00,0,33,149.41,106.32,0,0
user_022,user_022_s00,0,34,234.59,80.99,0,0
user_022,user_022_s00,0,35,124.63,124.51,0,0
user_022,user_022_s00,0,36,82.46,67.06,0,0
user_022,user_022_s00,0,37,239.52,67.62,0,0
user_022,user_022_s00,0,38,159.63,80.86,0,0
user_022,user_022_s00,0,39,149.99,95.21,0,0
user_022,user_022_s01,0,0,139.19,93.63,0,0
user_022,user_022_s01,0,1,163.7,100.34,0,0
user_022,user_022_s01,0,2,84.29,84.13,0,0
user_022,user_022_s01,0,3,92.64,79.86,0,0
user_022,user_022_s01,0,4,209.59,62.26,0,0
user_022,user_022_s01,0,5,119.34,78.49,0,0
user_022,user_022_s01,0,6,182.82,93.8,0,0
user_022,user_022_s01,0,7,248.82,77.13,0,0
user_022,user_022_s01,0,8,148.23,110.04,0,0
user_022,user_022_s01,0,9,868.2,93.78,0,0
user_022,user_022_s01,0,10,143.26,54.43,0,0
user_022,user_022_s01,0,11,129.25,67.09,0,0
user_022,user_022_s01,0,12,140.6,87.64,0,0
user_022,user_022_s01,0,13,169.43,48.6,0,0
user_022,user_022_s01,0,14,174.5,73.63,0,0
user_022,user_022_s01,0,15,48.71,59.15,0,0
user_022,user_022_s01,0,16,190.4,76.41,0,0
user_022,user_022_s01,0,17,149.76,59.29,0,0
user_022,user_022_s01,0,18,112.18,94.38,0,0
user_022,user_022_s01,0,19,170.18,66.66,0,0
user_022,user_022_s01,0,20,91.03,87.48,0,0
user_022,user_022_s01,0,21,93.1,49.2,0,0
user_022,user_022_s01,0,22,184.59,70.29,0,0
user_022,user_022_s01,0,23,140.59,52.99,0,0
user_022,user_022_s01,0,24,207.15,96.86,0,0
user_022,user_022_s01,0,25,107.19,61.95,0,0
user_022,user_022_s01,0,26,150.54,74.14,0,0
user_022,user_022_s01,0,27,154.8,81.93,0,0
user_022,user_022_s01,0,28,155.62,62.45,0,0
user_022,user_022_s01,0,29,165.15,54.4,1,0
user_022,user_022_s01,0,30,158.01,78.98,0,0
user_022,user_022_s01,0,31,138.47,41.41,0,1
user_022,user_022_s01,0,32,51.51,99.5,1,0
user_022,user_022_s01,0,33,175.95,73.27,0,0
user_022,user_022_s01,0,34,40.0,49.54,0,0
user_022,user_022_s01,0,35,82.91,71.0,0,0
user_022,user_022_s01,0,36,106.37,85.94,0,0
user_022,user_022_s01,0,37,177.68,61.2,0,0
user_022,user_022_s01,0,38,127.77,41.24,0,0
user_022,user_022_s01,0,39,220.78,73.5,0,0
user_022,user_022_s02,0,0,165.65,77.03,0,0
user_022,user_022_s02,0,1,162.8,74.09,1,0
user_022,user_022_s02,0,2,145.2,86.54,0,0
user_022,user_022_s02,0,3,227.82,92.27,0,0
user_022,user_022_s02,0,4,107.24,68.99,0,0
user_022,user_022_s02,0,5,118.4,81.84,0,0
user_022,user_022_s02,0,6,141.52,95.87,0,0
user_022,user_022_s02,0,7,110.3,87.24,0,0
user_022,user_022_s02,0,8,121.94,65.47,0,0
user_022,user_022_s02,0,9,178.15,69.34,0,0
user_022,user_022_s02,0,10,103.64,55.29,0,0
user_022,user_022_s02,0,11,106.66,105.04,0,0
user_022,user_022_s02,0,12,157.97,78.23,0,0
user_022,user_022_s02,0,13,73.82,47.9,0,0
user_022,user_022_s02,0,14,128.72,57.9,0,1
user_022,user_022_s02,0,15,126.4,70.07,0,0
user_022,user_022_s02,0,16,160.15,96.6,0,0
user_022,user_022_s02,0,17,167.98,69.41,0,0
user_022,user_022_s02,0,18,125.27,83.51,0,0
user_022,user_022_s02,0,19,128.55,60.12,0,0
user_022,user_022_s02,0,20,130.8,84.23,0,0
user_022,user_022_s02,0,21,118.7,95.88,0,0
user_022,user_022_s02,0,22,189.66,86.81,0,0
user_022,user_022_s02,0,23,154.61,29.21,0,0
user_022,user_022_s02,0,24,188.51,70.09,0,0
user_022,user_022_s02,0,25,93.47,54.03,0,0
user_022,user_022_s02,0,26,187.85,84.7,0,0
user_022,user_022_s02,0,27,137.66,74.04,0,0
user_022,user_022_s02,0,28,162.7,103.16,0,0
user_022,user_022_s02,0,29,47.69,66.9,0,0
user_022,user_022_s02,0,30,204.49,74.09,0,0
user_022,user_022_s02,0,31,151.89,70.61,0,0
user_022,user_022_s02,0,32,215.02,85.55,0,0
user_022,user_022_s02,0,33,181.67,55.56,0,0
user_022,user_022_s02,0,34,41.56,55.05,0,0
user_022,user_022_s02,0,35,199.84,62.8,0,0
user_022,user_022_s02,0,36,140.65,83.17,0,0
user_022,user_022_s02,0,37,160.83,91.23,0,0
user_022,user_022_s02,0,38,156.39,71.15,0,0
user_022,user_022_s02,0,39,127.98,83.29,0,0
user_022,user_022_s03,0,0,183.12,116.02,0,0
user_022,user_022_s03,0,1,154.9,98.84,0,0
user_022,user_022_s03,0,2,184.69,78.37,0,0
user_022,user_022_s03,0,3,209.5,97.57,0,0
user_022,user_022_s03,0,4,159.33,82.13,0,0
user_022,user_022_s03,0,5,148.3,56.43,0,0
user_022,user_022_s03,0,6,185.83,104.2,0,0
user_022,user_022_s03,0,7,228.66,94.66,0,0
user_022,user_022_s03,0,8,94.66,137.84,0,0
user_022,user_022_s03,0,9,100.12,76.15,0,0
user_022,user_022_s03,0,10,219.06,98.7,0,0
user_022,user_022_s03,0,11,132.31,72.54,0,0
user_022,user_022_s03,0,12,211.52,70.3,0,0
user_022,user_022_s03,0,13,126.44,127.05,1,0
user_022,user_022_s03,0,14,135.54,49.09,0,0
user_022,user_022_s03,0,15,202.44,84.98,0,0
user_022,user_022_s03,0,16,188.86,116.49,0,0
user_022,user_022_s03,0,17,106.01,58.18,0,0
user_022,user_022_s03,0,18,182.78,76.52,0,0
user_022,user_022_s03,0,19,126.68,101.65,0,0
user_022,user_022_s03,0,20,175.65,64.2,0,0
user_022,user_022_s03,0,21,159.03,91.37,0,0
user_022,user_022_s03,0,22,148.74,71.5,0,0
user_022,user_022_s03,0,23,128.97,109.27,0,0
user_022,user_022_s03,0,24,82.24,108.64,0,0
user_022,user_022_s03,0,25,128.37,77.01,0,0
user_022,user_022_s03,0,26,187.16,34.58,0,0
user_022,user_022_s03,0,27,176.59,94.67,0,0
user_022,user_022_s03,0,28,1465.61,103.67,0,0
user_022,user_022_s03,0,29,205.45,94.82,0,0
user_022,user_022_s03,0,30,172.72,92.57,0,0
user_022,user_022_s03,0,31,184.1,90.21,0,0
user_022,user_022_s03,0,32,110.79,79.45,0,0
user_022,user_022_s03,0,33,236.96,71.92,0,0
user_022,user_022_s03,0,34,178.34,86.11,0,0
user_022,user_022_s03,0,35,225.3,81.14,0,0
user_022,user_022_s03,0,36,129.27,97.43,0,0
user_022,user_022_s03,0,37,76.14,70.05,0,0
user_022,user_022_s03,0,38,115.4,77.48,0,0
user_022,user_022_s03,0,39,203.52,86.51,0,0
user_022,user_022_s04,0,0,90.8,69.31,0,0
user_022,user_022_s04,0,1,178.27,87.93,0,0
user_022,user_022_s04,0,2,93.75,65.61,0,0
user_022,user_022_s04,0,3,169.75,69.27,0,0
user_022,user_022_s04,0,4,157.75,86.85,0,0
user_022,user_022_s04,0,5,131.97,39.58,0,0
user_022,user_022_s04,0,6,199.08,93.84,0,0
user_022,user_022_s04,0,7,123.26,102.4,0,0
user_022,user_022_s04,0,8,138.87,102.05,0,0
user_022,user_022_s04,0,9,84.81,63.89,0,0
user_022,user_022_s04,0,10,40.0,81.68,0,0
user_022,user_022_s04,0,11,185.78,68.41,0,0
user_022,user_022_s04,0,12,111.35,49.96,0,0
user_022,user_022_s04,0,13,190.06,77.9,0,0
user_022,user_022_s04,0,14,123.14,50.48,0,0
user_022,user_022_s04,0,15,133.94,86.96,0,0
user_022,user_022_s04,0,16,147.91,90.85,0,0
user_022,user_022_s04,0,17,114.85,99.23,0,0
user_022,user_022_s04,0,18,67.13,85.41,0,0
user_022,user_022_s04,0,19,100.12,68.98,0,0
user_022,user_022_s04,0,20,96.63,72.97,0,0
user_022,user_022_s04,0,21,137.28,78.5,0,0
user_022,user_022_s04,0,22,188.31,102.27,0,0
user_022,user_022_s04,0,23,106.59,102.46,0,0
user_022,user_022_s04,0,24,134.35,74.83,0,0
user_022,user_022_s04,0,25,149.36,93.76,0,0
user_022,user_022_s04,0,26,103.55,67.17,0,0
user_022,user_022_s04,0,27,155.86,84.06,0,0
user_022,user_022_s04,0,28,187.58,70.12,0,0
user_022,user_022_s04,0,29,156.22,80.65,0,0
user_022,user_022_s04,0,30,136.54,61.74,0,0
user_022,user_022_s04,0,31,101.47,51.12,0,0
user_022,user_022_s04,0,32,133.51,54.21,0,0
user_022,user_022_s04,0,33,105.38,86.67,0,0
user_022,user_022_s04,0,34,112.75,56.56,0,0
user_022,user_022_s04,0,35,133.35,70.27,0,0
user_022,user_022_s04,0,36,129.54,92.12,0,0
user_022,user_022_s04,0,37,184.59,96.2,0,0
user_022,user_022_s04,0,38,112.69,58.95,0,0
user_022,user_022_s04,0,39,156.01,33.74,0,0
user_022,user_022_s05,0,0,200.06,63.57,0,0
user_022,user_022_s05,0,1,92.94,92.48,0,0
user_022,user_022_s05,0,2,146.92,92.14,0,0
user_022,user_022_s05,0,3,134.93,106.43,1,0
user_022,user_022_s05,0,4,126.08,55.51,0,0
user_022,user_022_s05,0,5,119.82,64.45,0,0
user_022,user_022_s05,0,6,152.14,65.45,0,0
user_022,user_022_s05,0,7,1533.84,88.3,0,0
user_022,user_022_s05,0,8,211.09,83.79,0,0
user_022,user_022_s05,0,9,132.5,89.89,0,0
user_022,user_022_s05,0,10,128.83,42.44,0,0
user_022,user_022_s05,0,11,40.0,105.94,0,0
user_022,user_022_s05,0,12,210.08,83.99,0,0
user_022,user_022_s05,0,13,84.9,89.62,0,0
user_022,user_022_s05,0,14,166.44,86.39,0,0
user_022,user_022_s05,0,15,158.1,68.68,1,0
user_022,user_022_s05,0,16,189.05,89.01,0,0
user_022,user_022_s05,0,17,106.12,81.17,0,0
user_022,user_022_s05,0,18,170.59,80.94,0,0
user_022,user_022_s05,0,19,217.35,88.57,0,0
user_022,user_022_s05,0,20,155.44,78.0,0,0
user_022,user_022_s05,0,21,106.27,55.68,0,0
user_022,user_022_s05,0,22,80.06,76.6,0,0
user_022,user_022_s05,0,23,211.16,108.65,0,0
user_022,user_022_s05,0,24,125.65,70.0,0,0
user_022,user_022_s05,0,25,134.46,81.49,0,0
user_022,user_022_s05,0,26,257.27,94.62,0,0
user_022,user_022_s05,0,27,186.06,117.42,0,0
user_022,user_022_s05,0,28,195.94,75.28,0,0
user_022,user_022_s05,0,29,217.93,58.05,0,0
user_022,user_022_s05,0,30,75.94,91.75,0,0
user_022,user_022_s05,0,31,213.19,65.41,0,0
user_022,user_022_s05,0,32,219.23,85.06,0,0
user_022,user_022_s05,0,33,125.34,90.57,0,0
user_022,user_022_s05,0,34,178.48,71.32,0,0
user_022,user_022_s05,0,35,188.04,74.99,0,0
user_022,user_022_s05,0,36,555.38,94.35,0,0
user_022,user_022_s05,0,37,954.9,99.2,0,0
user_022,user_022_s05,0,38,116.95,80.6,0,0
user_022,user_022_s05,0,39,260.09,82.81,1,0
user_022,user_022_s06,1,0,40.0,86.64,0,0
user_022,user_022_s06,1,1,205.91,114.57,0,0
user_022,user_022_s06,1,2,250.38,154.74,1,0
user_022,user_022_s06,1,3,224.29,67.2,0,0
user_022,user_022_s06,1,4,217.33,88.92,0,1
user_022,user_022_s06,1,5,259.01,80.59,0,0
user_022,user_022_s06,1,6,172.96,53.05,0,0
user_022,user_022_s06,1,7,60.29,52.66,0,0
user_022,user_022_s06,1,8,710.86,76.91,0,0
user_022,user_022_s06,1,9,280.29,87.22,1,0
user_022,user_022_s06,1,10,1106.98,142.72,0,0
user_022,user_022_s06,1,11,152.16,129.65,0,0
user_022,user_022_s06,1,12,240.68,74.22,0,1
user_022,user_022_s06,1,13,1243.84,123.02,0,0
user_022,user_022_s06,1,14,164.11,74.87,0,0
user_022,user_022_s06,1,15,189.75,96.66,0,0
user_022,user_022_s06,1,16,156.33,109.27,0,0
user_022,user_022_s06,1,17,227.72,163.98,0,0
user_022,user_022_s06,1,18,111.73,107.58,0,0
user_022,user_022_s06,1,19,205.9,54.08,0,0
user_022,user_022_s06,1,20,247.2,122.14,0,1
user_022,user_022_s06,1,21,874.87,134.18,0,0
user_022,user_022_s06,1,22,199.72,126.57,0,0
user_022,user_022_s06,1,23,186.0,68.9,0,0
user_022,user_022_s06,1,24,221.57,103.16,0,0
user_022,user_022_s06,1,25,153.12,98.8,0,0
user_022,user_022_s06,1,26,170.64,153.55,0,0
user_022,user_022_s06,1,27,111.64,118.24,0,0
user_022,user_022_s06,1,28,159.97,151.93,0,0
user_022,user_022_s06,1,29,40.0,77.62,0,0
user_022,user_022_s06,1,30,182.82,92.71,0,0
user_022,user_022_s06,1,31,227.81,82.88,0,0
user_022,user_022_s06,1,32,175.51,129.33,0,0
user_022,user_022_s06,1,33,251.18,134.25,0,0
user_022,user_022_s06,1,34,1577.72,111.32,0,1
user_022,user_022_s06,1,35,179.4,102.25,0,0
user_022,user_022_s06,1,36,104.33,112.15,0,0
user_022,user_022_s06,1,37,264.21,57.0,0,0
user_022,user_022_s06,1,38,248.73,86.75,0,0
user_022,user_022_s06,1,39,215.01,89.22,0,0
user_022,user_022_s07,0,0,127.26,94.28,0,0
user_022,user_022_s07,0,1,178.58,79.42,0,0
user_022,user_022_s07,0,2,157.99,75.79,0,0
user_022,user_022_s07,0,3,49.79,72.62,0,0
user_022,user_022_s07,0,4,203.14,82.52,0,0
user_022,user_022_s07,0,5,129.88,97.37,0,0
user_022,user_022_s07,0,6,141.79,99.76,0,0
user_022,user_022_s07,0,7,144.1,97.77,0,0
user_022,user_022_s07,0,8,100.9,68.03,0,0
user_022,user_022_s07,0,9,163.71,66.22,0,0
user_022,user_022_s07,0,10,52.31,61.6,0,0
user_022,user_022_s07,0,11,198.15,79.03,0,0
user_022,user_022_s07,0,12,147.04,92.85,0,0
user_022,user_022_s07,0,13,154.83,66.27,0,0
user_022,user_022_s07,0,14,162.07,73.05,0,0
user_022,user_022_s07,0,15,119.14,87.77,0,0
user_022,user_022_s07,0,16,195.1,70.6,0,0
user_022,user_022_s07,0,17,106.55,72.92,0,0
user_022,user_022_s07,0,18,94.34,96.06,0,0
user_022,user_022_s07,0,19,145.33,76.72,0,0
user_022,user_022_s07,0,20,77.61,63.52,0,0
user_022,user_022_s07,0,21,113.6,78.0,0,0
user_022,user_022_s07,0,22,150.28,83.98,0,0
user_022,user_022_s07,0,23,171.32,120.73,0,0
user_022,user_022_s07,0,24,137.06,103.24,0,0
user_022,user_022_s07,0,25,98.61,132.93,0,0
user_022,user_022_s07,0,26,123.76,57.4,0,0
user_022,user_022_s07,0,27,109.09,100.98,0,0
user_022,user_022_s07,0,28,134.39,103.84,0,0
user_022,user_022_s07,0,29,111.21,76.84,0,0
user_022,user_022_s07,0,30,95.37,69.33,0,0
user_022,user_022_s07,0,31,89.85,89.37,0,1
user_022,user_022_s07,0,32,57.19,70.51,0,0
user_022,user_022_s07,0,33,186.67,56.0,0,0
user_022,user_022_s07,0,34,170.46,51.15,0,0
user_022,user_022_s07,0,35,84.23,49.74,0,0
user_022,user_022_s07,0,36,167.58,80.43,0,0
user_022,user_022_s07,0,37,140.6,88.2,0,0
user_022,user_022_s07,0,38,81.42,59.0,0,0
user_022,user_022_s07,0,39,92.13,84.88,0,0
user_022,user_022_s08,1,0,181.53,119.3,0,0
user_022,user_022_s08,1,1,322.1,32.65,0,0
user_022,user_022_s08,1,2,163.11,117.41,0,0
user_022,user_022_s08,1,3,205.82,48.05,0,0
user_022,user_022_s08,1,4,897.8,101.74,0,0
user_022,user_022_s08,1,5,245.45,66.36,0,0
user_022,user_022_s08,1,6,331.64,108.49,0,1
user_022,user_022_s08,1,7,256.95,69.22,0,1
user_022,user_022_s08,1,8,820.44,55.42,0,0
user_022,user_022_s08,1,9,220.0,105.29,0,0
user_022,user_022_s08,1,10,40.0,97.98,0,0
user_022,user_022_s08,1,11,94.99,123.85,0,0
user_022,user_022_s08,1,12,245.63,74.33,0,0
user_022,user_022_s08,1,13,148.36,38.29,0,0
user_022,user_022_s08,1,14,170.62,118.52,0,0
user_022,user_022_s08,1,15,96.26,146.75,0,0
user_022,user_022_s08,1,16,302.74,72.58,0,0
user_022,user_022_s08,1,17,1498.92,111.56,0,0
user_022,user_022_s08,1,18,149.48,82.33,1,0
user_022,user_022_s08,1,19,150.38,164.54,1,0
user_022,user_022_s08,1,20,1423.17,74.48,0,0
user_022,user_022_s08,1,21,266.26,92.06,0,0
user_022,user_022_s08,1,22,40.0,20.0,0,0
user_022,user_022_s08,1,23,232.68,151.38,0,0
user_022,user_022_s08,1,24,215.86,74.18,0,1
user_022,user_022_s08,1,25,187.55,141.32,0,0
user_022,user_022_s08,1,26,762.74,69.2,0,0
user_022,user_022_s08,1,27,92.08,90.87,0,0
user_022,user_022_s08,1,28,40.0,65.13,0,0
user_022,user_022_s08,1,29,110.34,59.51,0,0
user_022,user_022_s08,1,30,1049.3,83.01,0,0
user_022,user_022_s08,1,31,120.92,88.68,0,0
user_022,user_022_s08,1,32,207.28,80.39,0,1
user_022,user_022_s08,1,33,63.52,38.0,1,0
user_022,user_022_s08,1,34,292.43,104.14,0,0
user_022,user_022_s08,1,35,349.58,22.07,0,0
user_022,user_022_s08,1,36,192.15,81.37,0,1
user_022,user_022_s08,1,37,226.19,35.85,0,1
user_022,user_022_s08,1,38,40.0,126.73,0,0
user_022,user_022_s08,1,39,187.25,138.89,0,0
user_022,user_022_s09,1,0,373.47,121.78,0,0
user_022,user_022_s09,1,1,244.27,91.75,0,1
user_022,user_022_s09,1,2,141.88,76.95,0,0
user_022,user_022_s09,1,3,148.08,114.84,0,0
user_022,user_022_s09,1,4,263.36,134.97,0,0
user_022,user_022_s09,1,5,257.53,106.64,0,0
user_022,user_022_s09,1,6,273.56,106.55,0,0
user_022,user_022_s09,1,7,239.42,74.92,0,0
user_022,user_022_s09,1,8,123.01,125.65,0,0
user_022,user_022_s09,1,9,315.17,127.81,0,0
user_022,user_022_s09,1,10,300.72,107.12,0,0
user_022,user_022_s09,1,11,171.82,81.25,0,0
user_022,user_022_s09,1,12,227.91,112.76,0,0
user_022,user_022_s09,1,13,214.43,115.27,0,0
user_022,user_022_s09,1,14,172.87,109.1,0,0
user_022,user_022_s09,1,15,114.13,78.01,0,0
user_022,user_022_s09,1,16,243.42,117.88,0,0
user_022,user_022_s09,1,17,89.32,115.17,0,1
user_022,user_022_s09,1,18,156.18,122.81,1,0
user_022,user_022_s09,1,19,328.23,106.25,1,0
user_022,user_022_s09,1,20,231.63,148.6,0,0
user_022,user_022_s09,1,21,229.15,110.26,0,0
user_022,user_022_s09,1,22,178.61,151.93,0,1
user_022,user_022_s09,1,23,84.14,116.97,0,0
user_022,user_022_s09,1,24,231.47,75.77,0,0
user_022,user_022_s09,1,25,237.78,135.25,0,0
user_022,user_022_s09,1,26,259.8,99.45,0,0
user_022,user_022_s09,1,27,171.3,97.07,0,0
user_022,user_022_s09,1,28,170.1,141.28,0,0
user_022,user_022_s09,1,29,242.94,73.05,0,0
user_022,user_022_s09,1,30,106.78,58.06,0,0
user_022,user_022_s09,1,31,261.21,103.78,0,0
user_022,user_022_s09,1,32,188.63,119.31,0,0
user_022,user_022_s09,1,33,222.43,136.2,0,0
user_022,user_022_s09,1,34,372.67,114.64,0,0
user_022,user_022_s09,1,35,180.3,43.18,1,0
user_022,user_022_s09,1,36,210.97,81.35,0,0
user_022,user_022_s09,1,37,202.81,72.74,0,0
user_022,user_022_s09,1,38,53.01,54.08,0,0
user_022,user_022_s09,1,39,246.18,105.24,0,0
user_022,user_022_s10,1,0,1521.7,118.68,0,0
user_022,user_022_s10,1,1,243.53,197.56,0,0
user_022,user_022_s10,1,2,344.96,99.4,0,0
user_022,user_022_s10,1,3,105.2,103.35,0,0
user_022,user_022_s10,1,4,323.13,131.63,0,0
user_022,user_022_s10,1,5,453.22,147.31,0,0
user_022,user_022_s10,1,6,196.24,144.43,0,0
user_022,user_022_s10,1,7,212.42,149.49,0,0
user_022,user_022_s10,1,8,145.08,112.17,0,0
user_022,user_022_s10,1,9,221.89,149.85,0,0
user_022,user_022_s10,1,10,231.2,188.36,0,0
user_022,user_022_s10,1,11,40.0,144.12,0,0
user_022,user_022_s10,1,12,264.32,93.76,0,0
user_022,user_022_s10,1,13,303.01,132.48,0,0
user_022,user_022_s10,1,14,148.21,58.31,0,0
user_022,user_022_s10,1,15,183.73,141.05,0,0
user_022,user_022_s10,1,16,282.68,67.34,0,1
user_022,user_022_s10,1,17,144.48,141.54,1,0
user_022,user_022_s10,1,18,274.52,117.95,0,0
user_022,user_022_s10,1,19,851.93,150.45,0,0
user_022,user_022_s10,1,20,398.28,120.71,0,0
user_022,user_022_s10,1,21,1083.45,163.16,0,0
user_022,user_022_s10,1,22,175.22,137.01,0,0
user_022,user_022_s10,1,23,235.94,153.46,0,0
user_022,user_022_s10,1,24,225.72,107.25,0,0
user_022,user_022_s10,1,25,343.62,105.62,0,0
user_022,user_022_s10,1,26,339.54,75.85,0,0
user_022,user_022_s10,1,27,160.0,83.82,0,0
user_022,user_022_s10,1,28,201.78,122.22,0,0
user_022,user_022_s10,1,29,162.72,121.24,0,0
user_022,user_022_s10,1,30,148.95,131.71,0,0
user_022,user_022_s10,1,31,40.0,97.77,0,0
user_022,user_022_s10,1,32,348.05,124.49,0,0
user_022,user_022_s10,1,33,164.61,161.08,0,0
user_022,user_022_s10,1,34,182.04,132.69,0,0
user_022,user_022_s10,1,35,432.12,120.45,0,0
user_022,user_022_s10,1,36,166.95,128.1,0,0
user_022,user_022_s10,1,37,202.49,157.89,0,0
user_022,user_022_s10,1,38,237.5,124.62,0,0
user_022,user_022_s10,1,39,243.02,103.05,0,0
user_022,user_022_s11,0,0,182.09,62.36,0,0
user_022,user_022_s11,0,1,100.87,70.15,0,0
user_022,user_022_s11,0,2,96.47,80.78,0,0
user_022,user_022_s11,0,3,180.48,86.55,0,0
user_022,user_022_s11,0,4,124.13,87.82,0,0
user_022,user_022_s11,0,5,93.15,93.91,0,0
user_022,user_022_s11,0,6,154.24,36.11,0,0
user_022,user_022_s11,0,7,149.05,88.45,0,0
user_022,user_022_s11,0,8,136.82,80.08,0,0
user_022,user_022_s11,0,9,215.63,70.07,0,0
user_022,user_022_s11,0,10,228.39,84.54,0,0
user_022,user_022_s11,0,11,187.81,96.22,0,0
user_022,user_022_s11,0,12,164.29,64.33,0,0
user_022,user_022_s11,0,13,206.45,104.76,0,0
user_022,user_022_s11,0,14,152.24,100.22,0,0
user_022,user_022_s11,0,15,136.65,86.45,0,0
user_022,user_022_s11,0,16,119.36,58.19,0,0
user_022,user_022_s11,0,17,110.55,118.11,0,0
user_022,user_022_s11,0,18,186.4,84.93,0,0
user_022,user_022_s11,0,19,78.64,82.52,0,0
user_022,user_022_s11,0,20,118.89,81.9,0,0
user_022,user_022_s11,0,21,129.56,89.69,0,0
user_022,user_022_s11,0,22,82.82,96.33,0,0
user_022,user_022_s11,0,23,127.88,79.44,0,0
user_022,user_022_s11,0,24,149.4,57.84,0,0
user_022,user_022_s11,0,25,190.8,98.24,0,0
user_022,user_022_s11,0,26,122.8,65.42,0,0
user_022,user_022_s11,0,27,149.71,62.06,0,0
user_022,user_022_s11,0,28,78.97,78.75,0,0
user_022,user_022_s11,0,29,91.29,71.8,0,0
user_022,user_022_s11,0,30,60.82,86.63,0,0
user_022,user_022_s11,0,31,188.66,90.0,0,0
user_022,user_022_s11,0,32,738.6,71.54,0,0
user_022,user_022_s11,0,33,155.04,82.04,0,0
user_022,user_022_s11,0,34,168.46,71.27,0,0
user_022,user_022_s11,0,35,181.1,93.49,0,0
user_022,user_022_s11,0,36,234.18,88.58,0,0
user_022,user_022_s11,0,37,143.41,92.61,0,0
user_022,user_022_s11,0,38,113.69,74.84,0,1
user_022,user_022_s11,0,39,176.22,84.47,0,0
user_022,user_022_s12,1,0,184.74,99.56,1,0
user_022,user_022_s12,1,1,276.25,109.56,0,0
user_022,user_022_s12,1,2,222.85,162.54,0,0
user_022,user_022_s12,1,3,40.0,109.03,0,0
user_022,user_022_s12,1,4,122.66,163.0,0,1
user_022,user_022_s12,1,5,123.48,123.16,0,0
user_022,user_022_s12,1,6,246.8,91.43,0,0
user_022,user_022_s12,1,7,40.0,55.41,1,0
user_022,user_022_s12,1,8,217.92,108.7,1,0
user_022,user_022_s12,1,9,251.79,155.2,0,0
user_022,user_022_s12,1,10,990.35,83.6,0,0
user_022,user_022_s12,1,11,183.27,119.17,0,1
user_022,user_022_s12,1,12,40.0,163.61,0,0
user_022,user_022_s12,1,13,166.86,37.8,1,0
user_022,user_022_s12,1,14,331.45,120.35,0,0
user_022,user_022_s12,1,15,134.66,126.3,0,0
user_022,user_022_s12,1,16,398.67,118.77,1,0
user_022,user_022_s12,1,17,268.44,40.42,0,0
user_022,user_022_s12,1,18,177.72,76.35,0,0
user_022,user_022_s12,1,19,212.78,25.9,0,0
user_022,user_022_s12,1,20,226.92,55.11,0,1
user_022,user_022_s12,1,21,136.44,137.31,0,0
user_022,user_022_s12,1,22,151.97,92.67,0,1
user_022,user_022_s12,1,23,380.97,136.38,0,0
user_022,user_022_s12,1,24,333.15,134.3,0,0
user_022,user_022_s12,1,25,155.4,62.49,0,0
user_022,user_022_s12,1,26,117.27,111.66,1,0
user_022,user_022_s12,1,27,447.6,44.9,0,0
user_022,user_022_s12,1,28,396.37,115.67,0,0
user_022,user_022_s12,1,29,288.71,121.34,0,0
user_022,user_022_s12,1,30,309.83,96.58,0,0
user_022,user_022_s12,1,31,139.65,41.25,0,0
user_022,user_022_s12,1,32,133.39,48.64,0,0
user_022,user_022_s12,1,33,103.7,201.93,0,0
user_022,user_022_s12,1,34,40.0,128.86,0,0
user_022,user_022_s12,1,35,108.16,94.62,0,0
user_022,user_022_s12,1,36,1482.81,141.73,0,0
user_022,user_022_s12,1,37,826.09,161.2,0,0
user_022,user_022_s12,1,38,132.73,151.26,0,0
user_022,user_022_s12,1,39,1317.18,97.87,0,0
user_022,user_022_s13,0,0,176.7,87.64,0,0
user_022,user_022_s13,0,1,224.5,93.21,0,0
user_022,user_022_s13,0,2,71.24,43.19,0,0
user_022,user_022_s13,0,3,49.98,79.47,0,0
user_022,user_022_s13,0,4,144.69,70.75,0,0
user_022,user_022_s13,0,5,165.14,82.72,0,0
user_022,user_022_s13,0,6,138.06,78.36,0,0
user_022,user_022_s13,0,7,42.18,88.71,0,0
user_022,user_022_s13,0,8,61.65,46.97,0,0
user_022,user_022_s13,0,9,113.93,98.36,0,0
user_022,user_022_s13,0,10,154.9,65.76,0,0
user_022,user_022_s13,0,11,120.73,72.67,0,0
user_022,user_022_s13,0,12,145.92,43.84,0,0
user_022,user_022_s13,0,13,144.67,73.21,0,0
user_022,user_022_s13,0,14,177.75,74.73,0,1
user_022,user_022_s13,0,15,84.97,73.64,0,0
user_022,user_022_s13,0,16,140.37,62.0,0,0
user_022,user_022_s13,0,17,200.27,53.41,0,0
user_022,user_022_s13,0,18,101.42,86.43,0,0
user_022,user_022_s13,0,19,108.65,44.23,0,0
user_022,user_022_s13,0,20,140.28,89.33,0,0
user_022,user_022_s13,0,21,676.17,105.11,0,0
user_022,user_022_s13,0,22,84.82,114.38,0,0
user_022,user_022_s13,0,23,121.06,55.83,0,0
user_022,user_022_s13,0,24,125.63,85.53,0,0
user_022,user_022_s13,0,25,169.79,65.07,0,0
user_022,user_022_s13,0,26,96.69,96.77,0,0
user_022,user_022_s13,0,27,137.81,82.02,0,0
user_022,user_022_s13,0,28,191.2,69.87,0,0
user_022,user_022_s13,0,29,788.28,58.9,0,0
user_022,user_022_s13,0,30,1162.1,68.5,0,0
user_022,user_022_s13,0,31,144.84,63.09,0,0
user_022,user_022_s13,0,32,96.31,74.62,0,0
user_022,user_022_s13,0,33,149.27,75.53,0,0
user_022,user_022_s13,0,34,204.33,65.21,0,0
user_022,user_022_s13,0,35,194.08,63.62,0,0
user_022,user_022_s13,0,36,135.47,86.18,0,0
user_022,user_022_s13,0,37,151.8,87.48,0,0
user_022,user_022_s13,0,38,103.84,60.63,0,0
user_022,user_022_s13,0,39,95.22,74.08,0,0
user_023,user_023_s00,1,0,335.81,144.49,0,0
user_023,user_023_s00,1,1,276.32,142.68,0,1
user_023,user_023_s00,1,2,185.76,110.45,0,1
user_023,user_023_s00,1,3,58.83,114.64,1,0
user_023,user_023_s00,1,4,771.15,174.5,0,0
user_023,user_023_s00,1,5,226.95,159.94,0,1
user_023,user_023_s00,1,6,305.43,201.88,0,0
user_023,user_023_s00,1,7,1383.37,46.54,0,0
user_023,user_023_s00,1,8,289.06,146.67,0,0
user_023,user_023_s00,1,9,260.59,52.05,0,0
user_023,user_023_s00,1,10,984.93,128.0,0,0
user_023,user_023_s00,1,11,342.99,122.04,0,0
user_023,user_023_s00,1,12,949.55,92.04,0,0
user_023,user_023_s00,1,13,188.11,109.57,0,0
user_023,user_023_s00,1,14,213.79,119.46,0,0
user_023,user_023_s00,1,15,242.06,143.33,0,0
user_023,user_023_s00,1,16,1604.52,91.99,0,0
user_023,user_023_s00,1,17,195.53,105.23,0,0
user_023,user_023_s00,1,18,305.61,145.98,0,0
user_023,user_023_s00,1,19,132.66,152.45,0,0
user_023,user_023_s00,1,20,206.99,214.38,0,0
user_023,user_023_s00,1,21,70.66,134.56,0,0
user_023,user_023_s00,1,22,157.02,149.63,0,0
user_023,user_023_s00,1,23,113.89,121.83,0,0
user_023,user_023_s00,1,24,300.05,174.56,0,1
user_023,user_023_s00,1,25,255.71,98.86,0,0
user_023,user_023_s00,1,26,175.02,126.92,0,0
user_023,user_023_s00,1,27,40.0,137.23,0,0
user_023,user_023_s00,1,28,116.92,144.93,0,0
user_023,user_023_s00,1,29,874.66,159.43,1,0
user_023,user_023_s00,1,30,211.35,122.49,0,0
user_023,user_023_s00,1,31,301.98,158.02,0,0
user_023,user_023_s00,1,32,123.98,83.23,0,0
user_023,user_023_s00,1,33,131.1,137.25,0,0
user_023,user_023_s00,1,34,104.75,67.89,0,0
user_023,user_023_s00,1,35,240.79,121.75,0,0
user_023,user_023_s00,1,36,64.78,210.14,0,0
user_023,user_023_s00,1,37,590.89,137.71,0,0
user_023,user_023_s00,1,38,923.08,113.61,0,0
user_023,user_023_s00,1,39,364.08,145.76,0,0
user_023,user_023_s01,0,0,144.66,63.2,0,0
user_023,user_023_s01,0,1,174.97,117.63,0,0
user_023,user_023_s01,0,2,229.98,89.08,0,0
user_023,user_023_s01,0,3,178.99,87.47,0,0
user_023,user_023_s01,0,4,187.64,85.9,0,0
user_023,user_023_s01,0,5,111.77,88.88,0,0
user_023,user_023_s01,0,6,171.41,58.45,0,0
user_023,user_023_s01,0,7,107.0,97.23,0,0
user_023,user_023_s01,0,8,207.33,93.24,0,0
user_023,user_023_s01,0,9,167.79,81.96,0,0
user_023,user_023_s01,0,10,1148.79,93.26,0,0
user_023,user_023_s01,0,11,187.13,85.16,0,0
user_023,user_023_s01,0,12,138.0,87.75,1,0
user_023,user_023_s01,0,13,138.28,97.44,0,0
user_023,user_023_s01,0,14,115.31,84.75,0,0
user_023,user_023_s01,0,15,250.02,73.88,0,0
user_023,user_023_s01,0,16,150.96,104.17,1,0
user_023,user_023_s01,0,17,146.61,68.0,0,0
user_023,user_023_s01,0,18,196.4,109.95,0,0
user_023,user_023_s01,0,19,162.77,82.43,0,0
user_023,user_023_s01,0,20,47.71,106.48,0,0
user_023,user_023_s01,0,21,261.94,117.57,0,0
user_023,user_023_s01,0,22,138.54,88.04,0,0
user_023,user_023_s01,0,23,120.79,106.41,0,0
user_023,user_023_s01,0,24,154.17,101.64,0,0
user_023,user_023_s01,0,25,136.75,92.81,0,0
user_023,user_023_s01,0,26,137.69,101.09,0,0
user_023,user_023_s01,0,27,167.93,83.69,0,0
user_023,user_023_s01,0,28,70.48,121.59,0,0
user_023,user_023_s01,0,29,198.43,90.87,0,0
user_023,user_023_s01,0,30,209.24,74.8,0,0
user_023,user_023_s01,0,31,78.89,80.65,0,0
user_023,user_023_s01,0,32,184.66,106.71,0,0
user_023,user_023_s01,0,33,119.99,71.05,0,0
user_023,user_023_s01,0,34,140.61,126.52,0,0
user_023,user_023_s01,0,35,179.54,114.96,0,0
user_023,user_023_s01,0,36,204.92,64.92,0,0
user_023,user_023_s01,0,37,178.52,104.46,0,0
user_023,user_023_s01,0,38,93.69,70.12,0,0
user_023,user_023_s01,0,39,165.36,72.77,0,0
user_023,user_023_s02,1,0,231.3,126.04,0,1
user_023,user_023_s02,1,1,304.28,157.21,0,0
user_023,user_023_s02,1,2,293.49,109.53,0,0
user_023,user_023_s02,1,3,337.03,67.27,0,0
user_023,user_023_s02,1,4,827.65,185.4,0,0
user_023,user_023_s02,1,5,251.75,110.28,0,0
user_023,user_023_s02,1,6,351.7,212.75,0,0
user_023,user_023_s02,1,7,400.53,174.89,0,0
user_023,user_023_s02,1,8,165.23,103.62,0,0
user_023,user_023_s02,1,9,374.27,162.74,0,0
user_023,user_023_s02,1,10,172.48,160.24,0,0
user_023,user_023_s02,1,11,273.18,209.52,0,0
user_023,user_023_s02,1,12,280.85,118.29,0,0
user_023,user_023_s02,1,13,201.5,128.88,0,0
user_023,user_023_s02,1,14,233.44,156.34,0,0
user_023,user_023_s02,1,15,69.3,139.21,0,0
user_023,user_023_s02,1,16,326.5,81.11,0,0
user_023,user_023_s02,1,17,223.12,180.33,0,0
user_023,user_023_s02,1,18,247.43,204.39,1,0
user_023,user_023_s02,1,19,192.72,144.79,0,0
user_023,user_023_s02,1,20,326.84,85.96,0,0
user_023,user_023_s02,1,21,1496.36,133.8,0,0
user_023,user_023_s02,1,22,133.24,100.95,0,0
user_023,user_023_s02,1,23,240.16,127.77,0,0
user_023,user_023_s02,1,24,145.01,146.11,0,0
user_023,user_023_s02,1,25,253.85,165.53,0,0
user_023,user_023_s02,1,26,322.17,196.43,0,0
user_023,user_023_s02,1,27,271.62,164.33,0,0
user_023,user_023_s02,1,28,296.55,94.82,0,0
user_023,user_023_s02,1,29,360.77,166.59,0,0
user_023,user_023_s02,1,30,167.32,126.68,0,0
user_023,user_023_s02,1,31,206.52,131.33,0,0
user_023,user_023_s02,1,32,66.14,137.88,0,0
user_023,user_023_s02,1,33,212.62,144.04,0,0
user_023,user_023_s02,1,34,1057.77,180.24,0,0
user_023,user_023_s02,1,35,319.2,158.96,1,0
user_023,user_023_s02,1,36,299.33,89.56,0,0
user_023,user_023_s02,1,37,912.18,76.5,0,0
user_023,user_023_s02,1,38,200.04,165.29,0,0
user_023,user_023_s02,1,39,292.65,160.69,0,0
user_023,user_023_s03,0,0,159.49,83.7,0,0
user_023,user_023_s03,0,1,188.0,107.12,0,0
user_023,user_023_s03,0,2,208.43,68.67,0,0
user_023,user_023_s03,0,3,293.96,99.25,0,0
user_023,user_023_s03,0,4,158.26,104.73,0,0
user_023,user_023_s03,0,5,228.12,105.71,0,0
user_023,user_023_s03,0,6,209.48,95.33,0,0
user_023,user_023_s03,0,7,1210.29,131.83,0,0
user_023,user_023_s03,0,8,113.42,90.56,0,0
user_023,user_023_s03,0,9,246.13,107.18,0,0
user_023,user_023_s03,0,10,189.86,91.47,0,0
user_023,user_023_s03,0,11,148.46,81.15,0,0
user_023,user_023_s03,0,12,133.98,74.25,0,0
user_023,user_023_s03,0,13,190.46,79.64,0,0
user_023,user_023_s03,0,14,131.35,109.6,0,0
user_023,user_023_s03,0,15,149.55,123.85,0,0
user_023,user_023_s03,0,16,148.43,109.54,0,0
user_023,user_023_s03,0,17,179.87,91.07,0,0
user_023,user_023_s03,0,18,207.2,85.28,0,0
user_023,user_023_s03,0,19,161.93,100.92,0,0
user_023,user_023_s03,0,20,167.11,77.14,0,0
user_023,user_023_s03,0,21,182.93,115.11,0,0
user_023,user_023_s03,0,22,140.68,104.96,0,0
user_023,user_023_s03,0,23,148.64,78.59,0,0
user_023,user_023_s03,0,24,154.55,127.09,0,0
user_023,user_023_s03,0,25,191.79,73.89,0,0
user_023,user_023_s03,0,26,256.92,98.7,0,0
user_023,user_023_s03,0,27,561.12,114.12,0,0
user_023,user_023_s03,0,28,189.38,112.16,0,0
user_023,user_023_s03,0,29,166.27,85.35,0,0
user_023,user_023_s03,0,30,169.22,89.54,0,0
user_023,user_023_s03,0,31,1128.01,78.83,0,0
user_023,user_023_s03,0,32,233.87,101.99,0,0
user_023,user_023_s03,0,33,57.98,113.85,0,0
user_023,user_023_s03,0,34,121.59,60.02,0,0
user_023,user_023_s03,0,35,231.34,108.64,0,0
user_023,user_023_s03,0,36,235.03,87.97,0,0
user_023,user_023_s03,0,37,264.37,95.84,0,0
user_023,user_023_s03,0,38,192.71,76.67,0,0
user_023,user_023_s03,0,39,201.37,85.47,0,0
user_023,user_023_s04,1,0,1310.65,98.32,1,0
user_023,user_023_s04,1,1,317.6,205.87,0,0
user_023,user_023_s04,1,2,290.96,130.62,0,0
user_023,user_023_s04,1,3,424.79,181.19,0,0
user_023,user_023_s04,1,4,1144.93,207.05,0,0
user_023,user_023_s04,1,5,196.28,114.89,0,0
user_023,user_023_s04,1,6,354.92,149.24,0,1
user_023,user_023_s04,1,7,375.43,147.73,0,0
user_023,user_023_s04,1,8,405.99,238.14,0,0
user_023,user_023_s04,1,9,258.26,198.92,0,0
user_023,user_023_s04,1,10,213.66,101.69,0,1
user_023,user_023_s04,1,11,339.03,120.61,1,0
user_023,user_023_s04,1,12,151.22,126.73,0,0
user_023,user_023_s04,1,13,439.42,112.2,0,0
user_023,user_023_s04,1,14,213.16,132.89,0,1
user_023,user_023_s04,1,15,236.76,123.98,1,0
user_023,user_023_s04,1,16,343.98,147.61,0,0
user_023,user_023_s04,1,17,189.86,141.28,0,0
user_023,user_023_s04,1,18,145.74,194.23,1,0
user_023,user_023_s04,1,19,385.86,114.31,0,0
user_023,user_023_s04,1,20,156.82,76.45,0,0
user_023,user_023_s04,1,21,292.72,125.51,0,0
user_023,user_023_s04,1,22,267.86,120.5,0,0
user_023,user_023_s04,1,23,67.5,207.56,1,0
user_023,user_023_s04,1,24,869.43,181.36,0,0
user_023,user_023_s04,1,25,302.61,200.24,0,0
user_023,user_023_s04,1,26,394.23,186.25,0,0
user_023,user_023_s04,1,27,186.12,63.8,0,0
user_023,user_023_s04,1,28,173.21,110.52,1,0
user_023,user_023_s04,1,29,331.47,83.56,0,0
user_023,user_023_s04,1,30,349.26,211.47,0,0
user_023,user_023_s04,1,31,363.04,181.14,1,0
user_023,user_023_s04,1,32,288.65,162.71,0,0
user_023,user_023_s04,1,33,210.29,122.36,0,0
user_023,user_023_s04,1,34,347.36,127.07,0,0
user_023,user_023_s04,1,35,256.87,110.2,0,0
user_023,user_023_s04,1,36,335.61,173.2,0,0
user_023,user_023_s04,1,37,211.51,150.42,0,0
user_023,user_023_s04,1,38,243.72,175.04,0,0
user_023,user_023_s04,1,39,321.47,163.56,0,0
user_023,user_023_s05,0,0,216.71,81.33,0,0
user_023,user_023_s05,0,1,160.16,62.61,0,1
user_023,user_023_s05,0,2,198.86,95.52,0,0
user_023,user_023_s05,0,3,1425.09,60.1,0,0
user_023,user_023_s05,0,4,215.3,91.99,0,0
user_023,user_023_s05,0,5,134.85,106.24,0,0
user_023,user_023_s05,0,6,203.56,97.58,0,0
user_023,user_023_s05,0,7,233.41,102.81,0,0
user_023,user_023_s05,0,8,190.47,98.09,0,0
user_023,user_023_s05,0,9,227.09,91.85,0,1
user_023,user_023_s05,0,10,117.08,92.29,0,0
user_023,user_023_s05,0,11,166.18,99.42,0,0
user_023,user_023_s05,0,12,138.31,72.11,0,0
user_023,user_023_s05,0,13,137.67,85.83,0,1
user_023,user_023_s05,0,14,856.08,133.76,0,0
user_023,user_023_s05,0,15,174.23,103.2,0,0
user_023,user_023_s05,0,16,216.64,118.28,0,0
user_023,user_023_s05,0,17,232.69,100.35,1,0
user_023,user_023_s05,0,18,118.16,79.2,0,0
user_023,user_023_s05,0,19,1208.4,87.63,0,0
user_023,user_023_s05,0,20,133.73,59.28,0,0
user_023,user_023_s05,0,21,130.36,120.75,0,0
user_023,user_023_s05,0,22,155.63,111.3,0,0
user_023,user_023_s05,0,23,171.23,77.14,0,0
user_023,user_023_s05,0,24,155.95,108.71,0,0
user_023,user_023_s05,0,25,101.59,106.95,0,0
user_023,user_023_s05,0,26,218.04,95.16,0,0
user_023,user_023_s05,0,27,179.03,103.03,0,0
user_023,user_023_s05,0,28,189.66,104.88,0,0
user_023,user_023_s05,0,29,192.5,101.23,0,0
user_023,user_023_s05,0,30,200.65,96.62,0,0
user_023,user_023_s05,0,31,177.82,95.33,0,0
user_023,user_023_s05,0,32,129.17,82.45,0,0
user_023,user_023_s05,0,33,244.97,111.56,0,0
user_023,user_023_s05,0,34,716.28,132.72,0,0
user_023,user_023_s05,0,35,125.99,71.55,0,0
user_023,user_023_s05,0,36,126.69,94.32,0,0
user_023,user_023_s05,0,37,268.38,80.75,0,0
user_023,user_023_s05,0,38,162.24,104.5,0,0
user_023,user_023_s05,0,39,136.85,102.05,0,0
user_023,user_023_s06,0,0,212.72,70.91,0,0
user_023,user_023_s06,0,1,85.28,107.57,1,0
user_023,user_023_s06,0,2,119.38,66.82,0,0
user_023,user_023_s06,0,3,154.07,79.66,1,0
user_023,user_023_s06,0,4,112.8,79.03,0,0
user_023,user_023_s06,0,5,194.03,100.24,0,0
user_023,user_023_s06,0,6,134.95,87.99,0,0
user_023,user_023_s06,0,7,816.86,80.64,0,0
user_023,user_023_s06,0,8,209.88,118.69,1,0
user_023,user_023_s06,0,9,133.76,124.03,1,0
user_023,user_023_s06,0,10,149.69,99.56,0,0
user_023,user_023_s06,0,11,162.65,94.71,0,0
user_023,user_023_s06,0,12,233.84,81.95,0,0
user_023,user_023_s06,0,13,120.58,91.52,0,0
user_023,user_023_s06,0,14,50.01,68.11,0,0
user_023,user_023_s06,0,15,146.17,111.38,0,0
user_023,user_023_s06,0,16,121.71,89.28,0,0
user_023,user_023_s06,0,17,91.53,78.32,0,0
user_023,user_023_s06,0,18,165.24,85.34,0,0
user_023,user_023_s06,0,19,109.2,105.81,0,0
user_023,user_023_s06,0,20,183.71,86.82,0,0
user_023,user_023_s06,0,21,107.74,76.35,0,0
user_023,user_023_s06,0,22,312.68,50.67,0,1
user_023,user_023_s06,0,23,758.85,90.34,0,0
user_023,user_023_s06,0,24,130.91,99.29,0,1
user_023,user_023_s06,0,25,129.02,82.21,0,0
user_023,user_023_s06,0,26,157.68,76.22,0,0
user_023,user_023_s06,0,27,203.35,69.68,0,0
user_023,user_023_s06,0,28,144.97,84.46,0,0
user_023,user_023_s06,0,29,109.77,69.9,0,0
user_023,user_023_s06,0,30,746.06,69.77,0,0
user_023,user_023_s06,0,31,1407.58,82.43,0,0
user_023,user_023_s06,0,32,131.32,129.03,0,0
user_023,user_023_s06,0,33,181.02,137.94,0,0
user_023,user_023_s06,0,34,62.21,115.11,0,0
user_023,user_023_s06,0,35,190.35,104.59,0,0
user_023,user_023_s06,0,36,151.23,53.66,0,0
user_023,user_023_s06,0,37,80.55,144.66,0,0
user_023,user_023_s06,0,38,184.91,99.61,0,0
user_023,user_023_s06,0,39,191.64,70.19,1,0
user_023,user_023_s07,0,0,105.08,111.7,0,0
user_023,user_023_s07,0,1,209.53,105.34,0,0
user_023,user_023_s07,0,2,220.51,124.2,0,0
user_023,user_023_s07,0,3,179.58,80.5,0,0
user_023,user_023_s07,0,4,256.27,95.16,0,0
user_023,user_023_s07,0,5,1019.36,111.24,0,0
user_023,user_023_s07,0,6,76.25,88.96,0,0
user_023,user_023_s07,0,7,234.79,119.05,0,0
user_023,user_023_s07,0,8,142.19,126.74,0,0
user_023,user_023_s07,0,9,180.57,101.42,0,0
user_023,user_023_s07,0,10,126.41,107.8,0,0
user_023,user_023_s07,0,11,224.3,96.13,0,0
user_023,user_023_s07,0,12,1148.53,94.48,0,0
user_023,user_023_s07,0,13,175.74,125.56,0,0
user_023,user_023_s07,0,14,121.4,83.76,0,0
user_023,user_023_s07,0,15,174.38,116.56,0,0
user_023,user_023_s07,0,16,198.73,90.53,0,0
user_023,user_023_s07,0,17,156.05,83.58,1,0
user_023,user_023_s07,0,18,157.74,120.13,1,0
user_023,user_023_s07,0,19,182.79,113.99,0,1
user_023,user_023_s07,0,20,215.5,87.37,0,0
user_023,user_023_s07,0,21,203.18,96.93,0,0
user_023,user_023_s07,0,22,240.27,97.8,0,0
user_023,user_023_s07,0,23,177.85,104.89,0,0
user_023,user_023_s07,0,24,232.22,90.6,0,0
user_023,user_023_s07,0,25,124.79,134.5,0,0
user_023,user_023_s07,0,26,201.91,78.38,0,0
user_023,user_023_s07,0,27,1371.98,70.35,0,0
user_023,user_023_s07,0,28,298.53,97.94,1,0
user_023,user_023_s07,0,29,149.23,61.05,0,0
user_023,user_023_s07,0,30,123.05,84.93,0,0
user_023,user_023_s07,0,31,144.29,87.77,0,0
user_023,user_023_s07,0,32,151.11,100.55,0,0
user_023,user_023_s07,0,33,202.49,96.36,0,0
user_023,user_023_s07,0,34,120.12,104.91,0,0
user_023,user_023_s07,0,35,199.31,84.87,0,0
user_023,user_023_s07,0,36,183.96,92.79,0,0
user_023,user_023_s07,0,37,227.37,111.67,0,0
user_023,user_023_s07,0,38,212.81,55.49,1,0
user_023,user_023_s07,0,39,223.12,108.55,0,0
user_023,user_023_s08,0,0,151.32,130.57,0,0
user_023,user_023_s08,0,1,194.15,104.86,0,0
user_023,user_023_s08,0,2,238.36,79.57,0,0
user_023,user_023_s08,0,3,216.75,89.53,0,0
user_023,user_023_s08,0,4,180.34,121.0,0,0
user_023,user_023_s08,0,5,93.2,76.45,0,0
user_023,user_023_s08,0,6,165.0,97.34,0,0
user_023,user_023_s08,0,7,286.52,97.33,0,0
user_023,user_023_s08,0,8,169.53,153.83,0,0
user_023,user_023_s08,0,9,181.51,71.38,0,0
user_023,user_023_s08,0,10,771.8,72.2,0,0
user_023,user_023_s08,0,11,202.84,88.94,0,0
user_023,user_023_s08,0,12,149.46,87.5,0,0
user_023,user_023_s08,0,13,219.14,100.82,0,0
user_023,user_023_s08,0,14,201.92,90.83,0,0
user_023,user_023_s08,0,15,96.83,116.83,0,0
user_023,user_023_s08,0,16,56.31,101.86,0,0
user_023,user_023_s08,0,17,155.29,81.08,0,0
user_023,user_023_s08,0,18,122.06,95.44,0,0
user_023,user_023_s08,0,19,1530.4,94.81,0,0
user_023,user_023_s08,0,20,163.31,122.7,0,0
user_023,user_023_s08,0,21,204.95,117.21,0,0
user_023,user_023_s08,0,22,205.59,114.23,0,0
user_023,user_023_s08,0,23,132.17,85.82,0,0
user_023,user_023_s08,0,24,163.8,106.34,0,0
user_023,user_023_s08,0,25,154.48,77.45,0,0
user_023,user_023_s08,0,26,227.77,113.04,0,0
user_023,user_023_s08,0,27,173.1,124.16,0,0
user_023,user_023_s08,0,28,243.45,59.01,0,0
user_023,user_023_s08,0,29,246.19,98.51,0,0
user_023,user_023_s08,0,30,175.08,98.49,0,0
user_023,user_023_s08,0,31,1548.02,118.16,0,0
user_023,user_023_s08,0,32,138.59,88.64,0,0
user_023,user_023_s08,0,33,216.77,88.36,0,0
user_023,user_023_s08,0,34,176.82,103.5,0,0
user_023,user_023_s08,0,35,145.83,112.34,0,0
user_023,user_023_s08,0,36,226.0,104.42,0,0
user_023,user_023_s08,0,37,226.9,117.74,0,0
user_023,user_023_s08,0,38,135.0,113.95,0,0
user_023,user_023_s08,0,39,199.59,90.17,0,0
user_023,user_023_s09,1,0,248.71,103.51,0,0
user_023,user_023_s09,1,1,360.18,138.87,0,0
user_023,user_023_s09,1,2,118.09,100.15,1,0
user_023,user_023_s09,1,3,128.33,65.06,0,0
user_023,user_023_s09,1,4,295.64,116.68,0,0
user_023,user_023_s09,1,5,229.08,139.44,0,1
user_023,user_023_s09,1,6,197.46,107.64,0,0
user_023,user_023_s09,1,7,269.34,108.95,0,0
user_023,user_023_s09,1,8,317.39,110.47,0,0
user_023,user_023_s09,1,9,958.71,113.27,0,0
user_023,user_023_s09,1,10,153.06,121.7,1,0
user_023,user_023_s09,1,11,249.53,143.7,0,0
user_023,user_023_s09,1,12,308.0,141.61,0,0
user_023,user_023_s09,1,13,187.96,185.43,0,0
user_023,user_023_s09,1,14,1328.82,175.67,0,0
user_023,user_023_s09,1,15,162.89,87.59,0,0
user_023,user_023_s09,1,16,131.93,108.97,0,0
user_023,user_023_s09,1,17,1353.14,141.08,0,0
user_023,user_023_s09,1,18,290.64,56.1,0,1
user_023,user_023_s09,1,19,277.2,127.29,1,0
user_023,user_023_s09,1,20,99.72,87.7,0,0
user_023,user_023_s09,1,21,323.83,114.84,0,0
user_023,user_023_s09,1,22,262.11,117.04,0,0
user_023,user_023_s09,1,23,308.39,56.8,1,0
user_023,user_023_s09,1,24,134.69,198.39,0,0
user_023,user_023_s09,1,25,284.54,98.36,0,0
user_023,user_023_s09,1,26,267.62,165.25,0,0
user_023,user_023_s09,1,27,106.74,61.35,0,0
user_023,user_023_s09,1,28,251.06,94.44,1,0
user_023,user_023_s09,1,29,126.75,143.06,0,0
user_023,user_023_s09,1,30,215.26,107.89,0,0
user_023,user_023_s09,1,31,409.92,143.07,0,0
user_023,user_023_s09,1,32,238.51,137.48,0,0
user_023,user_023_s09,1,33,204.43,87.97,0,0
user_023,user_023_s09,1,34,513.56,157.39,0,0
user_023,user_023_s09,1,35,238.59,135.42,0,0
user_023,user_023_s09,1,36,201.28,67.03,0,0
user_023,user_023_s09,1,37,44.21,119.41,0,0
user_023,user_023_s09,1,38,121.93,137.93,0,0
user_023,user_023_s09,1,39,289.4,112.48,0,0
user_023,user_023_s10,1,0,671.87,73.48,0,0
user_023,user_023_s10,1,1,171.53,105.02,1,0
user_023,user_023_s10,1,2,233.59,78.57,0,0
user_023,user_023_s10,1,3,270.92,115.14,0,0
user_023,user_023_s10,1,4,182.24,142.36,0,0
user_023,user_023_s10,1,5,184.63,175.51,1,0
user_023,user_023_s10,1,6,357.99,117.26,0,0
user_023,user_023_s10,1,7,273.11,44.89,0,0
user_023,user_023_s10,1,8,237.06,134.61,0,0
user_023,user_023_s10,1,9,162.56,96.53,0,0
user_023,user_023_s10,1,10,266.84,95.65,0,0
user_023,user_023_s10,1,11,233.76,113.06,0,0
user_023,user_023_s10,1,12,229.9,131.63,0,0
user_023,user_023_s10,1,13,1287.72,91.79,1,0
user_023,user_023_s10,1,14,231.07,132.52,0,0
user_023,user_023_s10,1,15,42.14,125.3,1,0
user_023,user_023_s10,1,16,203.29,132.55,0,0
user_023,user_023_s10,1,17,83.52,144.76,0,0
user_023,user_023_s10,1,18,262.53,20.0,0,0
user_023,user_023_s10,1,19,40.0,92.64,0,0
user_023,user_023_s10,1,20,863.6,102.47,0,0
user_023,user_023_s10,1,21,203.61,98.53,0,0
user_023,user_023_s10,1,22,80.26,73.26,0,0
user_023,user_023_s10,1,23,189.39,82.01,0,1
user_023,user_023_s10,1,24,784.42,130.07,0,0
user_023,user_023_s10,1,25,140.69,127.6,0,0
user_023,user_023_s10,1,26,227.33,110.06,0,0
user_023,user_023_s10,1,27,249.66,67.61,0,0
user_023,user_023_s10,1,28,1219.94,143.93,0,0
user_023,user_023_s10,1,29,201.92,140.98,0,0
user_023,user_023_s10,1,30,176.1,154.29,0,0
user_023,user_023_s10,1,31,196.17,76.72,0,0
user_023,user_023_s10,1,32,40.0,257.27,0,0
user_023,user_023_s10,1,33,53.6,117.74,0,0
user_023,user_023_s10,1,34,322.6,77.71,0,1
user_023,user_023_s10,1,35,275.12,206.16,1,0
user_023,user_023_s10,1,36,220.22,139.35,0,1
user_023,user_023_s10,1,37,290.0,117.03,0,0
user_023,user_023_s10,1,38,61.94,121.98,0,0
user_023,user_023_s10,1,39,1440.08,161.25,0,1
user_023,user_023_s11,0,0,264.74,59.12,0,0
user_023,user_023_s11,0,1,295.95,97.23,0,0
user_023,user_023_s11,0,2,689.55,64.25,0,0
user_023,user_023_s11,0,3,170.22,105.29,0,0
user_023,user_023_s11,0,4,162.97,106.25,0,0
user_023,user_023_s11,0,5,171.2,68.75,0,0
user_023,user_023_s11,0,6,252.27,95.63,0,0
user_023,user_023_s11,0,7,152.87,76.16,0,0
user_023,user_023_s11,0,8,931.96,113.25,0,0
user_023,user_023_s11,0,9,150.22,159.59,0,0
user_023,user_023_s11,0,10,162.91,92.33,0,0
user_023,user_023_s11,0,11,210.11,123.83,0,0
user_023,user_023_s11,0,12,178.34,114.95,0,0
user_023,user_023_s11,0,13,204.95,93.15,0,0
user_023,user_023_s11,0,14,224.34,105.17,0,0
user_023,user_023_s11,0,15,158.27,69.72,0,0
user_023,user_023_s11,0,16,168.69,97.4,0,0
user_023,user_023_s11,0,17,196.36,88.76,0,0
user_023,user_023_s11,0,18,141.76,121.49,0,0
user_023,user_023_s11,0,19,174.33,82.32,0,0
user_023,user_023_s11,0,20,224.34,73.89,0,0
user_023,user_023_s11,0,21,178.17,74.64,0,0
user_023,user_023_s11,0,22,235.03,111.56,0,0
user_023,user_023_s11,0,23,127.22,91.05,0,0
user_023,user_023_s11,0,24,188.82,61.47,0,0
user_023,user_023_s11,0,25,200.65,114.69,1,0
user_023,user_023_s11,0,26,187.76,64.89,0,0
user_023,user_023_s11,0,27,157.95,83.86,0,0
user_023,user_023_s11,0,28,100.21,90.52,0,0
user_023,user_023_s11,0,29,227.29,73.07,0,0
user_023,user_023_s11,0,30,1238.46,61.21,0,0
user_023,user_023_s11,0,31,106.27,110.72,0,0
user_023,user_023_s11,0,32,200.8,107.54,0,0
user_023,user_023_s11,0,33,153.94,95.74,0,0
user_023,user_023_s11,0,34,179.23,101.88,0,0
user_023,user_023_s11,0,35,108.88,61.13,0,0
user_023,user_023_s11,0,36,186.52,104.97,0,0
user_023,user_023_s11,0,37,213.38,102.84,0,0
user_023,user_023_s11,0,38,95.16,103.4,0,0
user_023,user_023_s11,0,39,184.58,103.33,0,0
user_023,user_023_s12,0,0,185.62,98.51,0,0
user_023,user_023_s12,0,1,251.27,112.37,0,0
user_023,user_023_s12,0,2,228.56,124.11,0,0
user_023,user_023_s12,0,3,245.04,81.63,0,0
user_023,user_023_s12,0,4,200.45,100.98,0,0
user_023,user_023_s12,0,5,143.89,120.82,0,0
user_023,user_023_s12,0,6,199.63,100.8,0,0
user_023,user_023_s12,0,7,254.41,82.27,0,0
user_023,user_023_s12,0,8,200.48,104.0,0,0
user_023,user_023_s12,0,9,129.84,96.11,0,0
user_023,user_023_s12,0,10,173.88,103.88,0,0
user_023,user_023_s12,0,11,208.11,83.42,0,0
user_023,user_023_s12,0,12,179.1,98.62,0,0
user_023,user_023_s12,0,13,208.26,91.09,0,0
user_023,user_023_s12,0,14,140.07,84.08,0,0
user_023,user_023_s12,0,15,160.02,119.67,0,0
user_023,user_023_s12,0,16,187.44,83.71,0,0
user_023,user_023_s12,0,17,189.78,78.94,0,0
user_023,user_023_s12,0,18,139.41,70.44,0,0
user_023,user_023_s12,0,19,49.83,92.56,0,0
user_023,user_023_s12,0,20,40.0,90.84,0,0
user_023,user_023_s12,0,21,168.31,108.08,0,0
user_023,user_023_s12,0,22,179.64,69.55,0,0
user_023,user_023_s12,0,23,160.41,60.62,0,0
user_023,user_023_s12,0,24,172.35,57.26,0,0
user_023,user_023_s12,0,25,249.56,102.83,0,0
user_023,user_023_s12,0,26,146.14,114.25,0,0
user_023,user_023_s12,0,27,188.62,112.64,0,0
user_023,user_023_s12,0,28,253.65,83.95,0,0
user_023,user_023_s12,0,29,119.52,96.41,0,0
user_023,user_023_s12,0,30,257.91,49.52,0,0
user_023,user_023_s12,0,31,218.5,125.75,0,0
user_023,user_023_s12,0,32,155.32,116.66,0,0
user_023,user_023_s12,0,33,45.62,111.67,0,0
user_023,user_023_s12,0,34,239.19,76.13,0,0
user_023,user_023_s12,0,35,257.91,86.67,0,0
user_023,user_023_s12,0,36,136.36,90.09,1,0
user_023,user_023_s12,0,37,261.01,127.38,0,1
user_023,user_023_s12,0,38,1342.75,113.56,0,0
user_023,user_023_s12,0,39,185.0,90.15,0,0
user_023,user_023_s13,0,0,169.06,109.63,0,0
user_023,user_023_s13,0,1,150.72,136.74,0,0
user_023,user_023_s13,0,2,177.85,123.86,0,0
user_023,user_023_s13,0,3,153.84,120.65,0,0
user_023,user_023_s13,0,4,161.09,111.42,0,0
user_023,user_023_s13,0,5,168.59,95.89,0,0
user_023,user_023_s13,0,6,95.21,81.0,0,0
user_023,user_023_s13,0,7,167.48,129.34,0,0
user_023,user_023_s13,0,8,308.55,86.68,0,0
user_023,user_023_s13,0,9,107.21,88.28,0,0
user_023,user_023_s13,0,10,251.49,98.26,0,0
user_023,user_023_s13,0,11,227.91,69.03,0,0
user_023,user_023_s13,0,12,208.17,90.57,0,0
user_023,user_023_s13,0,13,150.34,83.03,0,0
user_023,user_023_s13,0,14,222.23,69.59,0,0
user_023,user_023_s13,0,15,267.73,73.15,0,0
user_023,user_023_s13,0,16,231.08,97.22,0,0
user_023,user_023_s13,0,17,190.33,117.94,0,0
user_023,user_023_s13,0,18,179.12,95.94,0,0
user_023,user_023_s13,0,19,146.75,76.15,0,0
user_023,user_023_s13,0,20,183.62,84.73,0,0
user_023,user_023_s13,0,21,205.37,104.47,0,0
user_023,user_023_s13,0,22,180.71,120.34,0,0
user_023,user_023_s13,0,23,174.92,116.64,0,0
user_023,user_023_s13,0,24,175.59,102.47,0,0
user_023,user_023_s13,0,25,269.26,127.62,1,0
user_023,user_023_s13,0,26,187.55,87.29,0,0
user_023,user_023_s13,0,27,189.39,74.55,0,0
user_023,user_023_s13,0,28,60.63,92.1,0,0
user_023,user_023_s13,0,29,226.53,122.62,0,0
user_023,user_023_s13,0,30,207.84,111.54,0,0
user_023,user_023_s13,0,31,205.51,119.25,0,0
user_023,user_023_s13,0,32,208.84,96.0,0,0
user_023,user_023_s13,0,33,132.09,100.64,0,0
user_023,user_023_s13,0,34,164.56,93.62,0,0
user_023,user_023_s13,0,35,265.76,80.85,0,1
user_023,user_023_s13,0,36,109.79,98.56,0,0
user_023,user_023_s13,0,37,112.79,93.49,0,0
user_023,user_023_s13,0,38,106.43,88.37,0,0
user_023,user_023_s13,0,39,169.78,109.85,0,1
user_024,user_024_s00,0,0,169.1,123.33,0,0
user_024,user_024_s00,0,1,147.25,60.59,0,0
user_024,user_024_s00,0,2,167.11,74.22,0,0
user_024,user_024_s00,0,3,165.24,86.16,0,0
user_024,user_024_s00,0,4,201.21,64.63,0,0
user_024,user_024_s00,0,5,159.85,118.1,0,0
user_024,user_024_s00,0,6,169.88,89.73,0,0
user_024,user_024_s00,0,7,242.4,109.05,0,0
user_024,user_024_s00,0,8,85.13,84.2,0,0
user_024,user_024_s00,0,9,168.84,94.97,0,0
user_024,user_024_s00,0,10,155.1,62.36,0,0
user_024,user_024_s00,0,11,162.62,67.97,0,0
user_024,user_024_s00,0,12,187.1,68.32,0,0
user_024,user_024_s00,0,13,122.05,55.95,0,0
user_024,user_024_s00,0,14,134.15,106.34,0,0
user_024,user_024_s00,0,15,712.35,87.19,0,0
user_024,user_024_s00,0,16,153.23,106.91,0,0
user_024,user_024_s00,0,17,116.24,85.32,0,0
user_024,user_024_s00,0,18,196.57,108.18,0,0
user_024,user_024_s00,0,19,189.49,104.99,0,0
user_024,user_024_s00,0,20,167.57,85.2,0,0
user_024,user_024_s00,0,21,179.12,91.1,0,0
user_024,user_024_s00,0,22,186.14,93.93,0,0
user_024,user_024_s00,0,23,155.92,107.97,0,0
user_024,user_024_s00,0,24,174.29,86.85,0,0
user_024,user_024_s00,0,25,105.21,94.02,0,0
user_024,user_024_s00,0,26,150.51,60.29,0,0
user_024,user_024_s00,0,27,204.39,71.22,0,0
user_024,user_024_s00,0,28,261.11,73.93,0,0
user_024,user_024_s00,0,29,165.68,96.94,0,0
user_024,user_024_s00,0,30,118.43,74.48,0,0
user_024,user_024_s00,0,31,143.7,89.52,0,0
user_024,user_024_s00,0,32,93.24,84.41,0,0
user_024,user_024_s00,0,33,190.89,87.48,0,0
user_024,user_024_s00,0,34,162.12,103.39,0,0
user_024,user_024_s00,0,35,116.05,90.44,0,0
user_024,user_024_s00,0,36,151.22,82.82,0,0
user_024,user_024_s00,0,37,192.47,94.84,0,0
user_024,user_024_s00,0,38,162.35,117.14,0,0
user_024,user_024_s00,0,39,128.36,88.38,0,0
user_024,user_024_s01,0,0,148.25,75.91,0,0
user_024,user_024_s01,0,1,163.32,107.99,0,0
user_024,user_024_s01,0,2,198.79,84.61,0,0
user_024,user_024_s01,0,3,229.05,95.29,0,0
user_024,user_024_s01,0,4,191.31,101.0,0,0
user_024,user_024_s01,0,5,130.14,115.92,0,0
user_024,user_024_s01,0,6,1384.74,70.87,0,0
user_024,user_024_s01,0,7,120.45,115.65,0,0
user_024,user_024_s01,0,8,226.02,103.96,0,0
user_024,user_024_s01,0,9,209.28,124.02,0,0
user_024,user_024_s01,0,10,171.81,119.19,0,0
user_024,user_024_s01,0,11,104.13,95.35,0,0
user_024,user_024_s01,0,12,210.72,79.56,0,1
user_024,user_024_s01,0,13,178.4,105.49,0,0
user_024,user_024_s01,0,14,134.43,72.73,0,0
user_024,user_024_s01,0,15,167.2,97.31,0,0
user_024,user_024_s01,0,16,193.01,79.64,0,0
user_024,user_024_s01,0,17,149.2,88.89,0,0
user_024,user_024_s01,0,18,122.03,53.19,0,0
user_024,user_024_s01,0,19,178.38,91.78,0,0
user_024,user_024_s01,0,20,181.28,95.54,0,0
user_024,user_024_s01,0,21,82.58,83.53,0,0
user_024,user_024_s01,0,22,166.38,91.78,0,0
user_024,user_024_s01,0,23,130.94,73.39,0,0
user_024,user_024_s01,0,24,191.62,107.67,0,0
user_024,user_024_s01,0,25,91.33,93.79,0,0
user_024,user_024_s01,0,26,111.1,134.52,0,1
user_024,user_024_s01,0,27,61.9,98.71,0,0
user_024,user_024_s01,0,28,188.78,100.37,0,0
user_024,user_024_s01,0,29,100.74,84.69,0,0
user_024,user_024_s01,0,30,108.68,115.27,0,0
user_024,user_024_s01,0,31,165.5,85.45,0,0
user_024,user_024_s01,0,32,162.36,125.14,0,0
user_024,user_024_s01,0,33,198.99,124.61,0,0
user_024,user_024_s01,0,34,1076.6,83.9,0,0
user_024,user_024_s01,0,35,221.68,88.23,0,0
user_024,user_024_s01,0,36,243.97,79.98,0,0
user_024,user_024_s01,0,37,217.66,68.73,0,0
user_024,user_024_s01,0,38,184.99,98.74,0,1
user_024,user_024_s01,0,39,179.69,93.41,0,0
user_024,user_024_s02,0,0,196.52,64.39,0,0
user_024,user_024_s02,0,1,124.91,31.77,1,0
user_024,user_024_s02,0,2,88.91,118.91,0,0
user_024,user_024_s02,0,3,183.42,88.44,0,0
user_024,user_024_s02,0,4,199.37,47.4,0,0
user_024,user_024_s02,0,5,191.4,68.52,0,0
user_024,user_024_s02,0,6,121.31,125.46,0,0
user_024,user_024_s02,0,7,45.15,96.27,0,0
user_024,user_024_s02,0,8,199.09,39.92,0,0
user_024,user_024_s02,0,9,226.01,77.98,0,0
user_024,user_024_s02,0,10,71.75,84.03,0,0
user_024,user_024_s02,0,11,144.86,97.06,0,0
user_024,user_024_s02,0,12,115.83,87.23,0,0
user_024,user_024_s02,0,13,170.23,55.49,0,0
user_024,user_024_s02,0,14,220.4,75.74,0,0
user_024,user_024_s02,0,15,148.19,70.71,0,0
user_024,user_024_s02,0,16,135.62,101.17,0,0
user_024,user_024_s02,0,17,176.89,77.41,0,0
user_024,user_024_s02,0,18,61.2,77.19,0,0
user_024,user_024_s02,0,19,197.45,82.6,0,0
user_024,user_024_s02,0,20,207.57,71.54,0,0
user_024,user_024_s02,0,21,159.12,115.16,0,0
user_024,user_024_s02,0,22,138.68,108.05,0,0
user_024,user_024_s02,0,23,145.96,108.91,1,0
user_024,user_024_s02,0,24,146.15,64.7,0,0
user_024,user_024_s02,0,25,156.26,93.88,0,0
user_024,user_024_s02,0,26,87.13,101.9,0,0
user_024,user_024_s02,0,27,177.95,68.52,0,0
user_024,user_024_s02,0,28,142.01,65.81,0,0
user_024,user_024_s02,0,29,159.86,69.15,0,0
user_024,user_024_s02,0,30,132.32,60.5,0,0
user_024,user_024_s02,0,31,176.43,106.67,0,0
user_024,user_024_s02,0,32,220.06,104.96,0,0
user_024,user_024_s02,0,33,168.51,81.44,0,0
user_024,user_024_s02,0,34,83.61,86.22,0,0
user_024,user_024_s02,0,35,951.53,74.86,0,0
user_024,user_024_s02,0,36,168.56,129.98,0,0
user_024,user_024_s02,0,37,156.39,79.38,0,0
user_024,user_024_s02,0,38,123.67,77.67,0,0
user_024,user_024_s02,0,39,156.8,85.04,0,0
user_024,user_024_s03,0,0,122.96,70.71,0,0
user_024,user_024_s03,0,1,152.85,90.77,0,0
user_024,user_024_s03,0,2,192.27,56.87,0,0
user_024,user_024_s03,0,3,187.38,94.08,0,0
user_024,user_024_s03,0,4,50.63,47.95,0,0
user_024,user_024_s03,0,5,277.19,68.98,0,0
user_024,user_024_s03,0,6,176.52,102.92,0,0
user_024,user_024_s03,0,7,171.83,95.74,0,0
user_024,user_024_s03,0,8,151.69,86.87,0,0
user_024,user_024_s03,0,9,145.64,78.89,0,0
user_024,user_024_s03,0,10,209.13,71.28,0,0
user_024,user_024_s03,0,11,113.73,76.67,0,0
user_024,user_024_s03,0,12,172.62,99.79,0,0
user_024,user_024_s03,0,13,228.25,82.51,0,0
user_024,user_024_s03,0,14,167.25,48.82,1,0
user_024,user_024_s03,0,15,182.13,64.52,0,0
user_024,user_024_s03,0,16,93.9,72.24,0,0
user_024,user_024_s03,0,17,196.54,82.32,0,0
user_024,user_024_s03,0,18,175.51,81.78,0,0
user_024,user_024_s03,0,19,153.9,67.75,0,0
user_024,user_024_s03,0,20,191.72,98.5,0,0
user_024,user_024_s03,0,21,105.92,50.75,0,0
user_024,user_024_s03,0,22,241.37,73.45,0,0
user_024,user_024_s03,0,23,291.57,101.62,0,0
user_024,user_024_s03,0,24,130.87,97.12,0,0
user_024,user_024_s03,0,25,212.6,82.22,0,0
user_024,user_024_s03,0,26,151.9,104.46,0,0
user_024,user_024_s03,0,27,101.91,91.98,0,0
user_024,user_024_s03,0,28,218.19,88.48,0,0
user_024,user_024_s03,0,29,145.46,98.24,0,0
user_024,user_024_s03,0,30,186.66,94.66,0,0
user_024,user_024_s03,0,31,246.4,111.69,0,0
user_024,user_024_s03,0,32,182.79,82.11,0,0
user_024,user_024_s03,0,33,168.12,82.71,0,0
user_024,user_024_s03,0,34,114.36,90.81,0,0
user_024,user_024_s03,0,35,114.51,87.58,1,0
user_024,user_024_s03,0,36,152.25,121.35,0,0
user_024,user_024_s03,0,37,141.08,96.83,0,0
user_024,user_024_s03,0,38,189.8,73.88,0,0
user_024,user_024_s03,0,39,108.42,59.75,0,0
user_024,user_024_s04,0,0,205.66,85.56,0,0
user_024,user_024_s04,0,1,1367.0,63.87,0,0
user_024,user_024_s04,0,2,214.98,101.92,0,0
user_024,user_024_s04,0,3,165.67,98.74,1,0
user_024,user_024_s04,0,4,174.87,100.47,0,0
user_024,user_024_s04,0,5,125.52,72.46,0,0
user_024,user_024_s04,0,6,115.41,70.13,0,0
user_024,user_024_s04,0,7,59.65,112.21,0,0
user_024,user_024_s04,0,8,173.59,84.29,0,0
user_024,user_024_s04,0,9,188.66,98.38,0,0
user_024,user_024_s04,0,10,143.16,66.69,0,0
user_024,user_024_s04,0,11,86.97,82.63,0,0
user_024,user_024_s04,0,12,134.23,109.82,0,0
user_024,user_024_s04,0,13,176.97,90.35,0,0
user_024,user_024_s04,0,14,168.27,83.3,0,0
user_024,user_024_s04,0,15,646.82,98.32,0,0
user_024,user_024_s04,0,16,85.41,93.71,0,0
user_024,user_024_s04,0,17,141.18,126.25,1,0
user_024,user_024_s04,0,18,155.2,88.65,0,0
user_024,user_024_s04,0,19,188.93,99.81,0,0
user_024,user_024_s04,0,20,132.05,85.41,0,0
user_024,user_024_s04,0,21,184.41,69.7,0,0
user_024,user_024_s04,0,22,116.14,95.66,0,0
user_024,user_024_s04,0,23,848.96,60.91,0,0
user_024,user_024_s04,0,24,146.32,106.05,0,0
user_024,user_024_s04,0,25,143.64,63.67,0,0
user_024,user_024_s04,0,26,270.82,71.6,0,0
user_024,user_024_s04,0,27,144.5,70.07,1,0
user_024,user_024_s04,0,28,140.36,99.32,0,0
user_024,user_024_s04,0,29,94.27,67.29,0,0
user_024,user_024_s04,0,30,205.35,97.27,0,0
user_024,user_024_s04,0,31,134.8,75.5,0,0
user_024,user_024_s04,0,32,158.33,85.74,0,0
user_024,user_024_s04,0,33,120.97,78.02,0,0
user_024,user_024_s04,0,34,178.93,130.71,0,0
user_024,user_024_s04,0,35,202.7,57.28,0,0
user_024,user_024_s04,0,36,220.01,96.9,0,0
user_024,user_024_s04,0,37,1097.8,87.72,0,0
user_024,user_024_s04,0,38,132.51,73.55,1,0
user_024,user_024_s04,0,39,129.51,95.16,0,0
user_024,user_024_s05,0,0,160.81,88.1,0,0
user_024,user_024_s05,0,1,151.25,96.68,0,0
user_024,user_024_s05,0,2,98.09,88.02,0,0
user_024,user_024_s05,0,3,141.39,86.44,0,0
user_024,user_024_s05,0,4,40.0,67.51,0,0
user_024,user_024_s05,0,5,144.49,79.88,0,0
user_024,user_024_s05,0,6,137.07,77.91,0,0
user_024,user_024_s05,0,7,205.27,51.64,0,0
user_024,user_024_s05,0,8,155.79,85.43,0,0
user_024,user_024_s05,0,9,148.29,72.51,0,0
user_024,user_024_s05,0,10,234.46,104.58,0,0
user_024,user_024_s05,0,11,107.6,100.78,0,0
user_024,user_024_s05,0,12,754.47,82.65,0,0
user_024,user_024_s05,0,13,186.11,99.58,0,0
user_024,user_024_s05,0,14,192.2,90.58,0,0
user_024,user_024_s05,0,15,193.29,78.85,1,0
user_024,user_024_s05,0,16,133.4,53.21,0,0
user_024,user_024_s05,0,17,111.4,76.33,0,0
user_024,user_024_s05,0,18,86.93,73.12,0,0
user_024,user_024_s05,0,19,103.29,77.23,0,0
user_024,user_024_s05,0,20,74.88,75.05,1,0
user_024,user_024_s05,0,21,123.88,99.56,0,0
user_024,user_024_s05,0,22,220.44,101.6,0,0
user_024,user_024_s05,0,23,119.05,70.28,0,0
user_024,user_024_s05,0,24,150.02,54.89,0,0
user_024,user_024_s05,0,25,169.28,61.4,0,0
user_024,user_024_s05,0,26,127.51,102.11,0,0
user_024,user_024_s05,0,27,127.15,96.87,0,0
user_024,user_024_s05,0,28,203.26,58.29,0,0
user_024,user_024_s05,0,29,152.69,52.27,0,0
user_024,user_024_s05,0,30,196.06,68.38,0,0
user_024,user_024_s05,0,31,253.95,112.3,0,0
user_024,user_024_s05,0,32,104.09,86.97,0,0
user_024,user_024_s05,0,33,136.95,74.91,0,0
user_024,user_024_s05,0,34,136.43,76.95,0,0
user_024,user_024_s05,0,35,121.31,44.64,0,0
user_024,user_024_s05,0,36,124.26,73.89,0,0
user_024,user_024_s05,0,37,208.65,102.08,0,0
user_024,user_024_s05,0,38,148.68,72.0,0,0
user_024,user_024_s05,0,39,258.63,74.77,0,0
user_024,user_024_s06,1,0,270.82,186.32,0,0
user_024,user_024_s06,1,1,216.59,168.45,0,0
user_024,user_024_s06,1,2,210.25,146.09,0,0
user_024,user_024_s06,1,3,199.47,162.05,0,0
user_024,user_024_s06,1,4,388.3,143.37,1,0
user_024,user_024_s06,1,5,240.89,146.48,0,0
user_024,user_024_s06,1,6,441.6,113.35,0,0
user_024,user_024_s06,1,7,1457.46,141.26,0,0
user_024,user_024_s06,1,8,260.64,111.6,0,0
user_024,user_024_s06,1,9,171.98,149.29,0,0
user_024,user_024_s06,1,10,313.57,136.64,0,0
user_024,user_024_s06,1,11,255.76,165.22,0,0
user_024,user_024_s06,1,12,269.08,102.4,0,0
user_024,user_024_s06,1,13,247.35,120.24,0,0
user_024,user_024_s06,1,14,315.49,120.5,0,0
user_024,user_024_s06,1,15,324.44,148.98,1,0
user_024,user_024_s06,1,16,337.07,141.74,0,0
user_024,user_024_s06,1,17,197.74,183.94,1,0
user_024,user_024_s06,1,18,296.96,150.76,0,0
user_024,user_024_s06,1,19,232.6,149.45,0,1
user_024,user_024_s06,1,20,376.2,116.25,1,0
user_024,user_024_s06,1,21,291.17,140.36,0,0
user_024,user_024_s06,1,22,725.78,107.47,0,0
user_024,user_024_s06,1,23,249.95,164.97,0,0
user_024,user_024_s06,1,24,207.74,175.58,0,0
user_024,user_024_s06,1,25,911.06,102.02,1,0
user_024,user_024_s06,1,26,368.04,150.84,0,0
user_024,user_024_s06,1,27,211.2,146.16,0,0
user_024,user_024_s06,1,28,375.5,187.32,0,0
user_024,user_024_s06,1,29,316.49,118.0,0,0
user_024,user_024_s06,1,30,112.05,125.54,0,0
user_024,user_024_s06,1,31,199.71,157.75,0,0
user_024,user_024_s06,1,32,451.67,134.1,0,1
user_024,user_024_s06,1,33,262.17,135.75,0,0
user_024,user_024_s06,1,34,200.62,135.17,0,0
user_024,user_024_s06,1,35,203.13,165.88,0,0
user_024,user_024_s06,1,36,261.02,185.18,0,0
user_024,user_024_s06,1,37,343.92,146.85,0,0
user_024,user_024_s06,1,38,245.16,140.93,0,0
user_024,user_024_s06,1,39,210.73,170.34,0,0
user_024,user_024_s07,1,0,227.16,196.34,1,0
user_024,user_024_s07,1,1,254.01,135.33,0,1
user_024,user_024_s07,1,2,257.35,144.42,0,0
user_024,user_024_s07,1,3,258.05,73.19,0,0
user_024,user_024_s07,1,4,311.31,105.89,0,0
user_024,user_024_s07,1,5,206.31,111.42,0,0
user_024,user_024_s07,1,6,231.4,171.53,0,0
user_024,user_024_s07,1,7,1642.73,179.16,0,0
user_024,user_024_s07,1,8,1176.98,114.8,0,0
user_024,user_024_s07,1,9,190.23,145.87,0,0
user_024,user_024_s07,1,10,245.26,174.67,0,0
user_024,user_024_s07,1,11,749.12,124.46,1,0
user_024,user_024_s07,1,12,149.66,77.38,0,0
user_024,user_024_s07,1,13,137.39,168.55,0,0
user_024,user_024_s07,1,14,247.65,156.55,1,0
user_024,user_024_s07,1,15,395.95,150.94,0,0
user_024,user_024_s07,1,16,293.39,178.98,0,0
user_024,user_024_s07,1,17,152.35,182.44,0,0
user_024,user_024_s07,1,18,414.63,164.78,0,0
user_024,user_024_s07,1,19,199.64,89.6,0,0
user_024,user_024_s07,1,20,418.69,75.26,1,0
user_024,user_024_s07,1,21,244.45,153.43,1,0
user_024,user_024_s07,1,22,280.14,141.46,0,1
user_024,user_024_s07,1,23,213.87,144.61,1,0
user_024,user_024_s07,1,24,220.9,209.67,1,0
user_024,user_024_s07,1,25,397.21,177.22,0,0
user_024,user_024_s07,1,26,233.39,130.99,1,0
user_024,user_024_s07,1,27,351.12,107.84,0,0
user_024,user_024_s07,1,28,257.18,165.78,0,0
user_024,user_024_s07,1,29,240.08,158.13,0,0
user_024,user_024_s07,1,30,317.67,129.7,0,0
user_024,user_024_s07,1,31,239.83,23.94,0,0
user_024,user_024_s07,1,32,1339.98,98.51,0,0
user_024,user_024_s07,1,33,172.67,174.27,0,0
user_024,user_024_s07,1,34,312.96,84.51,0,0
user_024,user_024_s07,1,35,40.0,163.02,0,0
user_024,user_024_s07,1,36,291.68,157.34,0,0
user_024,user_024_s07,1,37,101.43,97.14,0,0
user_024,user_024_s07,1,38,270.57,176.48,0,0
user_024,user_024_s07,1,39,392.63,135.39,0,0
user_024,user_024_s08,1,0,168.39,115.98,1,0
user_024,user_024_s08,1,1,160.48,107.81,1,0
user_024,user_024_s08,1,2,145.96,32.09,0,0
user_024,user_024_s08,1,3,149.89,93.33,0,1
user_024,user_024_s08,1,4,273.02,202.38,0,0
user_024,user_024_s08,1,5,104.49,40.77,0,1
user_024,user_024_s08,1,6,132.17,80.09,0,0
user_024,user_024_s08,1,7,256.41,38.39,1,0
user_024,user_024_s08,1,8,1314.55,66.11,0,0
user_024,user_024_s08,1,9,94.0,57.78,0,0
user_024,user_024_s08,1,10,209.81,79.1,0,0
user_024,user_024_s08,1,11,247.31,173.68,0,0
user_024,user_024_s08,1,12,186.64,147.27,0,0
user_024,user_024_s08,1,13,249.56,109.28,0,0
user_024,user_024_s08,1,14,143.89,172.31,0,0
user_024,user_024_s08,1,15,337.46,102.2,0,0
user_024,user_024_s08,1,16,288.31,86.57,1,0
user_024,user_024_s08,1,17,147.67,103.61,0,0
user_024,user_024_s08,1,18,711.44,66.09,0,0
user_024,user_024_s08,1,19,53.91,56.22,0,0
user_024,user_024_s08,1,20,289.83,139.24,0,0
user_024,user_024_s08,1,21,109.75,128.54,0,0
user_024,user_024_s08,1,22,170.14,75.75,0,0
user_024,user_024_s08,1,23,190.16,132.96,0,0
user_024,user_024_s08,1,24,101.84,134.27,1,0
user_024,user_024_s08,1,25,146.15,98.02,0,0
user_024,user_024_s08,1,26,244.41,86.65,1,0
user_024,user_024_s08,1,27,173.45,143.54,0,0
user_024,user_024_s08,1,28,1348.99,132.33,0,0
user_024,user_024_s08,1,29,274.51,174.46,0,0
user_024,user_024_s08,1,30,144.85,131.94,0,0
user_024,user_024_s08,1,31,177.07,59.92,0,0
user_024,user_024_s08,1,32,177.11,67.76,0,1
user_024,user_024_s08,1,33,181.12,110.63,0,0
user_024,user_024_s08,1,34,1080.29,144.11,0,0
user_024,user_024_s08,1,35,229.67,128.19,0,0
user_024,user_024_s08,1,36,78.79,97.61,0,0
user_024,user_024_s08,1,37,160.67,62.86,0,0
user_024,user_024_s08,1,38,176.37,165.62,0,0
user_024,user_024_s08,1,39,248.57,164.06,0,0
user_024,user_024_s09,0,0,140.57,102.39,0,0
user_024,user_024_s09,0,1,189.67,63.24,0,0
user_024,user_024_s09,0,2,180.77,106.44,1,0
user_024,user_024_s09,0,3,161.7,74.37,0,0
user_024,user_024_s09,0,4,191.59,46.22,0,0
user_024,user_024_s09,0,5,157.33,98.48,0,0
user_024,user_024_s09,0,6,161.4,82.78,0,0
user_024,user_024_s09,0,7,189.9,110.08,0,0
user_024,user_024_s09,0,8,197.69,106.18,0,0
user_024,user_024_s09,0,9,190.9,70.32,0,0
user_024,user_024_s09,0,10,125.67,116.49,0,0
user_024,user_024_s09,0,11,178.13,53.79,0,0
user_024,user_024_s09,0,12,162.85,97.02,0,0
user_024,user_024_s09,0,13,178.87,114.68,0,0
user_024,user_024_s09,0,14,244.73,69.78,0,0
user_024,user_024_s09,0,15,151.16,127.33,0,0
user_024,user_024_s09,0,16,161.86,91.45,0,0
user_024,user_024_s09,0,17,134.96,95.32,0,0
user_024,user_024_s09,0,18,152.02,110.08,1,0
user_024,user_024_s09,0,19,129.68,96.16,0,0
user_024,user_024_s09,0,20,111.49,64.09,0,0
user_024,user_024_s09,0,21,70.88,29.28,0,0
user_024,user_024_s09,0,22,128.86,70.51,0,0
user_024,user_024_s09,0,23,132.03,72.14,0,0
user_024,user_024_s09,0,24,158.14,71.01,0,1
user_024,user_024_s09,0,25,136.04,76.83,1,0
user_024,user_024_s09,0,26,208.34,36.07,0,0
user_024,user_024_s09,0,27,171.28,66.54,0,0
user_024,user_024_s09,0,28,194.98,98.52,0,0
user_024,user_024_s09,0,29,206.07,107.64,0,0
user_024,user_024_s09,0,30,224.65,75.06,0,0
user_024,user_024_s09,0,31,205.6,101.17,0,0
user_024,user_024_s09,0,32,120.19,40.82,0,0
user_024,user_024_s09,0,33,200.37,93.43,0,0
user_024,user_024_s09,0,34,175.58,110.26,0,0
user_024,user_024_s09,0,35,222.79,97.95,0,0
user_024,user_024_s09,0,36,162.03,87.98,0,0
user_024,user_024_s09,0,37,213.49,41.54,0,0
user_024,user_024_s09,0,38,165.44,123.25,0,0
user_024,user_024_s09,0,39,167.27,124.18,0,0
user_024,user_024_s10,0,0,143.56,78.0,0,0
user_024,user_024_s10,0,1,232.89,75.8,0,0
user_024,user_024_s10,0,2,181.21,82.72,0,0
user_024,user_024_s10,0,3,151.49,111.39,0,0
user_024,user_024_s10,0,4,142.37,89.63,0,0
user_024,user_024_s10,0,5,130.66,48.52,0,0
user_024,user_024_s10,0,6,163.72,111.06,0,0
user_024,user_024_s10,0,7,191.72,85.39,0,0
user_024,user_024_s10,0,8,121.33,27.21,0,0
user_024,user_024_s10,0,9,178.96,71.94,0,0
user_024,user_024_s10,0,10,107.21,66.17,0,0
user_024,user_024_s10,0,11,124.3,70.69,0,0
user_024,user_024_s10,0,12,93.28,78.78,0,0
user_024,user_024_s10,0,13,151.78,92.72,0,0
user_024,user_024_s10,0,14,148.25,102.74,0,0
user_024,user_024_s10,0,15,162.65,103.41,0,0
user_024,user_024_s10,0,16,158.6,108.92,0,0
user_024,user_024_s10,0,17,177.67,75.74,0,0
user_024,user_024_s10,0,18,240.32,40.98,0,0
user_024,user_024_s10,0,19,178.13,33.37,0,0
user_024,user_024_s10,0,20,53.64,93.67,0,0
user_024,user_024_s10,0,21,133.0,78.32,0,0
user_024,user_024_s10,0,22,142.79,106.98,0,0
user_024,user_024_s10,0,23,71.51,87.96,0,0
user_024,user_024_s10,0,24,182.59,47.15,0,0
user_024,user_024_s10,0,25,226.69,68.3,0,0
user_024,user_024_s10,0,26,104.54,87.3,0,0
user_024,user_024_s10,0,27,202.52,58.94,0,0
user_024,user_024_s10,0,28,193.78,107.12,0,0
user_024,user_024_s10,0,29,157.02,71.32,0,0
user_024,user_024_s10,0,30,182.62,73.5,0,0
user_024,user_024_s10,0,31,109.24,49.9,0,0
user_024,user_024_s10,0,32,197.35,116.92,0,0
user_024,user_024_s10,0,33,202.65,75.83,0,0
user_024,user_024_s10,0,34,166.36,84.77,0,0
user_024,user_024_s10,0,35,158.46,65.2,0,0
user_024,user_024_s10,0,36,107.91,72.16,0,0
user_024,user_024_s10,0,37,187.94,85.08,0,0
user_024,user_024_s10,0,38,145.07,87.4,0,1
user_024,user_024_s10,0,39,138.13,90.03,0,0
user_024,user_024_s11,0,0,223.78,81.08,0,0
user_024,user_024_s11,0,1,181.42,93.96,0,0
user_024,user_024_s11,0,2,194.78,68.05,0,0
user_024,user_024_s11,0,3,162.72,70.92,0,0
user_024,user_024_s11,0,4,179.29,109.17,0,0
user_024,user_024_s11,0,5,173.18,108.08,0,0
user_024,user_024_s11,0,6,170.98,93.26,0,0
user_024,user_024_s11,0,7,215.25,107.21,0,0
user_024,user_024_s11,0,8,166.86,94.76,0,0
user_024,user_024_s11,0,9,140.23,78.8,0,0
user_024,user_024_s11,0,10,156.77,71.72,0,0
user_024,user_024_s11,0,11,156.0,104.53,0,0
user_024,user_024_s11,0,12,189.45,80.63,0,0
user_024,user_024_s11,0,13,143.49,107.93,0,0
user_024,user_024_s11,0,14,220.94,87.42,0,0
user_024,user_024_s11,0,15,156.78,116.95,0,0
user_024,user_024_s11,0,16,241.35,75.44,0,0
user_024,user_024_s11,0,17,170.36,72.08,0,0
user_024,user_024_s11,0,18,193.47,96.83,0,0
user_024,user_024_s11,0,19,214.88,86.64,0,1
user_024,user_024_s11,0,20,225.45,95.76,0,0
user_024,user_024_s11,0,21,198.01,91.7,0,0
user_024,user_024_s11,0,22,289.76,83.56,0,0
user_024,user_024_s11,0,23,169.32,88.1,0,0
user_024,user_024_s11,0,24,99.75,52.75,0,0
user_024,user_024_s11,0,25,167.57,120.46,0,0
user_024,user_024_s11,0,26,205.72,81.24,0,0
user_024,user_024_s11,0,27,190.09,101.06,0,0
user_024,user_024_s11,0,28,122.33,54.76,0,0
user_024,user_024_s11,0,29,153.62,76.72,0,0
user_024,user_024_s11,0,30,131.92,97.64,0,0
user_024,user_024_s11,0,31,138.62,126.28,0,0
user_024,user_024_s11,0,32,164.87,101.16,0,0
user_024,user_024_s11,0,33,190.63,103.14,0,0
user_024,user_024_s11,0,34,135.64,83.86,0,0
user_024,user_024_s11,0,35,139.98,92.64,0,0
user_024,user_024_s11,0,36,201.86,89.23,0,0
user_024,user_024_s11,0,37,129.77,98.51,0,0
user_024,user_024_s11,0,38,127.7,115.68,0,0
user_024,user_024_s11,0,39,270.29,86.4,0,0
user_024,user_024_s12,0,0,124.25,111.57,0,0
user_024,user_024_s12,0,1,159.72,95.78,0,0
user_024,user_024_s12,0,2,217.44,92.56,0,0
user_024,user_024_s12,0,3,60.06,49.83,0,0
user_024,user_024_s12,0,4,99.49,84.3,0,0
user_024,user_024_s12,0,5,168.68,98.07,0,0
user_024,user_024_s12,0,6,71.21,108.23,0,0
user_024,user_024_s12,0,7,90.26,97.32,0,0
user_024,user_024_s12,0,8,253.98,124.58,0,0
user_024,user_024_s12,0,9,182.53,72.76,1,0
user_024,user_024_s12,0,10,279.45,72.76,0,0
user_024,user_024_s12,0,11,78.09,93.22,0,0
user_024,user_024_s12,0,12,892.16,109.67,0,0
user_024,user_024_s12,0,13,96.33,112.64,0,1
user_024,user_024_s12,0,14,197.84,48.71,0,0
user_024,user_024_s12,0,15,56.53,88.19,0,1
user_024,user_024_s12,0,16,170.02,103.69,0,0
user_024,user_024_s12,0,17,173.26,103.17,0,0
user_024,user_024_s12,0,18,136.03,96.55,0,0
user_024,user_024_s12,0,19,92.6,84.59,0,0
user_024,user_024_s12,0,20,143.75,30.31,0,0
user_024,user_024_s12,0,21,167.69,124.0,0,0
user_024,user_024_s12,0,22,103.7,97.42,0,0
user_024,user_024_s12,0,23,147.15,69.94,0,0
user_024,user_024_s12,0,24,153.74,80.2,0,0
user_024,user_024_s12,0,25,177.44,90.96,0,0
user_024,user_024_s12,0,26,83.4,94.9,0,0
user_024,user_024_s12,0,27,129.29,60.59,0,0
user_024,user_024_s12,0,28,164.76,67.93,0,0
user_024,user_024_s12,0,29,138.37,95.37,0,0
user_024,user_024_s12,0,30,106.13,75.54,0,0
user_024,user_024_s12,0,31,199.71,53.43,0,0
user_024,user_024_s12,0,32,201.22,71.6,0,0
user_024,user_024_s12,0,33,191.31,85.93,0,0
user_024,user_024_s12,0,34,139.82,56.0,0,0
user_024,user_024_s12,0,35,147.19,116.24,0,0
user_024,user_024_s12,0,36,214.09,108.02,0,0
user_024,user_024_s12,0,37,193.53,103.02,0,0
user_024,user_024_s12,0,38,214.8,87.83,0,0
user_024,user_024_s12,0,39,160.51,63.42,0,0
user_024,user_024_s13,0,0,168.04,102.76,0,0
user_024,user_024_s13,0,1,81.02,71.12,0,0
user_024,user_024_s13,0,2,144.21,102.53,0,0
user_024,user_024_s13,0,3,130.82,95.44,0,0
user_024,user_024_s13,0,4,210.85,67.6,0,0
user_024,user_024_s13,0,5,118.35,86.23,0,0
user_024,user_024_s13,0,6,80.93,83.82,0,0
user_024,user_024_s13,0,7,133.01,37.1,0,0
user_024,user_024_s13,0,8,124.56,58.96,0,0
user_024,user_024_s13,0,9,164.15,104.98,0,0
user_024,user_024_s13,0,10,213.74,71.72,0,0
user_024,user_024_s13,0,11,137.58,95.82,0,0
user_024,user_024_s13,0,12,169.89,108.35,0,0
user_024,user_024_s13,0,13,148.53,46.96,0,0
user_024,user_024_s13,0,14,176.15,114.72,0,0
user_024,user_024_s13,0,15,108.19,81.93,0,0
user_024,user_024_s13,0,16,152.1,92.22,0,0
user_024,user_024_s13,0,17,196.63,120.76,0,0
user_024,user_024_s13,0,18,118.14,102.84,0,0
user_024,user_024_s13,0,19,145.19,81.83,0,0
user_024,user_024_s13,0,20,150.0,75.29,0,0
user_024,user_024_s13,0,21,84.91,76.84,0,0
user_024,user_024_s13,0,22,186.32,74.7,0,0
user_024,user_024_s13,0,23,126.92,108.34,0,0
user_024,user_024_s13,0,24,150.99,95.05,1,0
user_024,user_024_s13,0,25,181.38,88.97,0,0
user_024,user_024_s13,0,26,186.04,81.08,0,0
user_024,user_024_s13,0,27,98.46,98.52,0,0
user_024,user_024_s13,0,28,172.2,50.44,0,0
user_024,user_024_s13,0,29,198.43,119.39,0,0
user_024,user_024_s13,0,30,122.96,80.19,0,0
user_024,user_024_s13,0,31,189.71,67.6,0,0
user_024,user_024_s13,0,32,172.19,106.21,0,0
user_024,user_024_s13,0,33,175.91,105.78,0,0
user_024,user_024_s13,0,34,193.0,83.75,0,0
user_024,user_024_s13,0,35,112.65,109.54,0,0
user_024,user_024_s13,0,36,109.91,103.57,0,0
user_024,user_024_s13,0,37,206.88,92.11,0,0
user_024,user_024_s13,0,38,139.33,54.94,0,0
user_024,user_024_s13,0,39,86.94,87.44,0,0
user_025,user_025_s00,0,0,194.15,104.95,0,0
user_025,user_025_s00,0,1,231.16,144.63,0,0
user_025,user_025_s00,0,2,205.92,117.44,0,0
user_025,user_025_s00,0,3,196.71,115.92,0,0
user_025,user_025_s00,0,4,203.47,114.34,1,0
user_025,user_025_s00,0,5,223.96,105.21,0,0
user_025,user_025_s00,0,6,228.77,151.56,0,0
user_025,user_025_s00,0,7,193.3,112.2,0,0
user_025,user_025_s00,0,8,225.12,152.05,0,0
user_025,user_025_s00,0,9,233.28,104.18,0,0
user_025,user_025_s00,0,10,241.12,119.25,0,0
user_025,user_025_s00,0,11,922.06,110.39,0,0
user_025,user_025_s00,0,12,274.39,104.58,0,1
user_025,user_025_s00,0,13,246.86,115.55,0,0
user_025,user_025_s00,0,14,305.71,148.66,0,0
user_025,user_025_s00,0,15,262.28,141.92,0,0
user_025,user_025_s00,0,16,260.86,119.36,0,0
user_025,user_025_s00,0,17,161.48,94.52,0,0
user_025,user_025_s00,0,18,250.0,124.68,0,0
user_025,user_025_s00,0,19,254.23,109.48,0,0
user_025,user_025_s00,0,20,214.26,101.69,0,0
user_025,user_025_s00,0,21,124.81,130.33,0,0
user_025,user_025_s00,0,22,112.24,96.06,0,0
user_025,user_025_s00,0,23,203.75,120.78,0,0
user_025,user_025_s00,0,24,192.21,126.9,0,1
user_025,user_025_s00,0,25,149.65,130.69,1,0
user_025,user_025_s00,0,26,233.51,96.02,0,0
user_025,user_025_s00,0,27,165.63,148.78,0,0
user_025,user_025_s00,0,28,141.86,123.69,0,0
user_025,user_025_s00,0,29,308.35,118.45,0,0
user_025,user_025_s00,0,30,238.76,94.77,0,0
user_025,user_025_s00,0,31,197.22,103.72,0,0
user_025,user_025_s00,0,32,153.17,112.04,0,0
user_025,user_025_s00,0,33,176.69,117.9,0,0
user_025,user_025_s00,0,34,188.44,124.54,0,0
user_025,user_025_s00,0,35,191.96,112.08,0,0
user_025,user_025_s00,0,36,201.82,144.25,0,0
user_025,user_025_s00,0,37,163.5,111.63,0,0
user_025,user_025_s00,0,38,177.23,121.84,0,0
user_025,user_025_s00,0,39,139.84,138.69,0,0
user_025,user_025_s01,0,0,235.74,140.51,0,0
user_025,user_025_s01,0,1,221.36,127.58,0,0
user_025,user_025_s01,0,2,222.54,134.31,0,0
user_025,user_025_s01,0,3,230.91,118.56,0,0
user_025,user_025_s01,0,4,246.39,137.55,0,0
user_025,user_025_s01,0,5,187.03,113.65,0,0
user_025,user_025_s01,0,6,277.55,109.59,0,0
user_025,user_025_s01,0,7,284.87,116.95,0,0
user_025,user_025_s01,0,8,1483.74,151.48,0,0
user_025,user_025_s01,0,9,150.34,115.76,0,0
user_025,user_025_s01,0,10,228.5,116.56,0,0
user_025,user_025_s01,0,11,191.2,129.94,0,0
user_025,user_025_s01,0,12,255.96,123.71,0,0
user_025,user_025_s01,0,13,281.64,106.62,0,0
user_025,user_025_s01,0,14,228.88,104.95,0,1
user_025,user_025_s01,0,15,213.49,139.42,0,0
user_025,user_025_s01,0,16,205.75,104.82,0,0
user_025,user_025_s01,0,17,218.79,141.83,0,0
user_025,user_025_s01,0,18,244.24,117.7,0,0
user_025,user_025_s01,0,19,243.95,84.55,0,0
user_025,user_025_s01,0,20,294.32,137.6,0,0
user_025,user_025_s01,0,21,220.44,140.36,0,0
user_025,user_025_s01,0,22,268.47,136.44,0,0
user_025,user_025_s01,0,23,188.2,117.72,0,0
user_025,user_025_s01,0,24,171.45,119.69,0,0
user_025,user_025_s01,0,25,273.05,117.92,0,0
user_025,user_025_s01,0,26,246.71,113.17,0,0
user_025,user_025_s01,0,27,205.05,131.05,0,0
user_025,user_025_s01,0,28,187.57,122.38,0,0
user_025,user_025_s01,0,29,207.47,117.75,0,0
user_025,user_025_s01,0,30,238.45,113.33,0,0
user_025,user_025_s01,0,31,235.78,128.68,0,0
user_025,user_025_s01,0,32,164.22,148.68,0,0
user_025,user_025_s01,0,33,172.11,128.17,0,0
user_025,user_025_s01,0,34,234.99,101.84,0,0
user_025,user_025_s01,0,35,255.03,125.6,0,1
user_025,user_025_s01,0,36,193.73,134.64,0,0
user_025,user_025_s01,0,37,165.54,138.72,0,0
user_025,user_025_s01,0,38,230.47,135.25,0,0
user_025,user_025_s01,0,39,130.59,128.43,0,0
user_025,user_025_s02,0,0,1426.25,92.94,0,0
user_025,user_025_s02,0,1,161.21,126.8,0,0
user_025,user_025_s02,0,2,182.32,103.22,0,0
user_025,user_025_s02,0,3,239.87,131.82,0,0
user_025,user_025_s02,0,4,205.2,92.51,0,0
user_025,user_025_s02,0,5,126.3,76.28,0,0
user_025,user_025_s02,0,6,138.16,106.41,0,0
user_025,user_025_s02,0,7,229.46,130.8,0,0
user_025,user_025_s02,0,8,216.81,93.33,0,0
user_025,user_025_s02,0,9,167.11,114.94,0,0
user_025,user_025_s02,0,10,188.31,92.55,0,0
user_025,user_025_s02,0,11,191.88,121.45,0,0
user_025,user_025_s02,0,12,201.21,98.07,0,0
user_025,user_025_s02,0,13,208.95,109.38,0,0
user_025,user_025_s02,0,14,172.8,98.64,0,0
user_025,user_025_s02,0,15,782.14,91.19,0,0
user_025,user_025_s02,0,16,216.68,70.25,1,0
user_025,user_025_s02,0,17,229.08,81.37,0,0
user_025,user_025_s02,0,18,224.57,99.62,0,0
user_025,user_025_s02,0,19,223.43,112.6,0,0
user_025,user_025_s02,0,20,169.86,137.7,0,0
user_025,user_025_s02,0,21,184.62,95.31,0,0
user_025,user_025_s02,0,22,152.15,93.21,0,0
user_025,user_025_s02,0,23,199.14,80.93,0,0
user_025,user_025_s02,0,24,154.38,119.87,0,0
user_025,user_025_s02,0,25,211.14,114.79,0,1
user_025,user_025_s02,0,26,243.71,112.58,0,0
user_025,user_025_s02,0,27,190.13,110.74,0,0
user_025,user_025_s02,0,28,165.99,97.92,0,0
user_025,user_025_s02,0,29,212.22,128.85,0,0
user_025,user_025_s02,0,30,236.25,90.72,0,0
user_025,user_025_s02,0,31,156.78,96.13,0,0
user_025,user_025_s02,0,32,195.32,86.44,0,0
user_025,user_025_s02,0,33,1602.94,102.29,0,0
user_025,user_025_s02,0,34,177.75,90.74,0,0
user_025,user_025_s02,0,35,213.06,93.35,0,0
user_025,user_025_s02,0,36,117.05,83.16,0,0
user_025,user_025_s02,0,37,205.51,87.47,0,0
user_025,user_025_s02,0,38,270.23,75.86,0,0
user_025,user_025_s02,0,39,908.0,110.98,0,0
user_025,user_025_s03,0,0,220.61,112.96,0,0
user_025,user_025_s03,0,1,151.47,108.63,0,0
user_025,user_025_s03,0,2,151.62,80.32,0,0
user_025,user_025_s03,0,3,221.36,100.23,0,0
user_025,user_025_s03,0,4,230.03,91.6,0,0
user_025,user_025_s03,0,5,198.47,111.12,0,0
user_025,user_025_s03,0,6,234.06,105.43,0,0
user_025,user_025_s03,0,7,386.25,92.28,0,0
user_025,user_025_s03,0,8,139.89,108.76,0,0
user_025,user_025_s03,0,9,106.42,146.84,0,0
user_025,user_025_s03,0,10,256.56,101.68,0,0
user_025,user_025_s03,0,11,153.61,106.6,0,0
user_025,user_025_s03,0,12,222.9,109.48,1,0
user_025,user_025_s03,0,13,1249.83,100.51,0,0
user_025,user_025_s03,0,14,204.85,85.35,0,0
user_025,user_025_s03,0,15,218.81,145.83,0,0
user_025,user_025_s03,0,16,282.71,80.82,0,0
user_025,user_025_s03,0,17,1504.55,82.91,0,0
user_025,user_025_s03,0,18,263.4,126.9,0,0
user_025,user_025_s03,0,19,147.92,76.93,0,0
user_025,user_025_s03,0,20,222.07,127.29,0,0
user_025,user_025_s03,0,21,228.14,128.9,0,0
user_025,user_025_s03,0,22,203.0,99.21,0,0
user_025,user_025_s03,0,23,249.72,114.26,0,0
user_025,user_025_s03,0,24,208.33,112.62,0,0
user_025,user_025_s03,0,25,221.25,99.14,0,0
user_025,user_025_s03,0,26,174.88,102.53,0,0
user_025,user_025_s03,0,27,161.84,110.72,0,0
user_025,user_025_s03,0,28,160.72,105.18,0,0
user_025,user_025_s03,0,29,179.03,123.8,0,0
user_025,user_025_s03,0,30,149.2,110.84,0,0
user_025,user_025_s03,0,31,289.79,121.58,0,0
user_025,user_025_s03,0,32,192.65,106.6,1,0
user_025,user_025_s03,0,33,206.0,124.95,0,0
user_025,user_025_s03,0,34,155.16,129.31,0,0
user_025,user_025_s03,0,35,297.67,78.17,0,0
user_025,user_025_s03,0,36,195.03,120.27,0,0
user_025,user_025_s03,0,37,180.1,101.12,0,0
user_025,user_025_s03,0,38,978.44,105.69,0,0
user_025,user_025_s03,0,39,196.98,119.11,0,0
user_025,user_025_s04,0,0,193.87,136.0,0,0
user_025,user_025_s04,0,1,204.72,119.89,0,0
user_025,user_025_s04,0,2,201.27,119.91,0,0
user_025,user_025_s04,0,3,261.58,116.5,0,0
user_025,user_025_s04,0,4,228.38,86.06,0,0
user_025,user_025_s04,0,5,180.35,101.86,0,0
user_025,user_025_s04,0,6,193.97,103.45,0,0
user_025,user_025_s04,0,7,329.38,127.34,0,0
user_025,user_025_s04,0,8,140.02,121.63,0,0
user_025,user_025_s04,0,9,120.61,139.36,0,0
user_025,user_025_s04,0,10,149.05,121.18,0,0
user_025,user_025_s04,0,11,218.05,108.65,0,0
user_025,user_025_s04,0,12,255.23,135.36,0,0
user_025,user_025_s04,0,13,199.33,90.24,0,0
user_025,user_025_s04,0,14,179.29,107.26,0,0
user_025,user_025_s04,0,15,171.68,95.55,0,0
user_025,user_025_s04,0,16,127.1,92.44,0,0
user_025,user_025_s04,0,17,275.88,93.05,0,0
user_025,user_025_s04,0,18,195.43,100.65,0,0
user_025,user_025_s04,0,19,214.41,115.86,0,0
user_025,user_025_s04,0,20,242.55,106.2,0,0
user_025,user_025_s04,0,21,266.39,117.1,0,0
user_025,user_025_s04,0,22,194.39,116.41,0,0
user_025,user_025_s04,0,23,163.75,70.73,0,0
user_025,user_025_s04,0,24,203.51,115.22,0,0
user_025,user_025_s04,0,25,198.59,99.07,0,0
user_025,user_025_s04,0,26,179.57,83.13,0,0
user_025,user_025_s04,0,27,148.12,116.5,1,0
user_025,user_025_s04,0,28,221.84,113.6,0,0
user_025,user_025_s04,0,29,263.64,115.09,0,0
user_025,user_025_s04,0,30,282.68,124.84,0,0
user_025,user_025_s04,0,31,170.7,100.29,0,0
user_025,user_025_s04,0,32,282.99,94.74,0,0
user_025,user_025_s04,0,33,155.33,111.73,0,0
user_025,user_025_s04,0,34,211.13,104.21,0,0
user_025,user_025_s04,0,35,251.15,160.65,0,0
user_025,user_025_s04,0,36,229.14,109.61,1,0
user_025,user_025_s04,0,37,267.51,111.89,0,0
user_025,user_025_s04,0,38,158.72,96.11,0,0
user_025,user_025_s04,0,39,196.32,93.11,0,0
user_025,user_025_s05,0,0,206.65,138.16,0,0
user_025,user_025_s05,0,1,249.78,100.25,0,0
user_025,user_025_s05,0,2,194.76,117.55,0,0
user_025,user_025_s05,0,3,163.75,119.81,0,0
user_025,user_025_s05,0,4,207.32,124.59,0,0
user_025,user_025_s05,0,5,227.74,130.62,0,0
user_025,user_025_s05,0,6,243.83,83.97,0,0
user_025,user_025_s05,0,7,208.26,128.69,0,0
user_025,user_025_s05,0,8,254.22,85.03,0,0
user_025,user_025_s05,0,9,156.7,118.46,0,0
user_025,user_025_s05,0,10,260.32,100.27,0,0
user_025,user_025_s05,0,11,241.98,122.63,0,0
user_025,user_025_s05,0,12,196.78,131.0,0,0
user_025,user_025_s05,0,13,263.37,120.14,0,0
user_025,user_025_s05,0,14,788.65,107.45,0,0
user_025,user_025_s05,0,15,273.6,95.62,0,0
user_025,user_025_s05,0,16,181.89,118.46,0,1
user_025,user_025_s05,0,17,186.1,111.85,0,0
user_025,user_025_s05,0,18,241.12,125.13,0,0
user_025,user_025_s05,0,19,219.58,111.43,0,0
user_025,user_025_s05,0,20,152.3,144.16,0,0
user_025,user_025_s05,0,21,300.07,119.95,0,0
user_025,user_025_s05,0,22,294.79,135.54,0,0
user_025,user_025_s05,0,23,225.13,110.2,0,0
user_025,user_025_s05,0,24,185.91,132.24,0,0
user_025,user_025_s05,0,25,186.92,130.26,0,0
user_025,user_025_s05,0,26,233.85,106.96,0,0
user_025,user_025_s05,0,27,280.71,92.38,0,0
user_025,user_025_s05,0,28,334.68,141.77,0,0
user_025,user_025_s05,0,29,935.96,111.62,1,0
user_025,user_025_s05,0,30,200.68,107.58,0,0
user_025,user_025_s05,0,31,209.19,113.75,0,0
user_025,user_025_s05,0,32,234.82,102.21,0,0
user_025,user_025_s05,0,33,178.42,130.37,0,0
user_025,user_025_s05,0,34,1086.57,118.96,0,0
user_025,user_025_s05,0,35,206.18,120.05,0,0
user_025,user_025_s05,0,36,230.41,139.45,0,0
user_025,user_025_s05,0,37,293.11,120.9,0,0
user_025,user_025_s05,0,38,168.39,147.25,0,0
user_025,user_025_s05,0,39,267.0,118.76,0,0
user_025,user_025_s06,0,0,281.51,92.18,0,0
user_025,user_025_s06,0,1,107.68,109.25,0,0
user_025,user_025_s06,0,2,171.18,109.44,0,0
user_025,user_025_s06,0,3,234.6,114.62,0,0
user_025,user_025_s06,0,4,196.84,124.39,0,0
user_025,user_025_s06,0,5,224.21,96.98,0,0
user_025,user_025_s06,0,6,233.79,111.24,0,0
user_025,user_025_s06,0,7,198.57,117.69,0,0
user_025,user_025_s06,0,8,270.74,86.22,0,0
user_025,user_025_s06,0,9,325.39,118.01,0,0
user_025,user_025_s06,0,10,169.31,123.59,0,0
user_025,user_025_s06,0,11,258.33,132.86,0,0
user_025,user_025_s06,0,12,311.06,95.75,0,0
user_025,user_025_s06,0,13,281.56,116.62,0,0
user_025,user_025_s06,0,14,186.19,141.46,0,0
user_025,user_025_s06,0,15,202.3,88.32,0,0
user_025,user_025_s06,0,16,139.6,119.2,0,0
user_025,user_025_s06,0,17,191.51,92.13,0,0
user_025,user_025_s06,0,18,192.86,111.65,0,0
user_025,user_025_s06,0,19,237.38,104.95,0,0
user_025,user_025_s06,0,20,166.22,126.01,0,0
user_025,user_025_s06,0,21,220.17,114.05,0,0
user_025,user_025_s06,0,22,226.25,96.53,0,0
user_025,user_025_s06,0,23,196.15,146.53,0,0
user_025,user_025_s06,0,24,254.38,122.5,0,0
user_025,user_025_s06,0,25,196.77,136.95,0,0
user_025,user_025_s06,0,26,231.48,99.76,0,0
user_025,user_025_s06,0,27,158.96,112.3,0,0
user_025,user_025_s06,0,28,182.2,137.17,0,0
user_025,user_025_s06,0,29,259.82,105.93,0,0
user_025,user_025_s06,0,30,142.35,119.23,0,0
user_025,user_025_s06,0,31,250.55,118.15,0,0
user_025,user_025_s06,0,32,202.33,77.13,0,0
user_025,user_025_s06,0,33,126.24,118.1,0,0
user_025,user_025_s06,0,34,197.09,111.84,0,0
user_025,user_025_s06,0,35,249.73,116.36,0,0
user_025,user_025_s06,0,36,319.94,106.48,0,0
user_025,user_025_s06,0,37,300.24,96.31,0,0
user_025,user_025_s06,0,38,175.41,104.8,0,0
user_025,user_025_s06,0,39,252.63,109.92,0,0
user_025,user_025_s07,1,0,296.42,191.51,0,0
user_025,user_025_s07,1,1,130.81,207.8,0,1
user_025,user_025_s07,1,2,298.9,158.78,1,0
user_025,user_025_s07,1,3,521.47,143.64,0,0
user_025,user_025_s07,1,4,159.3,142.34,0,0
user_025,user_025_s07,1,5,483.74,132.09,0,0
user_025,user_025_s07,1,6,473.99,182.71,0,0
user_025,user_025_s07,1,7,300.14,208.6,0,0
user_025,user_025_s07,1,8,350.94,183.3,0,0
user_025,user_025_s07,1,9,273.03,163.66,0,0
user_025,user_025_s07,1,10,257.06,239.21,0,0
user_025,user_025_s07,1,11,1543.12,164.65,0,0
user_025,user_025_s07,1,12,225.1,218.82,0,1
user_025,user_025_s07,1,13,346.84,122.52,0,0
user_025,user_025_s07,1,14,304.73,173.52,0,0
user_025,user_025_s07,1,15,196.55,126.77,0,0
user_025,user_025_s07,1,16,369.91,129.19,0,0
user_025,user_025_s07,1,17,372.46,133.61,0,0
user_025,user_025_s07,1,18,1277.42,167.76,0,0
user_025,user_025_s07,1,19,253.88,147.27,0,0
user_025,user_025_s07,1,20,401.07,84.56,0,0
user_025,user_025_s07,1,21,512.07,148.36,1,0
user_025,user_025_s07,1,22,303.58,140.95,0,1
user_025,user_025_s07,1,23,312.26,97.12,0,0
user_025,user_025_s07,1,24,1207.34,183.04,0,1
user_025,user_025_s07,1,25,89.39,191.33,0,0
user_025,user_025_s07,1,26,167.4,189.44,0,0
user_025,user_025_s07,1,27,246.95,231.84,0,0
user_025,user_025_s07,1,28,267.41,121.59,0,0
user_025,user_025_s07,1,29,311.63,122.55,0,0
user_025,user_025_s07,1,30,326.76,164.03,0,0
user_025,user_025_s07,1,31,166.73,160.73,0,0
user_025,user_025_s07,1,32,1226.22,170.59,0,1
user_025,user_025_s07,1,33,333.18,198.0,1,0
user_025,user_025_s07,1,34,306.52,155.39,0,0
user_025,user_025_s07,1,35,348.54,205.68,0,0
user_025,user_025_s07,1,36,240.65,135.28,0,0
user_025,user_025_s07,1,37,277.41,145.59,0,0
user_025,user_025_s07,1,38,195.05,122.02,0,1
user_025,user_025_s07,1,39,85.65,32.24,0,0
user_025,user_025_s08,1,0,383.67,103.1,0,0
user_025,user_025_s08,1,1,246.38,181.31,1,0
user_025,user_025_s08,1,2,129.73,177.99,0,0
user_025,user_025_s08,1,3,254.48,124.2,0,0
user_025,user_025_s08,1,4,761.39,99.17,0,0
user_025,user_025_s08,1,5,327.13,156.71,0,1
user_025,user_025_s08,1,6,219.7,118.5,0,1
user_025,user_025_s08,1,7,214.56,163.33,1,0
user_025,user_025_s08,1,8,238.46,120.55,0,0
user_025,user_025_s08,1,9,1272.24,212.82,0,0
user_025,user_025_s08,1,10,367.9,124.82,0,0
user_025,user_025_s08,1,11,512.22,116.5,0,0
user_025,user_025_s08,1,12,471.5,153.47,0,0
user_025,user_025_s08,1,13,263.83,88.12,1,0
user_025,user_025_s08,1,14,204.91,117.63,0,0
user_025,user_025_s08,1,15,214.51,85.81,0,0
user_025,user_025_s08,1,16,1192.36,161.05,0,0
user_025,user_025_s08,1,17,1591.48,189.87,1,0
user_025,user_025_s08,1,18,177.56,135.2,0,0
user_025,user_025_s08,1,19,165.83,203.02,0,0
user_025,user_025_s08,1,20,172.47,118.26,0,0
user_025,user_025_s08,1,21,366.74,133.72,0,0
user_025,user_025_s08,1,22,268.97,188.54,0,0
user_025,user_025_s08,1,23,140.08,181.35,0,0
user_025,user_025_s08,1,24,366.01,170.89,0,0
user_025,user_025_s08,1,25,397.22,197.21,0,0
user_025,user_025_s08,1,26,230.99,150.43,0,0
user_025,user_025_s08,1,27,198.39,164.71,0,0
user_025,user_025_s08,1,28,189.45,125.07,0,0
user_025,user_025_s08,1,29,1137.23,230.08,0,0
user_025,user_025_s08,1,30,369.06,134.38,0,0
user_025,user_025_s08,1,31,294.25,143.93,0,0
user_025,user_025_s08,1,32,141.79,160.95,0,0
user_025,user_025_s08,1,33,384.43,179.37,0,0
user_025,user_025_s08,1,34,1350.89,178.96,0,0
user_025,user_025_s08,1,35,671.67,43.39,0,0
user_025,user_025_s08,1,36,320.68,223.67,0,0
user_025,user_025_s08,1,37,382.34,217.34,0,0
user_025,user_025_s08,1,38,1082.62,202.94,0,0
user_025,user_025_s08,1,39,142.21,158.41,0,0
user_025,user_025_s09,0,0,280.57,115.3,0,0
user_025,user_025_s09,0,1,148.64,93.41,0,0
user_025,user_025_s09,0,2,154.25,132.3,0,0
user_025,user_025_s09,0,3,263.25,120.94,0,0
user_025,user_025_s09,0,4,250.73,131.51,0,0
user_025,user_025_s09,0,5,211.52,119.04,0,0
user_025,user_025_s09,0,6,251.47,135.84,0,0
user_025,user_025_s09,0,7,186.22,119.68,0,0
user_025,user_025_s09,0,8,162.4,141.48,0,0
user_025,user_025_s09,0,9,229.95,100.81,0,0
user_025,user_025_s09,0,10,199.87,102.86,0,0
user_025,user_025_s09,0,11,231.29,148.89,0,1
user_025,user_025_s09,0,12,221.9,131.75,0,0
user_025,user_025_s09,0,13,197.72,150.29,0,0
user_025,user_025_s09,0,14,296.81,127.92,0,0
user_025,user_025_s09,0,15,166.36,112.01,0,0
user_025,user_025_s09,0,16,219.52,150.32,0,0
user_025,user_025_s09,0,17,208.52,84.5,0,0
user_025,user_025_s09,0,18,226.41,131.26,0,0
user_025,user_025_s09,0,19,214.77,71.62,0,0
user_025,user_025_s09,0,20,1542.21,143.87,0,0
user_025,user_025_s09,0,21,226.64,98.62,0,0
user_025,user_025_s09,0,22,183.63,111.51,0,0
user_025,user_025_s09,0,23,166.84,99.71,0,0
user_025,user_025_s09,0,24,178.33,127.55,0,0
user_025,user_025_s09,0,25,176.38,113.68,0,0
user_025,user_025_s09,0,26,242.98,141.66,0,0
user_025,user_025_s09,0,27,209.0,105.21,0,0
user_025,user_025_s09,0,28,230.34,95.89,0,0
user_025,user_025_s09,0,29,151.18,108.57,0,0
user_025,user_025_s09,0,30,198.58,146.23,0,0
user_025,user_025_s09,0,31,234.25,135.6,0,0
user_025,user_025_s09,0,32,259.12,137.63,1,0
user_025,user_025_s09,0,33,146.37,107.13,0,0
user_025,user_025_s09,0,34,282.68,93.41,0,0
user_025,user_025_s09,0,35,277.02,142.36,0,0
user_025,user_025_s09,0,36,258.12,92.38,0,0
user_025,user_025_s09,0,37,269.18,117.09,0,0
user_025,user_025_s09,0,38,195.79,105.1,0,0
user_025,user_025_s09,0,39,177.07,118.32,0,0
user_025,user_025_s10,0,0,170.81,137.32,0,0
user_025,user_025_s10,0,1,234.97,91.98,0,0
user_025,user_025_s10,0,2,207.2,141.89,0,0
user_025,user_025_s10,0,3,185.98,128.79,0,0
user_025,user_025_s10,0,4,229.51,108.64,0,0
user_025,user_025_s10,0,5,281.04,86.26,0,0
user_025,user_025_s10,0,6,263.8,113.39,0,0
user_025,user_025_s10,0,7,214.19,103.31,0,0
user_025,user_025_s10,0,8,57.54,86.39,0,0
user_025,user_025_s10,0,9,197.79,104.44,0,1
user_025,user_025_s10,0,10,163.64,130.77,0,0
user_025,user_025_s10,0,11,199.36,114.47,0,0
user_025,user_025_s10,0,12,192.86,110.34,0,0
user_025,user_025_s10,0,13,194.35,86.64,0,0
user_025,user_025_s10,0,14,855.57,111.39,0,0
user_025,user_025_s10,0,15,198.28,142.75,0,0
user_025,user_025_s10,0,16,196.34,115.32,0,0
user_025,user_025_s10,0,17,229.73,108.19,1,0
user_025,user_025_s10,0,18,161.24,128.0,0,0
user_025,user_025_s10,0,19,193.37,137.25,0,0
user_025,user_025_s10,0,20,147.27,139.3,0,0
user_025,user_025_s10,0,21,236.25,120.8,0,0
user_025,user_025_s10,0,22,218.79,85.32,0,0
user_025,user_025_s10,0,23,300.81,132.36,0,0
user_025,user_025_s10,0,24,701.02,107.64,0,0
user_025,user_025_s10,0,25,251.76,105.25,0,0
user_025,user_025_s10,0,26,130.17,97.25,0,0
user_025,user_025_s10,0,27,163.99,124.33,0,0
user_025,user_025_s10,0,28,112.65,131.74,0,0
user_025,user_025_s10,0,29,211.53,102.72,0,0
user_025,user_025_s10,0,30,220.62,126.13,0,0
user_025,user_025_s10,0,31,194.07,134.28,0,0
user_025,user_025_s10,0,32,110.9,121.18,0,0
user_025,user_025_s10,0,33,184.68,114.66,0,0
user_025,user_025_s10,0,34,214.22,111.93,0,0
user_025,user_025_s10,0,35,167.62,102.93,0,0
user_025,user_025_s10,0,36,207.19,128.24,0,0
user_025,user_025_s10,0,37,256.7,135.0,0,0
user_025,user_025_s10,0,38,182.83,117.0,0,0
user_025,user_025_s10,0,39,159.92,106.7,0,0
user_025,user_025_s11,1,0,454.52,215.33,0,0
user_025,user_025_s11,1,1,383.77,137.8,0,1
user_025,user_025_s11,1,2,238.71,204.63,0,0
user_025,user_025_s11,1,3,290.15,133.32,0,0
user_025,user_025_s11,1,4,1151.8,196.06,0,0
user_025,user_025_s11,1,5,432.63,105.32,0,1
user_025,user_025_s11,1,6,387.57,164.16,0,0
user_025,user_025_s11,1,7,183.81,206.14,0,0
user_025,user_025_s11,1,8,360.68,160.29,0,0
user_025,user_025_s11,1,9,311.43,170.69,0,0
user_025,user_025_s11,1,10,209.85,183.0,1,0
user_025,user_025_s11,1,11,247.42,95.86,0,0
user_025,user_025_s11,1,12,841.58,183.63,0,0
user_025,user_025_s11,1,13,131.26,141.65,0,0
user_025,user_025_s11,1,14,335.23,205.09,0,0
user_025,user_025_s11,1,15,1220.34,170.01,0,0
user_025,user_025_s11,1,16,295.39,182.33,0,0
user_025,user_025_s11,1,17,319.71,133.25,0,0
user_025,user_025_s11,1,18,297.76,199.74,0,0
user_025,user_025_s11,1,19,222.53,171.85,0,0
user_025,user_025_s11,1,20,1303.87,122.17,1,0
user_025,user_025_s11,1,21,251.59,155.48,0,0
user_025,user_025_s11,1,22,369.45,194.97,1,0
user_025,user_025_s11,1,23,227.43,176.96,1,0
user_025,user_025_s11,1,24,270.4,196.21,0,0
user_025,user_025_s11,1,25,318.91,160.22,0,0
user_025,user_025_s11,1,26,189.01,212.96,0,0
user_025,user_025_s11,1,27,743.25,219.6,0,0
user_025,user_025_s11,1,28,318.61,113.59,0,0
user_025,user_025_s11,1,29,1354.93,192.1,0,0
user_025,user_025_s11,1,30,345.0,223.07,0,1
user_025,user_025_s11,1,31,251.91,188.39,0,0
user_025,user_025_s11,1,32,224.13,170.97,0,0
user_025,user_025_s11,1,33,276.53,127.95,0,0
user_025,user_025_s11,1,34,332.01,161.96,0,0
user_025,user_025_s11,1,35,291.41,155.29,0,0
user_025,user_025_s11,1,36,222.19,201.88,0,0
user_025,user_025_s11,1,37,501.3,205.75,0,0
user_025,user_025_s11,1,38,249.55,166.8,0,1
user_025,user_025_s11,1,39,204.66,140.55,0,1
user_025,user_025_s12,1,0,360.32,167.14,0,0
user_025,user_025_s12,1,1,1136.93,148.48,0,0
user_025,user_025_s12,1,2,1011.5,108.32,0,0
user_025,user_025_s12,1,3,316.0,171.5,0,0
user_025,user_025_s12,1,4,247.11,184.7,0,0
user_025,user_025_s12,1,5,894.74,238.45,0,0
user_025,user_025_s12,1,6,141.56,132.95,1,0
user_025,user_025_s12,1,7,398.23,116.57,0,1
user_025,user_025_s12,1,8,134.2,112.23,0,0
user_025,user_025_s12,1,9,361.13,152.61,0,0
user_025,user_025_s12,1,10,245.16,183.43,0,0
user_025,user_025_s12,1,11,1531.99,186.61,0,0
user_025,user_025_s12,1,12,194.45,211.12,0,0
user_025,user_025_s12,1,13,285.29,168.35,0,0
user_025,user_025_s12,1,14,247.66,111.07,0,0
user_025,user_025_s12,1,15,281.17,163.08,0,1
user_025,user_025_s12,1,16,101.35,78.56,0,1
user_025,user_025_s12,1,17,94.2,141.9,0,0
user_025,user_025_s12,1,18,116.26,139.08,0,0
user_025,user_025_s12,1,19,353.25,171.05,1,0
user_025,user_025_s12,1,20,966.1,170.31,0,0
user_025,user_025_s12,1,21,256.94,127.7,0,0
user_025,user_025_s12,1,22,347.99,128.77,0,0
user_025,user_025_s12,1,23,312.08,156.75,0,0
user_025,user_025_s12,1,24,386.37,171.64,0,0
user_025,user_025_s12,1,25,389.65,181.0,1,0
user_025,user_025_s12,1,26,169.07,136.86,0,0
user_025,user_025_s12,1,27,298.16,152.64,0,0
user_025,user_025_s12,1,28,358.16,116.77,1,0
user_025,user_025_s12,1,29,358.52,117.24,0,0
user_025,user_025_s12,1,30,350.04,84.56,0,0
user_025,user_025_s12,1,31,277.8,131.55,0,1
user_025,user_025_s12,1,32,341.88,200.64,0,0
user_025,user_025_s12,1,33,152.41,205.63,0,0
user_025,user_025_s12,1,34,156.84,174.92,1,0
user_025,user_025_s12,1,35,417.06,190.76,0,0
user_025,user_025_s12,1,36,1338.26,183.69,0,0
user_025,user_025_s12,1,37,423.75,160.69,0,0
user_025,user_025_s12,1,38,266.87,66.38,1,0
user_025,user_025_s12,1,39,1139.85,236.3,0,0
user_025,user_025_s13,1,0,1234.52,201.28,0,1
user_025,user_025_s13,1,1,123.19,115.43,0,0
user_025,user_025_s13,1,2,982.79,167.12,1,0
user_025,user_025_s13,1,3,373.3,179.17,0,1
user_025,user_025_s13,1,4,81.78,170.56,0,0
user_025,user_025_s13,1,5,210.93,182.29,0,0
user_025,user_025_s13,1,6,129.14,146.77,0,0
user_025,user_025_s13,1,7,149.89,144.19,0,0
user_025,user_025_s13,1,8,1408.71,215.05,0,0
user_025,user_025_s13,1,9,328.97,220.84,0,0
user_025,user_025_s13,1,10,231.11,201.4,0,1
user_025,user_025_s13,1,11,607.84,168.24,0,0
user_025,user_025_s13,1,12,188.99,126.65,0,0
user_025,user_025_s13,1,13,305.65,152.99,0,0
user_025,user_025_s13,1,14,265.69,143.16,0,0
user_025,user_025_s13,1,15,159.92,188.62,1,0
user_025,user_025_s13,1,16,223.9,162.37,0,0
user_025,user_025_s13,1,17,1396.98,169.51,1,0
user_025,user_025_s13,1,18,287.54,146.71,0,0
user_025,user_025_s13,1,19,172.39,55.74,0,0
user_025,user_025_s13,1,20,292.57,196.44,0,1
user_025,user_025_s13,1,21,217.06,145.56,0,0
user_025,user_025_s13,1,22,209.29,183.72,0,0
user_025,user_025_s13,1,23,281.18,135.44,0,0
user_025,user_025_s13,1,24,167.51,207.89,0,0
user_025,user_025_s13,1,25,228.29,128.17,0,0
user_025,user_025_s13,1,26,365.72,145.31,0,1
user_025,user_025_s13,1,27,1210.97,148.53,0,0
user_025,user_025_s13,1,28,110.67,92.19,0,0
user_025,user_025_s13,1,29,187.86,163.11,0,0
user_025,user_025_s13,1,30,373.41,178.52,0,0
user_025,user_025_s13,1,31,152.97,163.45,0,0
user_025,user_025_s13,1,32,257.17,233.59,0,0
user_025,user_025_s13,1,33,435.03,115.0,0,0
user_025,user_025_s13,1,34,201.72,84.2,0,0
user_025,user_025_s13,1,35,245.76,103.91,0,0
user_025,user_025_s13,1,36,150.0,151.05,0,0
user_025,user_025_s13,1,37,332.39,192.25,1,0
user_025,user_025_s13,1,38,687.53,154.39,0,0
user_025,user_025_s13,1,39,205.1,129.71,0,0
user_026,user_026_s00,0,0,174.17,107.65,0,0
user_026,user_026_s00,0,1,238.28,111.03,0,0
user_026,user_026_s00,0,2,263.6,103.95,0,0
user_026,user_026_s00,0,3,236.25,106.46,0,0
user_026,user_026_s00,0,4,236.02,63.94,0,0
user_026,user_026_s00,0,5,221.0,108.8,0,0
user_026,user_026_s00,0,6,155.05,117.62,0,0
user_026,user_026_s00,0,7,283.38,134.44,0,0
user_026,user_026_s00,0,8,271.78,100.53,0,0
user_026,user_026_s00,0,9,197.26,109.01,0,0
user_026,user_026_s00,0,10,43.71,115.55,0,0
user_026,user_026_s00,0,11,267.31,134.54,0,0
user_026,user_026_s00,0,12,124.75,122.73,0,0
user_026,user_026_s00,0,13,243.38,126.66,0,0
user_026,user_026_s00,0,14,179.81,136.89,0,0
user_026,user_026_s00,0,15,240.76,129.24,0,0
user_026,user_026_s00,0,16,165.76,106.95,0,0
user_026,user_026_s00,0,17,216.83,153.6,0,0
user_026,user_026_s00,0,18,130.52,80.75,0,0
user_026,user_026_s00,0,19,217.32,137.22,0,0
user_026,user_026_s00,0,20,216.33,127.98,0,0
user_026,user_026_s00,0,21,252.75,144.2,0,0
user_026,user_026_s00,0,22,192.43,114.4,0,1
user_026,user_026_s00,0,23,1609.48,109.09,0,0
user_026,user_026_s00,0,24,196.56,96.88,0,0
user_026,user_026_s00,0,25,239.42,97.65,0,0
user_026,user_026_s00,0,26,236.27,115.73,1,0
user_026,user_026_s00,0,27,260.9,102.12,0,0
user_026,user_026_s00,0,28,157.42,104.75,0,0
user_026,user_026_s00,0,29,211.94,97.72,0,0
user_026,user_026_s00,0,30,230.86,139.95,0,0
user_026,user_026_s00,0,31,308.28,104.53,0,0
user_026,user_026_s00,0,32,316.52,127.2,0,0
user_026,user_026_s00,0,33,148.01,116.56,1,0
user_026,user_026_s00,0,34,185.55,126.1,0,0
user_026,user_026_s00,0,35,90.56,113.81,0,0
user_026,user_026_s00,0,36,327.28,134.73,0,0
user_026,user_026_s00,0,37,232.56,131.48,0,0
user_026,user_026_s00,0,38,245.82,143.49,0,0
user_026,user_026_s00,0,39,200.61,105.77,0,0
user_026,user_026_s01,0,0,224.93,109.87,0,0
user_026,user_026_s01,0,1,207.89,115.83,0,0
user_026,user_026_s01,0,2,165.71,95.92,0,0
user_026,user_026_s01,0,3,179.88,129.03,0,0
user_026,user_026_s01,0,4,206.83,111.72,0,0
user_026,user_026_s01,0,5,158.93,100.76,0,0
user_026,user_026_s01,0,6,66.79,133.11,0,0
user_026,user_026_s01,0,7,255.9,100.75,0,0
user_026,user_026_s01,0,8,189.8,111.21,0,0
user_026,user_026_s01,0,9,209.21,83.32,0,0
user_026,user_026_s01,0,10,204.25,94.95,1,0
user_026,user_026_s01,0,11,122.83,123.23,0,0
user_026,user_026_s01,0,12,160.94,106.55,0,0
user_026,user_026_s01,0,13,194.91,109.43,0,0
user_026,user_026_s01,0,14,185.54,105.76,0,0
user_026,user_026_s01,0,15,138.38,106.58,0,0
user_026,user_026_s01,0,16,212.85,96.67,0,0
user_026,user_026_s01,0,17,224.28,98.08,0,0
user_026,user_026_s01,0,18,176.39,101.64,0,0
user_026,user_026_s01,0,19,246.12,101.72,0,0
user_026,user_026_s01,0,20,222.45,116.89,0,0
user_026,user_026_s01,0,21,215.07,116.22,0,0
user_026,user_026_s01,0,22,170.4,134.14,0,0
user_026,user_026_s01,0,23,187.02,121.54,0,0
user_026,user_026_s01,0,24,237.59,89.7,0,0
user_026,user_026_s01,0,25,122.51,94.06,0,0
user_026,user_026_s01,0,26,125.78,126.34,0,0
user_026,user_026_s01,0,27,175.02,120.88,0,0
user_026,user_026_s01,0,28,194.56,128.53,0,0
user_026,user_026_s01,0,29,190.66,107.49,0,0
user_026,user_026_s01,0,30,1543.37,102.33,0,0
user_026,user_026_s01,0,31,207.76,114.48,0,0
user_026,user_026_s01,0,32,196.63,79.85,0,0
user_026,user_026_s01,0,33,180.36,103.58,0,0
user_026,user_026_s01,0,34,236.76,147.08,0,0
user_026,user_026_s01,0,35,256.09,100.91,0,0
user_026,user_026_s01,0,36,979.97,107.25,0,0
user_026,user_026_s01,0,37,215.21,103.47,0,0
user_026,user_026_s01,0,38,182.59,137.88,0,0
user_026,user_026_s01,0,39,597.49,83.68,0,0
user_026,user_026_s02,1,0,141.68,164.53,0,0
user_026,user_026_s02,1,1,244.65,118.18,0,0
user_026,user_026_s02,1,2,269.61,192.73,0,0
user_026,user_026_s02,1,3,438.55,161.4,0,0
user_026,user_026_s02,1,4,270.46,126.43,0,0
user_026,user_026_s02,1,5,981.1,140.51,1,0
user_026,user_026_s02,1,6,181.86,179.51,1,0
user_026,user_026_s02,1,7,275.33,141.02,0,0
user_026,user_026_s02,1,8,308.11,96.66,0,0
user_026,user_026_s02,1,9,99.92,76.32,0,0
user_026,user_026_s02,1,10,1479.48,112.65,0,0
user_026,user_026_s02,1,11,208.57,96.07,0,0
user_026,user_026_s02,1,12,63.1,131.32,1,0
user_026,user_026_s02,1,13,295.7,102.67,0,0
user_026,user_026_s02,1,14,1390.61,107.91,0,0
user_026,user_026_s02,1,15,204.42,171.49,0,0
user_026,user_026_s02,1,16,248.22,189.15,0,0
user_026,user_026_s02,1,17,289.04,92.22,1,0
user_026,user_026_s02,1,18,416.57,108.88,0,0
user_026,user_026_s02,1,19,289.19,114.03,0,0
user_026,user_026_s02,1,20,109.95,135.69,0,0
user_026,user_026_s02,1,21,504.81,136.89,0,0
user_026,user_026_s02,1,22,112.21,102.97,0,0
user_026,user_026_s02,1,23,262.79,143.5,0,0
user_026,user_026_s02,1,24,203.38,104.79,0,0
user_026,user_026_s02,1,25,212.18,108.32,0,0
user_026,user_026_s02,1,26,261.74,86.98,0,0
user_026,user_026_s02,1,27,269.3,164.43,0,0
user_026,user_026_s02,1,28,361.44,159.39,0,0
user_026,user_026_s02,1,29,158.43,137.0,0,0
user_026,user_026_s02,1,30,263.78,149.6,0,0
user_026,user_026_s02,1,31,284.5,167.34,0,0
user_026,user_026_s02,1,32,458.34,153.14,0,0
user_026,user_026_s02,1,33,273.74,152.18,0,0
user_026,user_026_s02,1,34,109.43,106.1,0,0
user_026,user_026_s02,1,35,360.85,63.31,0,1
user_026,user_026_s02,1,36,179.84,91.7,0,0
user_026,user_026_s02,1,37,138.23,210.62,0,0
user_026,user_026_s02,1,38,356.08,113.73,0,0
user_026,user_026_s02,1,39,237.18,186.95,1,0
user_026,user_026_s03,0,0,225.82,141.69,0,0
user_026,user_026_s03,0,1,167.95,123.91,0,0
user_026,user_026_s03,0,2,208.09,127.55,0,0
user_026,user_026_s03,0,3,189.65,153.3,0,0
user_026,user_026_s03,0,4,1605.46,168.45,0,0
user_026,user_026_s03,0,5,247.38,124.8,0,0
user_026,user_026_s03,0,6,218.79,113.5,1,0
user_026,user_026_s03,0,7,259.46,138.86,0,0
user_026,user_026_s03,0,8,182.95,106.38,0,0
user_026,user_026_s03,0,9,164.66,148.53,0,0
user_026,user_026_s03,0,10,158.57,111.01,0,0
user_026,user_026_s03,0,11,129.74,113.51,0,0
user_026,user_026_s03,0,12,168.41,101.36,0,0
user_026,user_026_s03,0,13,250.37,104.92,0,0
user_026,user_026_s03,0,14,258.74,145.86,0,0
user_026,user_026_s03,0,15,178.14,128.96,1,0
user_026,user_026_s03,0,16,120.62,120.99,0,0
user_026,user_026_s03,0,17,201.5,163.4,0,0
user_026,user_026_s03,0,18,247.1,124.44,0,0
user_026,user_026_s03,0,19,263.94,121.69,0,0
user_026,user_026_s03,0,20,234.18,99.61,0,0
user_026,user_026_s03,0,21,171.16,105.73,0,0
user_026,user_026_s03,0,22,258.62,103.18,0,0
user_026,user_026_s03,0,23,241.8,108.22,0,0
user_026,user_026_s03,0,24,259.2,112.61,0,0
user_026,user_026_s03,0,25,176.99,116.3,0,0
user_026,user_026_s03,0,26,247.79,136.16,0,0
user_026,user_026_s03,0,27,265.69,121.54,0,0
user_026,user_026_s03,0,28,153.8,158.11,0,0
user_026,user_026_s03,0,29,190.87,134.76,1,0
user_026,user_026_s03,0,30,145.21,107.8,0,1
user_026,user_026_s03,0,31,180.95,131.17,0,0
user_026,user_026_s03,0,32,216.69,125.1,0,0
user_026,user_026_s03,0,33,148.92,150.21,0,0
user_026,user_026_s03,0,34,277.99,138.61,0,0
user_026,user_026_s03,0,35,278.72,123.42,0,0
user_026,user_026_s03,0,36,215.33,157.32,0,0
user_026,user_026_s03,0,37,188.79,133.29,0,0
user_026,user_026_s03,0,38,219.7,134.17,0,0
user_026,user_026_s03,0,39,295.48,152.36,0,0
user_026,user_026_s04,0,0,286.08,115.67,0,0
user_026,user_026_s04,0,1,176.35,98.31,1,0
user_026,user_026_s04,0,2,217.0,89.05,0,0
user_026,user_026_s04,0,3,211.45,123.08,0,0
user_026,user_026_s04,0,4,296.1,151.43,0,0
user_026,user_026_s04,0,5,195.33,133.99,1,0
user_026,user_026_s04,0,6,125.96,134.41,0,0
user_026,user_026_s04,0,7,193.02,140.18,0,0
user_026,user_026_s04,0,8,260.89,123.07,0,1
user_026,user_026_s04,0,9,243.09,119.4,0,0
user_026,user_026_s04,0,10,211.5,101.59,0,0
user_026,user_026_s04,0,11,197.05,134.82,0,0
user_026,user_026_s04,0,12,233.41,124.51,0,0
user_026,user_026_s04,0,13,244.77,105.04,0,0
user_026,user_026_s04,0,14,227.16,112.57,0,0
user_026,user_026_s04,0,15,198.63,96.2,0,0
user_026,user_026_s04,0,16,214.66,129.51,0,0
user_026,user_026_s04,0,17,188.65,150.08,0,0
user_026,user_026_s04,0,18,268.35,96.14,0,0
user_026,user_026_s04,0,19,209.58,140.0,0,0
user_026,user_026_s04,0,20,169.08,143.31,0,0
user_026,user_026_s04,0,21,330.14,95.47,0,0
user_026,user_026_s04,0,22,179.49,77.22,0,0
user_026,user_026_s04,0,23,171.18,120.19,0,0
user_026,user_026_s04,0,24,155.54,115.42,0,0
user_026,user_026_s04,0,25,181.57,114.48,0,0
user_026,user_026_s04,0,26,253.84,141.64,0,0
user_026,user_026_s04,0,27,136.5,111.82,0,0
user_026,user_026_s04,0,28,224.34,167.71,0,0
user_026,user_026_s04,0,29,186.83,87.95,0,0
user_026,user_026_s04,0,30,175.3,101.43,0,0
user_026,user_026_s04,0,31,128.54,101.32,0,0
user_026,user_026_s04,0,32,213.99,115.14,0,0
user_026,user_026_s04,0,33,129.82,147.57,0,0
user_026,user_026_s04,0,34,202.07,96.4,0,1
user_026,user_026_s04,0,35,233.43,100.7,0,0
user_026,user_026_s04,0,36,102.32,106.12,0,1
user_026,user_026_s04,0,37,251.2,117.11,0,0
user_026,user_026_s04,0,38,935.66,122.18,0,0
user_026,user_026_s04,0,39,307.78,111.05,0,0
user_026,user_026_s05,0,0,231.76,104.8,0,0
user_026,user_026_s05,0,1,170.61,102.37,0,0
user_026,user_026_s05,0,2,255.66,93.64,0,1
user_026,user_026_s05,0,3,207.92,86.82,0,0
user_026,user_026_s05,0,4,1235.09,107.13,0,0
user_026,user_026_s05,0,5,201.99,89.47,0,0
user_026,user_026_s05,0,6,216.98,96.2,0,0
user_026,user_026_s05,0,7,208.15,125.36,0,1
user_026,user_026_s05,0,8,213.36,93.77,0,0
user_026,user_026_s05,0,9,185.44,117.45,0,0
user_026,user_026_s05,0,10,168.59,127.54,0,0
user_026,user_026_s05,0,11,113.9,106.07,0,0
user_026,user_026_s05,0,12,226.18,118.51,0,0
user_026,user_026_s05,0,13,222.38,90.95,0,0
user_026,user_026_s05,0,14,293.09,123.18,0,0
user_026,user_026_s05,0,15,194.69,121.24,0,0
user_026,user_026_s05,0,16,210.78,137.58,0,0
user_026,user_026_s05,0,17,204.4,131.87,0,0
user_026,user_026_s05,0,18,240.47,113.56,0,0
user_026,user_026_s05,0,19,170.85,163.9,0,0
user_026,user_026_s05,0,20,204.38,126.05,0,0
user_026,user_026_s05,0,21,198.16,133.9,0,0
user_026,user_026_s05,0,22,234.27,98.93,1,0
user_026,user_026_s05,0,23,308.8,100.79,0,0
user_026,user_026_s05,0,24,213.47,109.69,0,0
user_026,user_026_s05,0,25,123.94,88.02,0,0
user_026,user_026_s05,0,26,137.69,108.99,0,0
user_026,user_026_s05,0,27,249.98,107.44,0,0
user_026,user_026_s05,0,28,112.89,130.3,0,0
user_026,user_026_s05,0,29,212.74,131.77,0,0
user_026,user_026_s05,0,30,159.94,110.67,0,1
user_026,user_026_s05,0,31,1093.76,100.71,0,0
user_026,user_026_s05,0,32,135.66,144.34,0,0
user_026,user_026_s05,0,33,163.41,77.57,0,0
user_026,user_026_s05,0,34,236.18,76.93,0,0
user_026,user_026_s05,0,35,185.1,117.93,0,0
user_026,user_026_s05,0,36,160.52,106.83,0,0
user_026,user_026_s05,0,37,148.1,102.03,0,0
user_026,user_026_s05,0,38,163.66,71.34,0,0
user_026,user_026_s05,0,39,151.09,90.52,0,0
user_026,user_026_s06,1,0,183.8,54.11,0,0
user_026,user_026_s06,1,1,286.9,165.72,0,0
user_026,user_026_s06,1,2,371.69,182.51,1,0
user_026,user_026_s06,1,3,1098.46,159.33,0,1
user_026,user_026_s06,1,4,61.28,227.82,0,0
user_026,user_026_s06,1,5,259.46,130.64,0,0
user_026,user_026_s06,1,6,313.49,111.32,0,0
user_026,user_026_s06,1,7,227.74,186.32,0,0
user_026,user_026_s06,1,8,289.57,188.56,0,0
user_026,user_026_s06,1,9,285.01,183.22,0,0
user_026,user_026_s06,1,10,161.97,104.64,0,0
user_026,user_026_s06,1,11,369.73,118.41,0,0
user_026,user_026_s06,1,12,235.02,84.38,0,0
user_026,user_026_s06,1,13,231.47,214.78,0,1
user_026,user_026_s06,1,14,301.88,110.43,0,0
user_026,user_026_s06,1,15,116.4,100.1,1,0
user_026,user_026_s06,1,16,375.27,139.86,1,0
user_026,user_026_s06,1,17,172.55,147.85,0,0
user_026,user_026_s06,1,18,424.25,167.65,0,0
user_026,user_026_s06,1,19,362.69,138.92,0,1
user_026,user_026_s06,1,20,170.02,119.12,0,0
user_026,user_026_s06,1,21,291.18,129.35,0,0
user_026,user_026_s06,1,22,174.93,121.85,0,0
user_026,user_026_s06,1,23,162.54,193.88,0,0
user_026,user_026_s06,1,24,40.0,143.39,0,0
user_026,user_026_s06,1,25,318.32,166.51,0,0
user_026,user_026_s06,1,26,219.96,136.07,0,0
user_026,user_026_s06,1,27,1646.27,77.73,0,1
user_026,user_026_s06,1,28,281.46,202.87,0,0
user_026,user_026_s06,1,29,151.36,164.55,0,1
user_026,user_026_s06,1,30,336.96,157.61,0,0
user_026,user_026_s06,1,31,307.94,67.15,0,0
user_026,user_026_s06,1,32,217.88,138.6,0,0
user_026,user_026_s06,1,33,1687.66,199.25,0,1
user_026,user_026_s06,1,34,236.74,190.35,0,1
user_026,user_026_s06,1,35,190.24,135.77,0,0
user_026,user_026_s06,1,36,243.93,187.6,0,0
user_026,user_026_s06,1,37,227.79,200.25,0,0
user_026,user_026_s06,1,38,127.32,138.05,0,0
user_026,user_026_s06,1,39,40.0,191.15,0,0
user_026,user_026_s07,0,0,156.47,105.99,0,0
user_026,user_026_s07,0,1,124.16,123.78,0,0
user_026,user_026_s07,0,2,244.49,138.77,0,0
user_026,user_026_s07,0,3,211.54,126.4,0,0
user_026,user_026_s07,0,4,164.84,132.47,0,0
user_026,user_026_s07,0,5,230.74,97.57,1,0
user_026,user_026_s07,0,6,240.39,115.76,0,0
user_026,user_026_s07,0,7,266.4,126.95,0,0
user_026,user_026_s07,0,8,166.46,123.27,0,0
user_026,user_026_s07,0,9,730.82,100.33,0,0
user_026,user_026_s07,0,10,1344.59,105.13,0,0
user_026,user_026_s07,0,11,277.96,119.49,0,0
user_026,user_026_s07,0,12,267.95,137.2,0,0
user_026,user_026_s07,0,13,197.22,164.49,0,0
user_026,user_026_s07,0,14,248.25,100.15,0,0
user_026,user_026_s07,0,15,195.82,123.16,0,0
user_026,user_026_s07,0,16,201.26,101.58,0,0
user_026,user_026_s07,0,17,206.35,121.65,0,0
user_026,user_026_s07,0,18,189.67,114.37,0,0
user_026,user_026_s07,0,19,259.12,130.37,0,0
user_026,user_026_s07,0,20,269.0,82.04,0,0
user_026,user_026_s07,0,21,201.88,115.44,0,0
user_026,user_026_s07,0,22,230.83,124.33,0,0
user_026,user_026_s07,0,23,202.68,126.27,0,0
user_026,user_026_s07,0,24,174.81,128.76,0,0
user_026,user_026_s07,0,25,167.08,125.33,0,0
user_026,user_026_s07,0,26,310.22,147.49,0,0
user_026,user_026_s07,0,27,184.56,148.96,0,0
user_026,user_026_s07,0,28,254.09,117.92,0,0
user_026,user_026_s07,0,29,241.74,111.64,0,1
user_026,user_026_s07,0,30,162.01,126.19,0,0
user_026,user_026_s07,0,31,243.45,138.43,0,0
user_026,user_026_s07,0,32,236.95,122.97,0,0
user_026,user_026_s07,0,33,220.85,100.18,0,0
user_026,user_026_s07,0,34,200.09,141.49,0,0
user_026,user_026_s07,0,35,221.93,130.1,0,0
user_026,user_026_s07,0,36,245.91,157.61,0,0
user_026,user_026_s07,0,37,178.65,107.06,0,0
user_026,user_026_s07,0,38,294.53,126.93,0,0
user_026,user_026_s07,0,39,256.72,130.87,0,0
user_026,user_026_s08,0,0,193.6,124.24,0,0
user_026,user_026_s08,0,1,292.24,107.15,0,0
user_026,user_026_s08,0,2,196.9,154.32,1,0
user_026,user_026_s08,0,3,252.71,123.77,0,0
user_026,user_026_s08,0,4,337.31,100.6,0,0
user_026,user_026_s08,0,5,294.39,127.47,0,0
user_026,user_026_s08,0,6,197.65,105.56,0,0
user_026,user_026_s08,0,7,183.28,106.9,0,0
user_026,user_026_s08,0,8,158.6,137.8,0,0
user_026,user_026_s08,0,9,212.06,126.01,0,0
user_026,user_026_s08,0,10,127.29,136.74,0,0
user_026,user_026_s08,0,11,319.73,64.98,0,0
user_026,user_026_s08,0,12,179.32,122.31,1,0
user_026,user_026_s08,0,13,208.79,145.81,0,0
user_026,user_026_s08,0,14,220.57,92.59,0,0
user_026,user_026_s08,0,15,146.39,118.69,0,0
user_026,user_026_s08,0,16,257.34,110.74,0,0
user_026,user_026_s08,0,17,230.76,129.79,0,0
user_026,user_026_s08,0,18,193.11,104.31,0,0
user_026,user_026_s08,0,19,226.11,131.35,0,0
user_026,user_026_s08,0,20,202.76,109.52,0,0
user_026,user_026_s08,0,21,206.27,170.17,0,0
user_026,user_026_s08,0,22,173.23,122.71,0,0
user_026,user_026_s08,0,23,213.07,161.57,0,0
user_026,user_026_s08,0,24,228.21,128.48,0,0
user_026,user_026_s08,0,25,165.41,107.76,0,0
user_026,user_026_s08,0,26,221.49,116.26,0,0
user_026,user_026_s08,0,27,109.82,123.25,0,0
user_026,user_026_s08,0,28,269.62,69.14,0,0
user_026,user_026_s08,0,29,145.3,134.83,0,0
user_026,user_026_s08,0,30,120.07,118.84,1,0
user_026,user_026_s08,0,31,181.76,126.44,0,0
user_026,user_026_s08,0,32,218.6,127.9,0,0
user_026,user_026_s08,0,33,192.21,89.32,0,0
user_026,user_026_s08,0,34,248.24,117.18,0,0
user_026,user_026_s08,0,35,883.87,115.55,0,0
user_026,user_026_s08,0,36,197.35,90.3,0,0
user_026,user_026_s08,0,37,200.89,144.67,0,0
user_026,user_026_s08,0,38,294.02,153.15,0,0
user_026,user_026_s08,0,39,187.21,107.56,0,0
user_026,user_026_s09,0,0,235.5,85.53,0,0
user_026,user_026_s09,0,1,290.53,132.69,0,0
user_026,user_026_s09,0,2,183.86,119.09,0,0
user_026,user_026_s09,0,3,256.88,147.77,0,0
user_026,user_026_s09,0,4,209.84,147.9,0,0
user_026,user_026_s09,0,5,294.37,97.17,0,0
user_026,user_026_s09,0,6,230.93,118.22,0,0
user_026,user_026_s09,0,7,174.74,145.21,0,0
user_026,user_026_s09,0,8,287.88,104.77,0,0
user_026,user_026_s09,0,9,199.06,139.41,0,0
user_026,user_026_s09,0,10,159.62,69.43,0,0
user_026,user_026_s09,0,11,295.76,118.38,0,0
user_026,user_026_s09,0,12,251.12,106.93,0,0
user_026,user_026_s09,0,13,175.28,141.02,0,0
user_026,user_026_s09,0,14,213.62,111.93,0,0
user_026,user_026_s09,0,15,212.16,136.09,0,0
user_026,user_026_s09,0,16,173.77,130.13,0,0
user_026,user_026_s09,0,17,175.57,104.35,0,0
user_026,user_026_s09,0,18,213.8,137.49,0,0
user_026,user_026_s09,0,19,268.37,130.55,0,0
user_026,user_026_s09,0,20,260.86,89.13,0,0
user_026,user_026_s09,0,21,191.06,130.13,0,0
user_026,user_026_s09,0,22,260.78,110.07,0,0
user_026,user_026_s09,0,23,293.93,128.99,0,0
user_026,user_026_s09,0,24,175.5,124.7,0,0
user_026,user_026_s09,0,25,255.8,139.99,0,0
user_026,user_026_s09,0,26,219.51,138.73,0,0
user_026,user_026_s09,0,27,205.02,103.8,1,0
user_026,user_026_s09,0,28,219.57,109.2,0,0
user_026,user_026_s09,0,29,259.7,114.51,0,0
user_026,user_026_s09,0,30,155.13,141.11,0,0
user_026,user_026_s09,0,31,218.82,111.46,0,0
user_026,user_026_s09,0,32,200.3,126.07,0,0
user_026,user_026_s09,0,33,219.82,137.83,0,0
user_026,user_026_s09,0,34,209.42,120.52,0,0
user_026,user_026_s09,0,35,180.87,154.48,0,0
user_026,user_026_s09,0,36,313.82,108.61,0,0
user_026,user_026_s09,0,37,86.78,130.4,0,0
user_026,user_026_s09,0,38,247.51,127.49,0,0
user_026,user_026_s09,0,39,247.92,122.06,0,0
user_026,user_026_s10,0,0,196.17,124.07,0,0
user_026,user_026_s10,0,1,231.79,106.18,0,0
user_026,user_026_s10,0,2,276.51,79.16,0,0
user_026,user_026_s10,0,3,230.42,110.19,0,0
user_026,user_026_s10,0,4,177.67,109.96,0,0
user_026,user_026_s10,0,5,292.03,98.96,0,0
user_026,user_026_s10,0,6,220.47,129.58,0,0
user_026,user_026_s10,0,7,179.51,106.59,0,0
user_026,user_026_s10,0,8,315.78,101.37,0,0
user_026,user_026_s10,0,9,123.14,102.06,0,0
user_026,user_026_s10,0,10,185.59,91.94,0,0
user_026,user_026_s10,0,11,190.27,109.04,0,0
user_026,user_026_s10,0,12,263.45,109.56,0,0
user_026,user_026_s10,0,13,201.53,115.62,0,0
user_026,user_026_s10,0,14,184.67,128.26,0,0
user_026,user_026_s10,0,15,271.81,151.44,1,0
user_026,user_026_s10,0,16,258.61,140.94,0,0
user_026,user_026_s10,0,17,204.7,89.03,0,0
user_026,user_026_s10,0,18,230.96,138.58,0,0
user_026,user_026_s10,0,19,162.36,142.4,0,0
user_026,user_026_s10,0,20,207.65,135.84,1,0
user_026,user_026_s10,0,21,215.67,111.45,0,0
user_026,user_026_s10,0,22,153.92,150.09,0,0
user_026,user_026_s10,0,23,135.83,102.45,0,0
user_026,user_026_s10,0,24,199.1,142.07,0,0
user_026,user_026_s10,0,25,272.41,141.46,0,0
user_026,user_026_s10,0,26,248.45,130.63,0,0
user_026,user_026_s10,0,27,188.98,84.3,0,0
user_026,user_026_s10,0,28,350.0,124.64,0,0
user_026,user_026_s10,0,29,165.15,137.35,0,0
user_026,user_026_s10,0,30,246.92,121.53,0,0
user_026,user_026_s10,0,31,192.54,118.9,1,0
user_026,user_026_s10,0,32,280.4,113.02,0,0
user_026,user_026_s10,0,33,213.47,109.93,0,0
user_026,user_026_s10,0,34,207.15,118.64,0,0
user_026,user_026_s10,0,35,267.8,144.73,0,0
user_026,user_026_s10,0,36,210.87,106.37,0,0
user_026,user_026_s10,0,37,256.44,128.48,0,0
user_026,user_026_s10,0,38,213.67,66.32,0,0
user_026,user_026_s10,0,39,86.77,109.96,1,0
user_026,user_026_s11,0,0,226.31,119.25,0,0
user_026,user_026_s11,0,1,255.52,128.63,0,0
user_026,user_026_s11,0,2,185.53,126.17,0,1
user_026,user_026_s11,0,3,233.12,142.42,0,0
user_026,user_026_s11,0,4,218.38,133.82,0,0
user_026,user_026_s11,0,5,270.13,130.37,0,0
user_026,user_026_s11,0,6,189.87,83.84,0,0
user_026,user_026_s11,0,7,215.63,113.38,0,0
user_026,user_026_s11,0,8,164.06,68.99,0,0
user_026,user_026_s11,0,9,251.86,91.93,1,0
user_026,user_026_s11,0,10,187.39,143.27,0,0
user_026,user_026_s11,0,11,203.24,110.43,0,0
user_026,user_026_s11,0,12,174.22,142.8,0,0
user_026,user_026_s11,0,13,1264.63,103.84,1,0
user_026,user_026_s11,0,14,255.18,116.91,0,0
user_026,user_026_s11,0,15,237.03,122.69,0,0
user_026,user_026_s11,0,16,283.46,150.89,0,0
user_026,user_026_s11,0,17,186.05,139.92,0,0
user_026,user_026_s11,0,18,219.44,109.71,0,0
user_026,user_026_s11,0,19,277.01,109.84,0,0
user_026,user_026_s11,0,20,171.81,123.62,0,0
user_026,user_026_s11,0,21,279.76,168.01,0,0
user_026,user_026_s11,0,22,296.25,121.57,0,0
user_026,user_026_s11,0,23,163.84,103.49,0,0
user_026,user_026_s11,0,24,342.37,104.48,0,0
user_026,user_026_s11,0,25,205.7,116.44,0,0
user_026,user_026_s11,0,26,134.44,126.59,0,0
user_026,user_026_s11,0,27,164.19,101.92,0,0
user_026,user_026_s11,0,28,211.67,139.34,0,0
user_026,user_026_s11,0,29,198.85,106.99,0,0
user_026,user_026_s11,0,30,179.81,146.41,1,0
user_026,user_026_s11,0,31,157.05,125.46,1,0
user_026,user_026_s11,0,32,148.72,113.52,0,0
user_026,user_026_s11,0,33,302.91,63.51,0,0
user_026,user_026_s11,0,34,237.52,113.13,0,0
user_026,user_026_s11,0,35,270.16,120.66,0,0
user_026,user_026_s11,0,36,172.45,121.56,0,0
user_026,user_026_s11,0,37,199.79,132.49,0,0
user_026,user_026_s11,0,38,168.55,112.81,0,0
user_026,user_026_s11,0,39,194.65,132.76,0,0
user_026,user_026_s12,0,0,150.44,105.98,0,0
user_026,user_026_s12,0,1,223.77,87.55,0,0
user_026,user_026_s12,0,2,272.26,161.41,0,0
user_026,user_026_s12,0,3,155.54,117.18,0,1
user_026,user_026_s12,0,4,601.89,64.24,0,0
user_026,user_026_s12,0,5,225.79,165.17,0,0
user_026,user_026_s12,0,6,248.72,67.07,0,0
user_026,user_026_s12,0,7,251.22,70.03,0,0
user_026,user_026_s12,0,8,271.12,97.47,0,0
user_026,user_026_s12,0,9,218.18,112.37,0,0
user_026,user_026_s12,0,10,126.54,139.78,0,1
user_026,user_026_s12,0,11,236.11,108.59,0,0
user_026,user_026_s12,0,12,270.01,99.3,0,0
user_026,user_026_s12,0,13,178.74,109.33,0,0
user_026,user_026_s12,0,14,203.17,109.23,0,0
user_026,user_026_s12,0,15,100.34,144.57,0,0
user_026,user_026_s12,0,16,195.97,136.83,0,0
user_026,user_026_s12,0,17,290.65,103.37,0,0
user_026,user_026_s12,0,18,187.68,108.6,0,0
user_026,user_026_s12,0,19,156.84,78.05,0,0
user_026,user_026_s12,0,20,308.92,128.29,0,0
user_026,user_026_s12,0,21,241.1,114.51,0,0
user_026,user_026_s12,0,22,234.09,123.37,0,0
user_026,user_026_s12,0,23,217.95,128.29,0,0
user_026,user_026_s12,0,24,176.09,146.93,0,0
user_026,user_026_s12,0,25,196.81,107.69,0,0
user_026,user_026_s12,0,26,293.86,116.64,0,0
user_026,user_026_s12,0,27,175.47,147.14,0,0
user_026,user_026_s12,0,28,278.93,112.05,0,0
user_026,user_026_s12,0,29,227.69,113.73,0,0
user_026,user_026_s12,0,30,227.96,168.78,0,1
user_026,user_026_s12,0,31,125.88,114.64,0,0
user_026,user_026_s12,0,32,231.52,150.55,0,0
user_026,user_026_s12,0,33,206.84,104.28,0,0
user_026,user_026_s12,0,34,128.75,106.39,0,0
user_026,user_026_s12,0,35,212.19,75.09,0,0
user_026,user_026_s12,0,36,188.63,127.89,0,0
user_026,user_026_s12,0,37,223.45,130.01,0,0
user_026,user_026_s12,0,38,879.5,117.35,0,0
user_026,user_026_s12,0,39,1304.46,124.8,0,0
user_026,user_026_s13,1,0,416.37,170.73,0,0
user_026,user_026_s13,1,1,361.64,169.58,0,0
user_026,user_026_s13,1,2,317.32,215.68,0,1
user_026,user_026_s13,1,3,1071.62,120.3,0,0
user_026,user_026_s13,1,4,211.85,131.83,0,0
user_026,user_026_s13,1,5,305.5,185.78,0,0
user_026,user_026_s13,1,6,92.62,174.56,1,0
user_026,user_026_s13,1,7,247.62,150.72,1,0
user_026,user_026_s13,1,8,178.17,246.59,0,0
user_026,user_026_s13,1,9,374.12,121.13,0,0
user_026,user_026_s13,1,10,404.97,164.54,0,1
user_026,user_026_s13,1,11,270.17,172.7,0,0
user_026,user_026_s13,1,12,495.16,148.44,0,0
user_026,user_026_s13,1,13,219.73,139.23,0,0
user_026,user_026_s13,1,14,189.57,151.87,0,0
user_026,user_026_s13,1,15,1356.54,218.6,0,0
user_026,user_026_s13,1,16,327.68,149.16,0,0
user_026,user_026_s13,1,17,377.32,176.36,0,0
user_026,user_026_s13,1,18,1137.58,141.2,0,0
user_026,user_026_s13,1,19,264.22,187.58,0,0
user_026,user_026_s13,1,20,392.88,200.42,0,0
user_026,user_026_s13,1,21,248.38,155.77,0,1
user_026,user_026_s13,1,22,550.02,186.63,0,0
user_026,user_026_s13,1,23,1663.3,157.86,0,0
user_026,user_026_s13,1,24,116.76,163.41,0,0
user_026,user_026_s13,1,25,251.2,177.72,0,0
user_026,user_026_s13,1,26,227.54,172.91,0,0
user_026,user_026_s13,1,27,480.53,170.14,1,0
user_026,user_026_s13,1,28,212.02,109.91,0,0
user_026,user_026_s13,1,29,95.95,118.26,0,0
user_026,user_026_s13,1,30,383.58,100.88,0,0
user_026,user_026_s13,1,31,41.16,112.42,0,1
user_026,user_026_s13,1,32,263.36,177.92,0,0
user_026,user_026_s13,1,33,365.69,149.31,0,0
user_026,user_026_s13,1,34,260.84,139.49,0,0
user_026,user_026_s13,1,35,420.32,225.17,0,0
user_026,user_026_s13,1,36,329.73,204.05,0,0
user_026,user_026_s13,1,37,214.86,105.77,0,0
user_026,user_026_s13,1,38,314.35,131.18,0,0
user_026,user_026_s13,1,39,448.78,128.35,0,0
user_027,user_027_s00,0,0,215.0,139.98,0,0
user_027,user_027_s00,0,1,202.19,103.76,0,0
user_027,user_027_s00,0,2,190.49,135.65,0,0
user_027,user_027_s00,0,3,178.82,121.89,0,0
user_027,user_027_s00,0,4,135.45,94.5,0,0
user_027,user_027_s00,0,5,268.02,100.3,0,0
user_027,user_027_s00,0,6,237.08,133.67,0,0
user_027,user_027_s00,0,7,1158.22,137.43,0,0
user_027,user_027_s00,0,8,149.47,110.56,0,0
user_027,user_027_s00,0,9,179.71,131.66,0,0
user_027,user_027_s00,0,10,199.44,117.97,0,0
user_027,user_027_s00,0,11,219.06,110.23,0,0
user_027,user_027_s00,0,12,167.34,114.94,0,0
user_027,user_027_s00,0,13,282.26,85.86,0,0
user_027,user_027_s00,0,14,243.05,106.48,0,0
user_027,user_027_s00,0,15,210.97,101.81,0,0
user_027,user_027_s00,0,16,216.57,129.86,0,0
user_027,user_027_s00,0,17,192.52,116.04,0,0
user_027,user_027_s00,0,18,171.37,107.11,0,0
user_027,user_027_s00,0,19,91.98,131.9,0,0
user_027,user_027_s00,0,20,242.88,83.71,0,0
user_027,user_027_s00,0,21,205.34,93.95,0,0
user_027,user_027_s00,0,22,256.99,134.67,0,0
user_027,user_027_s00,0,23,229.36,123.25,0,0
user_027,user_027_s00,0,24,201.35,82.38,0,0
user_027,user_027_s00,0,25,206.8,115.47,0,0
user_027,user_027_s00,0,26,168.89,88.2,0,0
user_027,user_027_s00,0,27,147.8,103.64,0,0
user_027,user_027_s00,0,28,157.22,119.87,0,0
user_027,user_027_s00,0,29,158.58,110.84,0,0
user_027,user_027_s00,0,30,193.75,110.2,0,0
user_027,user_027_s00,0,31,238.6,96.34,0,0
user_027,user_027_s00,0,32,1076.71,132.65,0,0
user_027,user_027_s00,0,33,132.96,120.58,1,0
user_027,user_027_s00,0,34,242.15,96.68,1,0
user_027,user_027_s00,0,35,209.16,113.71,0,0
user_027,user_027_s00,0,36,234.81,105.77,0,0
user_027,user_027_s00,0,37,226.28,101.4,0,0
user_027,user_027_s00,0,38,125.8,114.11,0,0
user_027,user_027_s00,0,39,211.75,142.16,0,0
user_027,user_027_s01,1,0,254.2,103.12,1,0
user_027,user_027_s01,1,1,296.9,87.41,0,0
user_027,user_027_s01,1,2,209.35,114.74,0,0
user_027,user_027_s01,1,3,92.73,109.23,0,1
user_027,user_027_s01,1,4,355.75,99.86,1,0
user_027,user_027_s01,1,5,222.74,123.37,0,0
user_027,user_027_s01,1,6,315.73,89.13,0,0
user_027,user_027_s01,1,7,205.65,112.23,0,0
user_027,user_027_s01,1,8,243.92,99.08,0,0
user_027,user_027_s01,1,9,106.01,92.62,0,0
user_027,user_027_s01,1,10,170.1,90.62,0,0
user_027,user_027_s01,1,11,355.32,98.63,0,1
user_027,user_027_s01,1,12,306.47,146.6,0,0
user_027,user_027_s01,1,13,331.44,121.0,0,0
user_027,user_027_s01,1,14,275.48,133.62,0,0
user_027,user_027_s01,1,15,256.61,123.49,0,0
user_027,user_027_s01,1,16,313.03,150.45,0,1
user_027,user_027_s01,1,17,309.83,146.14,0,0
user_027,user_027_s01,1,18,260.7,147.08,0,0
user_027,user_027_s01,1,19,244.15,124.1,0,0
user_027,user_027_s01,1,20,313.29,128.9,0,0
user_027,user_027_s01,1,21,153.38,92.22,0,0
user_027,user_027_s01,1,22,212.37,107.53,1,0
user_027,user_027_s01,1,23,124.63,153.64,0,0
user_027,user_027_s01,1,24,160.17,112.33,1,0
user_027,user_027_s01,1,25,1049.76,121.87,0,0
user_027,user_027_s01,1,26,298.57,149.2,0,0
user_027,user_027_s01,1,27,382.84,137.59,0,0
user_027,user_027_s01,1,28,227.47,130.19,0,0
user_027,user_027_s01,1,29,204.12,122.11,0,0
user_027,user_027_s01,1,30,230.56,155.92,0,0
user_027,user_027_s01,1,31,1472.86,108.68,0,0
user_027,user_027_s01,1,32,381.0,140.11,0,0
user_027,user_027_s01,1,33,237.15,120.91,0,0
user_027,user_027_s01,1,34,148.73,147.12,0,0
user_027,user_027_s01,1,35,267.44,149.9,1,0
user_027,user_027_s01,1,36,243.26,133.41,0,0
user_027,user_027_s01,1,37,233.45,163.53,0,0
user_027,user_027_s01,1,38,215.03,152.07,0,0
user_027,user_027_s01,1,39,402.53,120.58,0,0
user_027,user_027_s02,1,0,201.43,131.75,0,0
user_027,user_027_s02,1,1,103.68,88.17,0,1
user_027,user_027_s02,1,2,205.58,116.24,0,0
user_027,user_027_s02,1,3,166.84,140.43,0,0
user_027,user_027_s02,1,4,1146.22,127.2,0,0
user_027,user_027_s02,1,5,233.12,160.65,1,0
user_027,user_027_s02,1,6,180.45,120.05,0,0
user_027,user_027_s02,1,7,253.69,202.52,0,0
user_027,user_027_s02,1,8,294.98,146.5,0,0
user_027,user_027_s02,1,9,289.8,147.21,0,0
user_027,user_027_s02,1,10,283.01,128.47,0,0
user_027,user_027_s02,1,11,64.04,136.38,0,0
user_027,user_027_s02,1,12,225.72,84.7,0,0
user_027,user_027_s02,1,13,1097.5,144.85,0,0
user_027,user_027_s02,1,14,1026.07,207.47,0,0
user_027,user_027_s02,1,15,327.69,173.37,1,0
user_027,user_027_s02,1,16,268.02,92.92,1,0
user_027,user_027_s02,1,17,197.09,154.07,0,0
user_027,user_027_s02,1,18,362.81,159.02,0,0
user_027,user_027_s02,1,19,251.07,193.16,0,0
user_027,user_027_s02,1,20,243.59,119.75,0,0
user_027,user_027_s02,1,21,354.74,217.56,0,0
user_027,user_027_s02,1,22,947.3,148.42,1,0
user_027,user_027_s02,1,23,257.73,118.46,0,0
user_027,user_027_s02,1,24,1432.86,92.92,0,0
user_027,user_027_s02,1,25,1024.88,141.05,0,0
user_027,user_027_s02,1,26,392.05,151.41,0,0
user_027,user_027_s02,1,27,302.62,108.49,1,0
user_027,user_027_s02,1,28,420.08,164.7,0,0
user_027,user_027_s02,1,29,279.95,161.58,0,0
user_027,user_027_s02,1,30,378.18,145.11,0,0
user_027,user_027_s02,1,31,136.83,117.51,0,0
user_027,user_027_s02,1,32,280.07,145.45,0,0
user_027,user_027_s02,1,33,157.99,203.45,0,0
user_027,user_027_s02,1,34,1566.0,115.4,0,1
user_027,user_027_s02,1,35,237.9,88.91,1,0
user_027,user_027_s02,1,36,247.61,133.0,0,0
user_027,user_027_s02,1,37,246.34,119.06,0,0
user_027,user_027_s02,1,38,1126.68,85.85,0,0
user_027,user_027_s02,1,39,278.7,157.8,0,1
user_027,user_027_s03,0,0,227.17,76.77,0,0
user_027,user_027_s03,0,1,211.36,130.9,0,0
user_027,user_027_s03,0,2,264.94,123.47,0,0
user_027,user_027_s03,0,3,153.75,125.54,0,0
user_027,user_027_s03,0,4,196.3,79.83,0,0
user_027,user_027_s03,0,5,153.25,109.77,0,0
user_027,user_027_s03,0,6,176.2,94.15,0,0
user_027,user_027_s03,0,7,1331.15,87.68,0,0
user_027,user_027_s03,0,8,233.98,74.65,0,0
user_027,user_027_s03,0,9,168.81,89.41,0,0
user_027,user_027_s03,0,10,262.39,88.06,0,0
user_027,user_027_s03,0,11,264.97,123.61,0,0
user_027,user_027_s03,0,12,231.15,98.04,0,0
user_027,user_027_s03,0,13,145.94,106.33,0,0
user_027,user_027_s03,0,14,264.3,131.24,0,0
user_027,user_027_s03,0,15,178.63,110.49,0,0
user_027,user_027_s03,0,16,183.07,96.03,0,0
user_027,user_027_s03,0,17,222.1,112.93,0,0
user_027,user_027_s03,0,18,158.99,94.79,0,0
user_027,user_027_s03,0,19,255.67,76.94,0,0
user_027,user_027_s03,0,20,235.03,116.04,0,0
user_027,user_027_s03,0,21,334.82,121.07,0,0
user_027,user_027_s03,0,22,212.23,105.62,0,0
user_027,user_027_s03,0,23,192.38,106.78,0,0
user_027,user_027_s03,0,24,290.53,101.4,0,0
user_027,user_027_s03,0,25,112.88,137.59,0,0
user_027,user_027_s03,0,26,208.97,114.69,0,0
user_027,user_027_s03,0,27,192.25,106.84,0,0
user_027,user_027_s03,0,28,255.01,126.97,0,0
user_027,user_027_s03,0,29,341.14,128.62,0,0
user_027,user_027_s03,0,30,167.53,117.33,0,0
user_027,user_027_s03,0,31,251.59,126.93,0,0
user_027,user_027_s03,0,32,262.42,119.39,0,0
user_027,user_027_s03,0,33,258.86,110.09,0,1
user_027,user_027_s03,0,34,209.72,127.42,0,1
user_027,user_027_s03,0,35,231.36,92.02,0,0
user_027,user_027_s03,0,36,1386.35,91.65,0,0
user_027,user_027_s03,0,37,279.99,118.29,0,0
user_027,user_027_s03,0,38,148.97,96.72,0,0
user_027,user_027_s03,0,39,153.95,124.27,0,0
user_027,user_027_s04,1,0,399.0,164.35,0,0
user_027,user_027_s04,1,1,300.38,161.83,0,0
user_027,user_027_s04,1,2,324.11,110.41,0,0
user_027,user_027_s04,1,3,277.41,176.43,0,0
user_027,user_027_s04,1,4,407.06,180.66,1,0
user_027,user_027_s04,1,5,367.0,186.03,0,0
user_027,user_027_s04,1,6,200.72,165.85,0,0
user_027,user_027_s04,1,7,346.38,196.3,0,0
user_027,user_027_s04,1,8,1710.04,176.82,0,0
user_027,user_027_s04,1,9,291.8,146.92,0,1
user_027,user_027_s04,1,10,352.63,158.59,0,0
user_027,user_027_s04,1,11,972.42,141.59,0,0
user_027,user_027_s04,1,12,1330.63,127.7,0,0
user_027,user_027_s04,1,13,323.36,183.86,0,0
user_027,user_027_s04,1,14,255.07,152.05,0,0
user_027,user_027_s04,1,15,339.52,183.54,0,0
user_027,user_027_s04,1,16,216.59,222.58,1,0
user_027,user_027_s04,1,17,350.61,195.28,1,0
user_027,user_027_s04,1,18,423.11,128.47,0,0
user_027,user_027_s04,1,19,221.93,141.72,0,0
user_027,user_027_s04,1,20,406.72,179.52,0,0
user_027,user_027_s04,1,21,294.22,174.43,0,0
user_027,user_027_s04,1,22,1175.69,204.62,0,0
user_027,user_027_s04,1,23,279.81,148.33,0,0
user_027,user_027_s04,1,24,300.05,118.45,0,0
user_027,user_027_s04,1,25,264.7,129.61,0,0
user_027,user_027_s04,1,26,392.39,200.06,0,0
user_027,user_027_s04,1,27,274.81,165.83,0,0
user_027,user_027_s04,1,28,1132.05,188.25,0,0
user_027,user_027_s04,1,29,1688.05,149.29,1,0
user_027,user_027_s04,1,30,283.37,136.19,0,0
user_027,user_027_s04,1,31,257.17,182.41,0,0
user_027,user_027_s04,1,32,266.03,116.33,1,0
user_027,user_027_s04,1,33,390.36,176.81,0,0
user_027,user_027_s04,1,34,289.56,214.53,0,0
user_027,user_027_s04,1,35,319.08,85.32,0,0
user_027,user_027_s04,1,36,238.85,129.28,0,0
user_027,user_027_s04,1,37,1571.21,159.76,0,1
user_027,user_027_s04,1,38,377.02,144.96,0,0
user_027,user_027_s04,1,39,175.26,156.28,0,0
user_027,user_027_s05,0,0,139.24,129.01,0,0
user_027,user_027_s05,0,1,854.08,124.7,0,0
user_027,user_027_s05,0,2,166.78,112.36,0,0
user_027,user_027_s05,0,3,199.37,100.22,1,0
user_027,user_027_s05,0,4,167.78,112.67,0,0
user_027,user_027_s05,0,5,191.26,84.74,0,0
user_027,user_027_s05,0,6,214.31,131.71,0,0
user_027,user_027_s05,0,7,265.68,103.82,0,0
user_027,user_027_s05,0,8,183.96,104.95,0,0
user_027,user_027_s05,0,9,270.47,79.07,0,0
user_027,user_027_s05,0,10,129.79,93.28,0,0
user_027,user_027_s05,0,11,146.79,160.68,0,0
user_027,user_027_s05,0,12,164.41,100.71,0,0
user_027,user_027_s05,0,13,238.42,131.24,0,0
user_027,user_027_s05,0,14,160.58,88.71,0,0
user_027,user_027_s05,0,15,146.06,87.5,0,0
user_027,user_027_s05,0,16,285.77,111.64,0,0
user_027,user_027_s05,0,17,197.21,113.17,0,0
user_027,user_027_s05,0,18,271.59,100.92,0,0
user_027,user_027_s05,0,19,250.66,111.87,0,0
user_027,user_027_s05,0,20,240.32,97.73,0,0
user_027,user_027_s05,0,21,261.07,134.25,1,0
user_027,user_027_s05,0,22,190.94,148.89,0,0
user_027,user_027_s05,0,23,150.29,131.16,0,0
user_027,user_027_s05,0,24,227.07,86.88,0,0
user_027,user_027_s05,0,25,187.14,120.15,0,0
user_027,user_027_s05,0,26,230.9,101.27,0,1
user_027,user_027_s05,0,27,244.72,101.26,0,0
user_027,user_027_s05,0,28,166.32,124.97,0,0
user_027,user_027_s05,0,29,176.15,113.91,0,0
user_027,user_027_s05,0,30,199.22,114.02,0,0
user_027,user_027_s05,0,31,261.6,112.77,0,0
user_027,user_027_s05,0,32,167.24,95.39,0,0
user_027,user_027_s05,0,33,287.49,93.22,0,0
user_027,user_027_s05,0,34,127.8,106.69,0,0
user_027,user_027_s05,0,35,277.62,108.3,0,0
user_027,user_027_s05,0,36,214.31,119.46,0,0
user_027,user_027_s05,0,37,227.83,128.13,0,0
user_027,user_027_s05,0,38,229.72,108.59,0,1
user_027,user_027_s05,0,39,97.01,115.07,0,0
user_027,user_027_s06,1,0,348.41,156.39,0,0
user_027,user_027_s06,1,1,236.17,142.9,0,0
user_027,user_027_s06,1,2,138.94,150.5,0,0
user_027,user_027_s06,1,3,1225.07,137.39,0,1
user_027,user_027_s06,1,4,121.66,123.85,0,0
user_027,user_027_s06,1,5,309.43,106.89,0,0
user_027,user_027_s06,1,6,467.45,133.62,1,0
user_027,user_027_s06,1,7,315.28,185.35,0,0
user_027,user_027_s06,1,8,341.83,142.86,0,0
user_027,user_027_s06,1,9,341.87,129.6,0,0
user_027,user_027_s06,1,10,400.31,98.56,0,0
user_027,user_027_s06,1,11,420.21,182.68,0,0
user_027,user_027_s06,1,12,131.12,220.17,0,0
user_027,user_027_s06,1,13,415.54,118.38,0,1
user_027,user_027_s06,1,14,272.92,127.09,0,0
user_027,user_027_s06,1,15,200.88,115.32,0,0
user_027,user_027_s06,1,16,167.88,187.41,0,0
user_027,user_027_s06,1,17,305.91,196.66,0,0
user_027,user_027_s06,1,18,221.37,159.84,0,0
user_027,user_027_s06,1,19,287.09,104.25,0,0
user_027,user_027_s06,1,20,278.93,169.66,0,0
user_027,user_027_s06,1,21,309.46,163.2,0,0
user_027,user_027_s06,1,22,361.75,167.32,0,0
user_027,user_027_s06,1,23,401.17,110.22,0,0
user_027,user_027_s06,1,24,398.96,107.42,0,0
user_027,user_027_s06,1,25,436.4,86.24,0,0
user_027,user_027_s06,1,26,252.12,201.25,0,0
user_027,user_027_s06,1,27,203.38,202.57,1,0
user_027,user_027_s06,1,28,270.33,86.44,0,0
user_027,user_027_s06,1,29,1369.65,120.44,0,0
user_027,user_027_s06,1,30,143.16,120.65,0,0
user_027,user_027_s06,1,31,252.48,191.16,0,0
user_027,user_027_s06,1,32,350.29,157.08,0,0
user_027,user_027_s06,1,33,404.46,217.39,0,0
user_027,user_027_s06,1,34,269.35,141.43,0,1
user_027,user_027_s06,1,35,391.06,97.99,0,0
user_027,user_027_s06,1,36,279.76,122.99,0,0
user_027,user_027_s06,1,37,40.0,115.79,0,0
user_027,user_027_s06,1,38,138.22,197.07,0,0
user_027,user_027_s06,1,39,321.29,233.15,0,0
user_027,user_027_s07,0,0,192.27,143.68,0,0
user_027,user_027_s07,0,1,172.6,74.24,0,0
user_027,user_027_s07,0,2,225.18,83.73,0,0
user_027,user_027_s07,0,3,140.58,144.22,0,0
user_027,user_027_s07,0,4,157.3,103.4,0,0
user_027,user_027_s07,0,5,144.9,99.16,0,0
user_027,user_027_s07,0,6,141.51,102.67,0,0
user_027,user_027_s07,0,7,187.25,96.26,0,0
user_027,user_027_s07,0,8,148.63,84.21,0,0
user_027,user_027_s07,0,9,92.3,98.66,0,0
user_027,user_027_s07,0,10,229.86,102.82,0,0
user_027,user_027_s07,0,11,179.71,61.68,0,0
user_027,user_027_s07,0,12,199.83,84.32,0,0
user_027,user_027_s07,0,13,229.77,61.53,0,0
user_027,user_027_s07,0,14,160.03,76.17,0,0
user_027,user_027_s07,0,15,160.27,102.28,0,0
user_027,user_027_s07,0,16,120.08,84.79,1,0
user_027,user_027_s07,0,17,208.99,88.29,0,0
user_027,user_027_s07,0,18,98.32,42.69,0,0
user_027,user_027_s07,0,19,178.83,67.88,0,0
user_027,user_027_s07,0,20,193.58,71.34,0,0
user_027,user_027_s07,0,21,109.12,61.17,0,0
user_027,user_027_s07,0,22,226.26,96.18,0,0
user_027,user_027_s07,0,23,78.67,94.23,0,0
user_027,user_027_s07,0,24,108.88,108.14,0,0
user_027,user_027_s07,0,25,168.3,116.76,0,0
user_027,user_027_s07,0,26,961.34,118.64,0,0
user_027,user_027_s07,0,27,107.08,99.93,0,0
user_027,user_027_s07,0,28,203.09,96.93,0,0
user_027,user_027_s07,0,29,207.41,98.6,0,0
user_027,user_027_s07,0,30,151.73,74.81,0,0
user_027,user_027_s07,0,31,175.88,98.41,0,0
user_027,user_027_s07,0,32,223.48,83.98,0,0
user_027,user_027_s07,0,33,239.94,70.86,0,0
user_027,user_027_s07,0,34,146.19,60.42,0,0
user_027,user_027_s07,0,35,131.64,48.93,0,0
user_027,user_027_s07,0,36,162.55,88.72,1,0
user_027,user_027_s07,0,37,120.25,80.91,0,0
user_027,user_027_s07,0,38,227.31,79.63,0,0
user_027,user_027_s07,0,39,192.32,72.19,0,0
user_027,user_027_s08,0,0,265.14,137.34,0,0
user_027,user_027_s08,0,1,172.45,141.8,0,0
user_027,user_027_s08,0,2,214.66,92.42,0,0
user_027,user_027_s08,0,3,199.13,135.54,0,0
user_027,user_027_s08,0,4,245.53,115.1,0,0
user_027,user_027_s08,0,5,134.44,115.35,0,0
user_027,user_027_s08,0,6,1367.75,100.29,0,0
user_027,user_027_s08,0,7,220.88,106.58,0,0
user_027,user_027_s08,0,8,1370.97,73.01,0,0
user_027,user_027_s08,0,9,208.5,123.72,0,0
user_027,user_027_s08,0,10,198.03,109.75,0,0
user_027,user_027_s08,0,11,176.01,103.99,0,0
user_027,user_027_s08,0,12,187.67,138.02,0,0
user_027,user_027_s08,0,13,113.19,113.69,0,0
user_027,user_027_s08,0,14,198.84,96.54,0,0
user_027,user_027_s08,0,15,182.02,113.18,0,0
user_027,user_027_s08,0,16,210.48,144.96,0,0
user_027,user_027_s08,0,17,174.0,111.11,0,0
user_027,user_027_s08,0,18,222.32,128.33,0,0
user_027,user_027_s08,0,19,200.07,100.26,0,0
user_027,user_027_s08,0,20,122.3,122.59,0,0
user_027,user_027_s08,0,21,208.38,117.29,0,0
user_027,user_027_s08,0,22,243.95,113.54,0,0
user_027,user_027_s08,0,23,247.32,104.54,0,0
user_027,user_027_s08,0,24,165.27,108.32,0,0
user_027,user_027_s08,0,25,136.99,78.88,0,0
user_027,user_027_s08,0,26,256.25,83.87,0,0
user_027,user_027_s08,0,27,225.17,84.91,0,0
user_027,user_027_s08,0,28,161.69,85.5,0,0
user_027,user_027_s08,0,29,167.86,108.28,0,0
user_027,user_027_s08,0,30,207.56,104.24,0,0
user_027,user_027_s08,0,31,245.63,94.11,0,0
user_027,user_027_s08,0,32,190.79,135.52,0,0
user_027,user_027_s08,0,33,137.71,108.47,1,0
user_027,user_027_s08,0,34,118.65,129.78,0,0
user_027,user_027_s08,0,35,168.64,86.34,0,0
user_027,user_027_s08,0,36,167.84,121.14,0,0
user_027,user_027_s08,0,37,154.83,131.5,0,0
user_027,user_027_s08,0,38,271.03,120.73,0,0
user_027,user_027_s08,0,39,134.23,105.24,0,0
user_027,user_027_s09,0,0,168.11,84.19,0,0
user_027,user_027_s09,0,1,158.08,70.66,0,0
user_027,user_027_s09,0,2,201.31,68.36,0,0
user_027,user_027_s09,0,3,147.32,112.46,0,0
user_027,user_027_s09,0,4,122.32,122.69,0,0
user_027,user_027_s09,0,5,217.32,87.53,0,0
user_027,user_027_s09,0,6,177.98,126.76,0,0
user_027,user_027_s09,0,7,210.16,106.0,0,0
user_027,user_027_s09,0,8,202.79,107.89,0,0
user_027,user_027_s09,0,9,219.11,124.12,0,0
user_027,user_027_s09,0,10,204.57,74.4,0,0
user_027,user_027_s09,0,11,221.51,118.96,0,0
user_027,user_027_s09,0,12,272.56,73.2,0,0
user_027,user_027_s09,0,13,210.03,77.14,0,0
user_027,user_027_s09,0,14,220.48,80.04,1,0
user_027,user_027_s09,0,15,199.92,117.59,1,0
user_027,user_027_s09,0,16,107.94,118.66,0,0
user_027,user_027_s09,0,17,188.63,122.58,0,0
user_027,user_027_s09,0,18,256.55,105.57,0,0
user_027,user_027_s09,0,19,217.18,99.33,0,0
user_027,user_027_s09,0,20,172.72,115.38,0,1
user_027,user_027_s09,0,21,211.97,103.43,0,0
user_027,user_027_s09,0,22,143.89,109.89,0,0
user_027,user_027_s09,0,23,226.65,104.7,0,0
user_027,user_027_s09,0,24,172.65,105.01,0,0
user_027,user_027_s09,0,25,202.81,143.36,0,0
user_027,user_027_s09,0,26,148.24,122.63,0,0
user_027,user_027_s09,0,27,204.9,114.83,0,0
user_027,user_027_s09,0,28,84.72,99.0,0,0
user_027,user_027_s09,0,29,175.15,107.16,0,0
user_027,user_027_s09,0,30,159.86,124.06,0,0
user_027,user_027_s09,0,31,161.5,109.39,0,0
user_027,user_027_s09,0,32,40.0,98.68,0,0
user_027,user_027_s09,0,33,163.28,75.45,0,0
user_027,user_027_s09,0,34,206.89,99.29,0,0
user_027,user_027_s09,0,35,153.86,118.62,0,0
user_027,user_027_s09,0,36,216.1,82.91,0,0
user_027,user_027_s09,0,37,236.1,132.95,0,0
user_027,user_027_s09,0,38,208.31,110.58,0,0
user_027,user_027_s09,0,39,212.45,131.8,0,0
user_027,user_027_s10,0,0,162.13,111.21,0,0
user_027,user_027_s10,0,1,133.93,117.68,0,0
user_027,user_027_s10,0,2,199.55,68.38,0,0
user_027,user_027_s10,0,3,165.62,112.86,0,0
user_027,user_027_s10,0,4,134.92,113.12,0,0
user_027,user_027_s10,0,5,261.01,95.79,0,0
user_027,user_027_s10,0,6,211.35,103.44,0,0
user_027,user_027_s10,0,7,210.41,92.13,0,0
user_027,user_027_s10,0,8,190.65,73.32,0,0
user_027,user_027_s10,0,9,220.88,113.13,0,0
user_027,user_027_s10,0,10,207.12,136.56,0,0
user_027,user_027_s10,0,11,98.21,85.86,0,0
user_027,user_027_s10,0,12,1030.02,103.29,0,0
user_027,user_027_s10,0,13,263.98,77.53,0,0
user_027,user_027_s10,0,14,162.69,106.12,0,0
user_027,user_027_s10,0,15,107.35,90.24,0,0
user_027,user_027_s10,0,16,133.86,99.37,0,0
user_027,user_027_s10,0,17,135.36,120.18,0,0
user_027,user_027_s10,0,18,197.63,107.39,0,0
user_027,user_027_s10,0,19,165.22,99.84,0,0
user_027,user_027_s10,0,20,156.08,84.94,0,0
user_027,user_027_s10,0,21,212.91,114.8,0,0
user_027,user_027_s10,0,22,179.16,81.62,0,0
user_027,user_027_s10,0,23,228.31,126.49,0,0
user_027,user_027_s10,0,24,182.08,104.17,0,0
user_027,user_027_s10,0,25,262.39,83.22,0,0
user_027,user_027_s10,0,26,287.67,74.4,0,0
user_027,user_027_s10,0,27,717.76,96.15,0,0
user_027,user_027_s10,0,28,170.32,95.63,0,0
user_027,user_027_s10,0,29,181.91,110.6,0,0
user_027,user_027_s10,0,30,233.56,83.38,0,0
user_027,user_027_s10,0,31,224.98,116.69,0,0
user_027,user_027_s10,0,32,97.45,55.73,0,0
user_027,user_027_s10,0,33,210.45,103.75,0,0
user_027,user_027_s10,0,34,167.1,88.95,0,0
user_027,user_027_s10,0,35,197.64,103.95,0,0
user_027,user_027_s10,0,36,184.83,124.37,0,0
user_027,user_027_s10,0,37,166.59,118.85,0,0
user_027,user_027_s10,0,38,108.38,108.38,0,0
user_027,user_027_s10,0,39,112.04,126.64,0,0
user_027,user_027_s11,0,0,265.91,110.54,0,0
user_027,user_027_s11,0,1,173.75,82.85,0,0
user_027,user_027_s11,0,2,159.47,102.1,0,0
user_027,user_027_s11,0,3,259.56,92.18,0,0
user_027,user_027_s11,0,4,282.1,99.43,1,0
user_027,user_027_s11,0,5,263.22,145.91,0,0
user_027,user_027_s11,0,6,97.4,106.39,0,0
user_027,user_027_s11,0,7,232.04,115.88,0,0
user_027,user_027_s11,0,8,161.52,108.21,0,0
user_027,user_027_s11,0,9,1455.46,123.88,0,0
user_027,user_027_s11,0,10,192.8,105.18,0,0
user_027,user_027_s11,0,11,188.97,102.25,0,0
user_027,user_027_s11,0,12,186.38,99.76,0,0
user_027,user_027_s11,0,13,176.86,98.73,0,0
user_027,user_027_s11,0,14,145.68,139.99,0,0
user_027,user_027_s11,0,15,186.84,119.41,0,0
user_027,user_027_s11,0,16,210.43,101.08,0,0
user_027,user_027_s11,0,17,273.04,127.81,0,0
user_027,user_027_s11,0,18,227.91,133.5,0,0
user_027,user_027_s11,0,19,191.1,99.3,0,0
user_027,user_027_s11,0,20,187.71,107.02,0,0
user_027,user_027_s11,0,21,67.32,112.57,0,0
user_027,user_027_s11,0,22,186.41,98.28,0,0
user_027,user_027_s11,0,23,210.57,103.33,0,0
user_027,user_027_s11,0,24,176.32,103.35,0,0
user_027,user_027_s11,0,25,180.22,109.71,0,0
user_027,user_027_s11,0,26,90.46,168.6,0,0
user_027,user_027_s11,0,27,140.57,95.84,0,0
user_027,user_027_s11,0,28,153.9,85.4,0,0
user_027,user_027_s11,0,29,171.21,130.39,0,0
user_027,user_027_s11,0,30,64.83,115.79,0,0
user_027,user_027_s11,0,31,195.69,106.78,0,0
user_027,user_027_s11,0,32,200.27,128.32,0,0
user_027,user_027_s11,0,33,223.26,89.95,0,1
user_027,user_027_s11,0,34,184.67,118.2,0,1
user_027,user_027_s11,0,35,242.26,108.97,0,0
user_027,user_027_s11,0,36,286.31,113.05,0,0
user_027,user_027_s11,0,37,139.78,113.34,0,0
user_027,user_027_s11,0,38,147.12,156.19,0,0
user_027,user_027_s11,0,39,219.78,103.18,0,0
user_027,user_027_s12,0,0,268.43,149.9,0,0
user_027,user_027_s12,0,1,119.34,105.22,0,0
user_027,user_027_s12,0,2,216.29,99.57,0,0
user_027,user_027_s12,0,3,229.12,122.9,0,0
user_027,user_027_s12,0,4,168.02,150.71,0,0
user_027,user_027_s12,0,5,146.2,112.17,0,0
user_027,user_027_s12,0,6,116.95,153.17,0,0
user_027,user_027_s12,0,7,172.53,106.29,0,0
user_027,user_027_s12,0,8,158.03,125.32,0,0
user_027,user_027_s12,0,9,127.73,91.78,1,0
user_027,user_027_s12,0,10,239.6,92.01,0,0
user_027,user_027_s12,0,11,154.26,112.36,0,0
user_027,user_027_s12,0,12,214.89,131.04,0,0
user_027,user_027_s12,0,13,154.2,97.61,0,0
user_027,user_027_s12,0,14,218.54,123.94,0,0
user_027,user_027_s12,0,15,203.52,113.81,0,0
user_027,user_027_s12,0,16,241.59,101.86,0,0
user_027,user_027_s12,0,17,120.69,120.26,0,0
user_027,user_027_s12,0,18,158.92,92.47,1,0
user_027,user_027_s12,0,19,236.34,125.94,0,0
user_027,user_027_s12,0,20,164.21,102.88,0,0
user_027,user_027_s12,0,21,176.08,120.48,0,0
user_027,user_027_s12,0,22,219.1,111.07,0,0
user_027,user_027_s12,0,23,180.32,108.9,0,0
user_027,user_027_s12,0,24,199.08,45.07,0,0
user_027,user_027_s12,0,25,188.48,96.84,0,0
user_027,user_027_s12,0,26,178.53,88.98,0,0
user_027,user_027_s12,0,27,130.81,117.39,0,0
user_027,user_027_s12,0,28,172.59,103.02,0,0
user_027,user_027_s12,0,29,218.87,76.56,0,0
user_027,user_027_s12,0,30,179.38,117.65,0,0
user_027,user_027_s12,0,31,216.64,104.22,0,0
user_027,user_027_s12,0,32,179.01,106.18,0,0
user_027,user_027_s12,0,33,216.28,115.72,0,0
user_027,user_027_s12,0,34,165.73,111.91,0,0
user_027,user_027_s12,0,35,140.5,144.24,0,0
user_027,user_027_s12,0,36,233.85,123.99,0,0
user_027,user_027_s12,0,37,143.57,108.56,1,0
user_027,user_027_s12,0,38,162.22,113.33,0,0
user_027,user_027_s12,0,39,194.47,103.3,0,0
user_027,user_027_s13,1,0,453.82,96.78,0,0
user_027,user_027_s13,1,1,233.64,172.42,0,0
user_027,user_027_s13,1,2,323.92,150.44,0,0
user_027,user_027_s13,1,3,382.9,200.35,0,0
user_027,user_027_s13,1,4,40.0,135.26,0,0
user_027,user_027_s13,1,5,215.91,147.74,0,0
user_027,user_027_s13,1,6,265.63,143.1,0,1
user_027,user_027_s13,1,7,328.83,156.2,0,0
user_027,user_027_s13,1,8,304.64,170.65,1,0
user_027,user_027_s13,1,9,80.2,188.32,0,0
user_027,user_027_s13,1,10,268.79,185.49,0,0
user_027,user_027_s13,1,11,162.03,121.1,0,0
user_027,user_027_s13,1,12,248.0,136.1,0,0
user_027,user_027_s13,1,13,272.61,146.24,0,0
user_027,user_027_s13,1,14,323.22,154.84,1,0
user_027,user_027_s13,1,15,262.95,136.09,0,0
user_027,user_027_s13,1,16,828.44,140.31,0,1
user_027,user_027_s13,1,17,254.39,214.68,1,0
user_027,user_027_s13,1,18,333.79,178.75,0,0
user_027,user_027_s13,1,19,185.05,127.4,0,0
user_027,user_027_s13,1,20,297.32,182.08,0,0
user_027,user_027_s13,1,21,199.67,152.59,0,0
user_027,user_027_s13,1,22,266.96,234.66,0,0
user_027,user_027_s13,1,23,322.26,144.65,0,0
user_027,user_027_s13,1,24,221.77,149.59,1,0
user_027,user_027_s13,1,25,1067.93,156.79,0,0
user_027,user_027_s13,1,26,270.91,127.42,0,0
user_027,user_027_s13,1,27,489.84,184.39,0,0
user_027,user_027_s13,1,28,335.03,169.24,0,0
user_027,user_027_s13,1,29,348.35,179.9,0,1
user_027,user_027_s13,1,30,223.41,168.58,0,0
user_027,user_027_s13,1,31,75.06,174.24,0,0
user_027,user_027_s13,1,32,247.47,226.49,0,0
user_027,user_027_s13,1,33,154.96,187.53,0,0
user_027,user_027_s13,1,34,322.49,102.33,0,0
user_027,user_027_s13,1,35,327.2,178.9,0,0
user_027,user_027_s13,1,36,320.99,209.93,0,0
user_027,user_027_s13,1,37,295.45,83.39,0,0
user_027,user_027_s13,1,38,221.45,125.3,1,0
user_027,user_027_s13,1,39,235.68,189.39,0,0
user_028,user_028_s00,0,0,190.35,81.3,0,0
user_028,user_028_s00,0,1,1058.03,87.61,0,0
user_028,user_028_s00,0,2,238.67,80.23,0,0
user_028,user_028_s00,0,3,141.81,79.52,0,0
user_028,user_028_s00,0,4,240.08,102.85,0,0
user_028,user_028_s00,0,5,165.98,103.49,0,0
user_028,user_028_s00,0,6,103.19,72.26,0,0
user_028,user_028_s00,0,7,206.69,89.98,0,0
user_028,user_028_s00,0,8,212.73,84.64,0,0
user_028,user_028_s00,0,9,199.17,122.25,0,0
user_028,user_028_s00,0,10,164.26,63.3,1,0
user_028,user_028_s00,0,11,139.39,129.91,0,0
user_028,user_028_s00,0,12,156.38,107.71,0,0
user_028,user_028_s00,0,13,185.22,55.6,0,0
user_028,user_028_s00,0,14,166.93,87.44,0,0
user_028,user_028_s00,0,15,135.02,105.49,0,0
user_028,user_028_s00,0,16,167.57,86.79,0,0
user_028,user_028_s00,0,17,143.84,93.55,0,0
user_028,user_028_s00,0,18,1128.2,135.83,0,0
user_028,user_028_s00,0,19,1040.85,91.07,0,0
user_028,user_028_s00,0,20,129.03,80.13,0,0
user_028,user_028_s00,0,21,191.97,113.28,0,0
user_028,user_028_s00,0,22,807.13,74.81,0,0
user_028,user_028_s00,0,23,189.53,109.74,0,0
user_028,user_028_s00,0,24,139.93,107.77,0,0
user_028,user_028_s00,0,25,169.15,128.38,0,0
user_028,user_028_s00,0,26,142.62,104.96,0,0
user_028,user_028_s00,0,27,190.36,94.2,0,0
user_028,user_028_s00,0,28,102.47,97.6,0,0
user_028,user_028_s00,0,29,174.25,133.55,0,0
user_028,user_028_s00,0,30,123.35,99.12,0,0
user_028,user_028_s00,0,31,150.91,94.54,0,0
user_028,user_028_s00,0,32,164.05,97.0,0,0
user_028,user_028_s00,0,33,207.6,105.97,0,0
user_028,user_028_s00,0,34,107.86,91.83,0,0
user_028,user_028_s00,0,35,100.21,80.94,0,0
user_028,user_028_s00,0,36,224.34,86.94,0,0
user_028,user_028_s00,0,37,163.5,83.4,0,0
user_028,user_028_s00,0,38,105.51,95.54,0,0
user_028,user_028_s00,0,39,160.34,87.9,0,0
user_028,user_028_s01,0,0,135.29,91.03,0,0
user_028,user_028_s01,0,1,273.3,83.03,0,0
user_028,user_028_s01,0,2,202.24,129.75,0,0
user_028,user_028_s01,0,3,188.54,104.67,0,0
user_028,user_028_s01,0,4,132.65,99.91,0,0
user_028,user_028_s01,0,5,222.63,95.07,0,0
user_028,user_028_s01,0,6,157.17,86.06,0,0
user_028,user_028_s01,0,7,201.92,83.34,0,0
user_028,user_028_s01,0,8,149.11,77.79,0,0
user_028,user_028_s01,0,9,97.42,91.7,0,0
user_028,user_028_s01,0,10,240.76,72.11,0,0
user_028,user_028_s01,0,11,200.86,112.19,0,0
user_028,user_028_s01,0,12,160.59,86.08,0,0
user_028,user_028_s01,0,13,258.39,111.47,0,0
user_028,user_028_s01,0,14,176.07,83.39,0,0
user_028,user_028_s01,0,15,227.0,103.67,0,0
user_028,user_028_s01,0,16,109.09,73.94,0,0
user_028,user_028_s01,0,17,163.23,86.65,0,0
user_028,user_028_s01,0,18,164.73,88.6,0,0
user_028,user_028_s01,0,19,135.9,101.4,0,0
user_028,user_028_s01,0,20,140.14,76.39,0,0
user_028,user_028_s01,0,21,183.0,121.31,0,0
user_028,user_028_s01,0,22,169.6,96.86,0,0
user_028,user_028_s01,0,23,168.7,96.16,0,0
user_028,user_028_s01,0,24,155.65,73.11,0,1
user_028,user_028_s01,0,25,219.16,102.3,0,0
user_028,user_028_s01,0,26,125.2,115.42,0,0
user_028,user_028_s01,0,27,179.07,81.77,0,0
user_028,user_028_s01,0,28,158.13,87.21,0,1
user_028,user_028_s01,0,29,154.83,92.88,0,0
user_028,user_028_s01,0,30,86.48,91.9,0,0
user_028,user_028_s01,0,31,175.16,81.39,0,0
user_028,user_028_s01,0,32,151.37,103.82,0,0
user_028,user_028_s01,0,33,188.32,116.69,0,0
user_028,user_028_s01,0,34,304.29,96.04,0,0
user_028,user_028_s01,0,35,183.99,82.24,0,0
user_028,user_028_s01,0,36,196.13,78.68,0,0
user_028,user_028_s01,0,37,144.34,137.42,0,0
user_028,user_028_s01,0,38,184.05,89.93,0,0
user_028,user_028_s01,0,39,172.17,105.58,0,0
user_028,user_028_s02,1,0,172.32,150.99,0,0
user_028,user_028_s02,1,1,135.63,132.43,0,0
user_028,user_028_s02,1,2,345.57,107.83,0,0
user_028,user_028_s02,1,3,1476.6,149.93,0,0
user_028,user_028_s02,1,4,331.03,127.33,0,0
user_028,user_028_s02,1,5,140.98,168.45,0,0
user_028,user_028_s02,1,6,140.01,167.36,0,0
user_028,user_028_s02,1,7,156.23,147.53,0,0
user_028,user_028_s02,1,8,40.0,160.09,0,0
user_028,user_028_s02,1,9,1521.98,144.74,0,0
user_028,user_028_s02,1,10,91.29,145.02,0,0
user_028,user_028_s02,1,11,241.33,110.05,0,0
user_028,user_028_s02,1,12,228.11,137.36,0,0
user_028,user_028_s02,1,13,166.54,143.26,0,0
user_028,user_028_s02,1,14,274.82,140.88,0,0
user_028,user_028_s02,1,15,247.77,137.95,0,0
user_028,user_028_s02,1,16,337.88,136.05,0,0
user_028,user_028_s02,1,17,1401.99,193.66,0,0
user_028,user_028_s02,1,18,245.76,133.73,0,0
user_028,user_028_s02,1,19,268.83,152.45,0,0
user_028,user_028_s02,1,20,280.49,130.53,1,0
user_028,user_028_s02,1,21,1648.6,140.07,0,0
user_028,user_028_s02,1,22,127.02,103.58,0,0
user_028,user_028_s02,1,23,191.72,112.01,0,0
user_028,user_028_s02,1,24,129.3,115.0,0,0
user_028,user_028_s02,1,25,187.07,87.02,0,0
user_028,user_028_s02,1,26,205.73,133.91,0,0
user_028,user_028_s02,1,27,168.0,102.64,0,0
user_028,user_028_s02,1,28,689.69,97.03,0,0
user_028,user_028_s02,1,29,274.24,196.52,0,0
user_028,user_028_s02,1,30,234.94,165.81,0,0
user_028,user_028_s02,1,31,260.4,193.65,0,0
user_028,user_028_s02,1,32,372.18,128.52,1,0
user_028,user_028_s02,1,33,263.23,121.48,0,0
user_028,user_028_s02,1,34,132.89,143.15,0,0
user_028,user_028_s02,1,35,174.42,142.85,0,0
user_028,user_028_s02,1,36,168.57,120.71,0,0
user_028,user_028_s02,1,37,344.53,107.92,0,0
user_028,user_028_s02,1,38,196.7,149.7,0,1
user_028,user_028_s02,1,39,156.22,82.62,0,0
user_028,user_028_s03,1,0,140.14,111.91,0,0
user_028,user_028_s03,1,1,1498.52,139.83,0,0
user_028,user_028_s03,1,2,345.79,150.6,0,0
user_028,user_028_s03,1,3,247.51,103.28,0,0
user_028,user_028_s03,1,4,256.92,116.78,0,0
user_028,user_028_s03,1,5,1208.88,81.55,0,1
user_028,user_028_s03,1,6,235.9,160.65,0,0
user_028,user_028_s03,1,7,250.96,114.9,0,0
user_028,user_028_s03,1,8,1478.39,183.32,1,0
user_028,user_028_s03,1,9,173.42,156.1,0,0
user_028,user_028_s03,1,10,200.65,135.52,0,0
user_028,user_028_s03,1,11,114.18,116.74,0,0
user_028,user_028_s03,1,12,427.18,154.93,0,1
user_028,user_028_s03,1,13,268.08,133.43,0,1
user_028,user_028_s03,1,14,346.58,160.16,0,0
user_028,user_028_s03,1,15,157.77,180.88,1,0
user_028,user_028_s03,1,16,362.48,116.44,1,0
user_028,user_028_s03,1,17,233.4,127.41,0,0
user_028,user_028_s03,1,18,374.07,185.07,0,1
user_028,user_028_s03,1,19,241.23,188.82,0,0
user_028,user_028_s03,1,20,166.94,109.5,1,0
user_028,user_028_s03,1,21,349.65,113.75,0,0
user_028,user_028_s03,1,22,263.19,113.39,0,0
user_028,user_028_s03,1,23,159.48,150.01,0,0
user_028,user_028_s03,1,24,119.72,95.15,0,0
user_028,user_028_s03,1,25,1235.39,143.13,0,0
user_028,user_028_s03,1,26,762.31,140.65,0,0
user_028,user_028_s03,1,27,275.51,121.32,0,1
user_028,user_028_s03,1,28,277.86,145.03,0,0
user_028,user_028_s03,1,29,246.18,144.97,0,0
user_028,user_028_s03,1,30,290.16,129.97,0,0
user_028,user_028_s03,1,31,318.86,198.6,0,0
user_028,user_028_s03,1,32,245.67,128.28,0,0
user_028,user_028_s03,1,33,301.88,143.42,0,0
user_028,user_028_s03,1,34,306.37,121.72,0,0
user_028,user_028_s03,1,35,348.22,174.66,0,1
user_028,user_028_s03,1,36,70.27,103.82,0,0
user_028,user_028_s03,1,37,222.0,147.0,1,0
user_028,user_028_s03,1,38,304.56,111.46,0,0
user_028,user_028_s03,1,39,434.57,84.26,0,0
user_028,user_028_s04,1,0,257.81,156.63,0,0
user_028,user_028_s04,1,1,182.0,115.02,0,0
user_028,user_028_s04,1,2,169.91,158.51,0,0
user_028,user_028_s04,1,3,347.74,130.2,0,0
user_028,user_028_s04,1,4,1642.75,101.36,0,0
user_028,user_028_s04,1,5,1170.98,91.22,0,0
user_028,user_028_s04,1,6,271.37,149.76,0,0
user_028,user_028_s04,1,7,215.17,148.43,0,0
user_028,user_028_s04,1,8,182.64,151.79,1,0
user_028,user_028_s04,1,9,185.37,53.85,0,0
user_028,user_028_s04,1,10,174.04,119.17,0,0
user_028,user_028_s04,1,11,174.35,156.04,0,0
user_028,user_028_s04,1,12,875.1,84.52,0,0
user_028,user_028_s04,1,13,274.99,137.79,0,0
user_028,user_028_s04,1,14,158.99,107.89,0,0
user_028,user_028_s04,1,15,315.79,97.56,0,0
user_028,user_028_s04,1,16,273.21,103.26,1,0
user_028,user_028_s04,1,17,1311.91,164.75,0,0
user_028,user_028_s04,1,18,238.85,146.51,0,0
user_028,user_028_s04,1,19,250.74,119.51,0,0
user_028,user_028_s04,1,20,194.8,181.29,0,0
user_028,user_028_s04,1,21,166.8,74.89,0,0
user_028,user_028_s04,1,22,193.35,105.59,0,0
user_028,user_028_s04,1,23,135.59,165.28,0,0
user_028,user_028_s04,1,24,253.52,117.85,0,0
user_028,user_028_s04,1,25,156.45,117.11,0,0
user_028,user_028_s04,1,26,266.41,119.41,0,1
user_028,user_028_s04,1,27,268.29,110.44,0,0
user_028,user_028_s04,1,28,240.29,147.38,0,0
user_028,user_028_s04,1,29,189.24,100.63,0,0
user_028,user_028_s04,1,30,166.63,194.3,1,0
user_028,user_028_s04,1,31,174.62,84.94,0,0
user_028,user_028_s04,1,32,161.41,167.73,0,0
user_028,user_028_s04,1,33,1124.09,144.64,0,0
user_028,user_028_s04,1,34,215.66,104.46,1,0
user_028,user_028_s04,1,35,350.0,129.49,0,0
user_028,user_028_s04,1,36,346.77,145.15,0,1
user_028,user_028_s04,1,37,324.72,139.33,0,0
user_028,user_028_s04,1,38,209.7,71.97,0,1
user_028,user_028_s04,1,39,128.72,132.94,1,0
user_028,user_028_s05,1,0,155.52,161.24,0,0
user_028,user_028_s05,1,1,384.54,38.49,0,0
user_028,user_028_s05,1,2,468.83,149.17,1,0
user_028,user_028_s05,1,3,133.06,158.8,0,0
user_028,user_028_s05,1,4,1376.38,128.16,0,0
user_028,user_028_s05,1,5,400.7,148.97,0,0
user_028,user_028_s05,1,6,225.24,222.53,0,0
user_028,user_028_s05,1,7,242.87,123.86,1,0
user_028,user_028_s05,1,8,366.47,102.02,0,1
user_028,user_028_s05,1,9,184.89,214.67,0,0
user_028,user_028_s05,1,10,286.43,149.79,0,0
user_028,user_028_s05,1,11,819.03,183.52,1,0
user_028,user_028_s05,1,12,339.71,85.28,0,0
user_028,user_028_s05,1,13,339.26,55.85,0,0
user_028,user_028_s05,1,14,279.11,111.68,0,0
user_028,user_028_s05,1,15,265.22,135.84,0,0
user_028,user_028_s05,1,16,262.87,123.69,0,0
user_028,user_028_s05,1,17,249.11,123.62,0,0
user_028,user_028_s05,1,18,935.79,76.29,0,0
user_028,user_028_s05,1,19,340.6,149.66,0,0
user_028,user_028_s05,1,20,107.56,132.69,0,0
user_028,user_028_s05,1,21,425.0,64.63,0,0
user_028,user_028_s05,1,22,280.58,130.96,1,0
user_028,user_028_s05,1,23,1854.39,137.12,0,0
user_028,user_028_s05,1,24,286.15,178.94,0,0
user_028,user_028_s05,1,25,265.03,122.91,0,0
user_028,user_028_s05,1,26,319.03,175.85,0,0
user_028,user_028_s05,1,27,154.53,171.91,0,0
user_028,user_028_s05,1,28,170.42,112.84,0,0
user_028,user_028_s05,1,29,246.47,165.34,1,0
user_028,user_028_s05,1,30,270.68,181.75,0,0
user_028,user_028_s05,1,31,354.51,179.99,0,0
user_028,user_028_s05,1,32,270.85,153.91,0,0
user_028,user_028_s05,1,33,391.38,137.74,0,0
user_028,user_028_s05,1,34,40.0,93.51,0,0
user_028,user_028_s05,1,35,422.55,183.03,0,1
user_028,user_028_s05,1,36,228.04,90.05,0,1
user_028,user_028_s05,1,37,323.89,135.52,0,0
user_028,user_028_s05,1,38,369.22,179.37,0,1
user_028,user_028_s05,1,39,148.61,106.2,0,0
user_028,user_028_s06,0,0,200.21,105.28,0,0
user_028,user_028_s06,0,1,207.51,106.47,0,0
user_028,user_028_s06,0,2,134.76,106.51,0,0
user_028,user_028_s06,0,3,175.39,84.55,0,0
user_028,user_028_s06,0,4,143.0,88.59,0,0
user_028,user_028_s06,0,5,162.1,108.36,0,0
user_028,user_028_s06,0,6,178.14,67.82,0,0
user_028,user_028_s06,0,7,212.55,61.82,0,0
user_028,user_028_s06,0,8,166.95,96.74,0,0
user_028,user_028_s06,0,9,191.18,92.87,0,0
user_028,user_028_s06,0,10,128.44,97.63,0,1
user_028,user_028_s06,0,11,125.68,83.03,1,0
user_028,user_028_s06,0,12,162.02,108.04,0,0
user_028,user_028_s06,0,13,311.15,109.09,0,0
user_028,user_028_s06,0,14,140.14,97.73,0,0
user_028,user_028_s06,0,15,179.11,73.08,0,0
user_028,user_028_s06,0,16,189.68,112.3,0,0
user_028,user_028_s06,0,17,174.1,65.87,0,0
user_028,user_028_s06,0,18,147.96,74.08,0,0
user_028,user_028_s06,0,19,195.81,107.61,0,0
user_028,user_028_s06,0,20,134.98,76.34,0,0
user_028,user_028_s06,0,21,188.52,82.8,0,0
user_028,user_028_s06,0,22,148.59,97.23,0,0
user_028,user_028_s06,0,23,214.07,110.3,0,0
user_028,user_028_s06,0,24,98.59,104.65,1,0
user_028,user_028_s06,0,25,168.2,116.94,0,0
user_028,user_028_s06,0,26,126.37,87.55,0,0
user_028,user_028_s06,0,27,207.04,80.64,0,0
user_028,user_028_s06,0,28,207.6,73.75,0,0
user_028,user_028_s06,0,29,63.82,96.87,0,0
user_028,user_028_s06,0,30,121.21,99.57,0,0
user_028,user_028_s06,0,31,211.4,135.64,0,0
user_028,user_028_s06,0,32,167.21,105.19,0,0
user_028,user_028_s06,0,33,198.07,66.59,0,0
user_028,user_028_s06,0,34,172.03,114.09,0,0
user_028,user_028_s06,0,35,179.4,81.0,0,0
user_028,user_028_s06,0,36,213.77,73.24,0,0
user_028,user_028_s06,0,37,123.33,112.18,0,0
user_028,user_028_s06,0,38,154.41,108.97,0,0
user_028,user_028_s06,0,39,129.8,113.1,0,0
user_028,user_028_s07,0,0,142.41,104.04,0,0
user_028,user_028_s07,0,1,152.15,113.57,0,0
user_028,user_028_s07,0,2,139.41,76.21,0,0
user_028,user_028_s07,0,3,140.41,86.28,0,0
user_028,user_028_s07,0,4,105.43,83.65,0,0
user_028,user_028_s07,0,5,271.83,91.46,0,0
user_028,user_028_s07,0,6,127.61,118.18,0,0
user_028,user_028_s07,0,7,220.33,113.74,0,0
user_028,user_028_s07,0,8,107.46,96.18,0,0
user_028,user_028_s07,0,9,153.52,110.95,0,0
user_028,user_028_s07,0,10,162.62,132.72,1,0
user_028,user_028_s07,0,11,236.45,76.92,0,0
user_028,user_028_s07,0,12,191.2,86.58,0,0
user_028,user_028_s07,0,13,133.0,93.11,0,0
user_028,user_028_s07,0,14,167.33,103.85,0,0
user_028,user_028_s07,0,15,226.68,106.16,0,0
user_028,user_028_s07,0,16,221.03,79.99,0,0
user_028,user_028_s07,0,17,149.75,100.58,0,0
user_028,user_028_s07,0,18,116.49,111.64,0,0
user_028,user_028_s07,0,19,150.83,77.36,0,0
user_028,user_028_s07,0,20,205.63,100.1,0,0
user_028,user_028_s07,0,21,104.67,87.42,0,0
user_028,user_028_s07,0,22,170.28,73.66,0,0
user_028,user_028_s07,0,23,126.91,113.89,0,0
user_028,user_028_s07,0,24,157.31,105.34,0,0
user_028,user_028_s07,0,25,198.68,82.71,0,0
user_028,user_028_s07,0,26,174.79,112.81,0,0
user_028,user_028_s07,0,27,206.31,132.78,0,1
user_028,user_028_s07,0,28,1388.82,99.37,0,0
user_028,user_028_s07,0,29,332.19,74.68,0,0
user_028,user_028_s07,0,30,215.11,92.61,0,0
user_028,user_028_s07,0,31,202.44,65.42,0,0
user_028,user_028_s07,0,32,150.29,95.62,0,0
user_028,user_028_s07,0,33,214.57,91.24,0,0
user_028,user_028_s07,0,34,242.35,110.58,0,0
user_028,user_028_s07,0,35,149.46,87.69,0,0
user_028,user_028_s07,0,36,154.23,112.46,0,0
user_028,user_028_s07,0,37,150.59,84.33,0,0
user_028,user_028_s07,0,38,122.6,95.63,0,0
user_028,user_028_s07,0,39,176.81,74.28,0,0
user_028,user_028_s08,0,0,188.28,85.9,0,0
user_028,user_028_s08,0,1,219.92,81.64,0,0
user_028,user_028_s08,0,2,254.24,104.66,0,0
user_028,user_028_s08,0,3,230.37,94.21,0,0
user_028,user_028_s08,0,4,222.89,132.24,0,0
user_028,user_028_s08,0,5,169.74,78.75,0,0
user_028,user_028_s08,0,6,162.29,96.21,0,0
user_028,user_028_s08,0,7,210.17,75.2,0,0
user_028,user_028_s08,0,8,203.26,103.25,0,0
user_028,user_028_s08,0,9,208.19,93.73,0,0
user_028,user_028_s08,0,10,138.35,105.88,0,0
user_028,user_028_s08,0,11,138.11,85.33,0,0
user_028,user_028_s08,0,12,157.57,66.66,1,0
user_028,user_028_s08,0,13,208.49,118.35,0,0
user_028,user_028_s08,0,14,178.71,112.1,0,0
user_028,user_028_s08,0,15,242.22,112.82,0,0
user_028,user_028_s08,0,16,136.37,111.92,0,0
user_028,user_028_s08,0,17,136.93,98.83,0,0
user_028,user_028_s08,0,18,169.1,107.32,0,0
user_028,user_028_s08,0,19,155.17,82.14,0,0
user_028,user_028_s08,0,20,144.03,90.26,0,0
user_028,user_028_s08,0,21,180.88,116.01,0,0
user_028,user_028_s08,0,22,182.31,130.85,0,0
user_028,user_028_s08,0,23,125.04,102.62,0,0
user_028,user_028_s08,0,24,152.64,42.32,0,0
user_028,user_028_s08,0,25,206.97,103.07,0,0
user_028,user_028_s08,0,26,165.91,120.71,0,0
user_028,user_028_s08,0,27,143.01,92.13,0,0
user_028,user_028_s08,0,28,162.1,80.52,1,0
user_028,user_028_s08,0,29,126.19,113.12,0,0
user_028,user_028_s08,0,30,250.79,91.29,0,0
user_028,user_028_s08,0,31,213.63,91.18,0,0
user_028,user_028_s08,0,32,278.7,69.47,0,0
user_028,user_028_s08,0,33,180.9,69.8,0,0
user_028,user_028_s08,0,34,162.25,111.04,0,0
user_028,user_028_s08,0,35,141.01,76.66,0,0
user_028,user_028_s08,0,36,195.7,126.52,0,0
user_028,user_028_s08,0,37,158.12,130.26,0,0
user_028,user_028_s08,0,38,136.87,79.86,0,0
user_028,user_028_s08,0,39,231.6,85.72,0,0
user_028,user_028_s09,0,0,205.86,83.43,0,0
user_028,user_028_s09,0,1,176.73,88.52,0,0
user_028,user_028_s09,0,2,177.22,77.5,0,0
user_028,user_028_s09,0,3,153.33,116.28,0,0
user_028,user_028_s09,0,4,118.67,107.75,0,0
user_028,user_028_s09,0,5,180.9,74.62,0,0
user_028,user_028_s09,0,6,602.05,86.51,0,0
user_028,user_028_s09,0,7,212.99,108.39,0,0
user_028,user_028_s09,0,8,208.39,106.8,0,0
user_028,user_028_s09,0,9,242.79,94.32,0,0
user_028,user_028_s09,0,10,157.89,91.8,0,0
user_028,user_028_s09,0,11,171.78,95.88,0,0
user_028,user_028_s09,0,12,112.5,88.53,0,0
user_028,user_028_s09,0,13,150.53,113.78,0,0
user_028,user_028_s09,0,14,173.31,107.57,0,0
user_028,user_028_s09,0,15,176.79,100.71,0,0
user_028,user_028_s09,0,16,157.78,77.83,0,0
user_028,user_028_s09,0,17,147.57,85.75,0,0
user_028,user_028_s09,0,18,183.65,85.53,0,0
user_028,user_028_s09,0,19,161.15,89.87,0,0
user_028,user_028_s09,0,20,227.9,98.87,0,0
user_028,user_028_s09,0,21,184.02,122.09,0,0
user_028,user_028_s09,0,22,151.41,98.81,0,0
user_028,user_028_s09,0,23,218.48,73.04,0,0
user_028,user_028_s09,0,24,131.81,107.18,0,0
user_028,user_028_s09,0,25,157.31,73.52,0,0
user_028,user_028_s09,0,26,130.07,103.42,0,0
user_028,user_028_s09,0,27,163.01,88.63,0,0
user_028,user_028_s09,0,28,230.5,105.38,0,0
user_028,user_028_s09,0,29,181.32,104.6,0,0
user_028,user_028_s09,0,30,101.87,98.69,0,0
user_028,user_028_s09,0,31,157.64,78.54,1,0
user_028,user_028_s09,0,32,802.7,85.51,0,0
user_028,user_028_s09,0,33,185.6,104.31,0,0
user_028,user_028_s09,0,34,166.31,98.81,0,0
user_028,user_028_s09,0,35,205.45,126.03,0,0
user_028,user_028_s09,0,36,197.84,98.12,0,0
user_028,user_028_s09,0,37,1193.29,108.7,0,0
user_028,user_028_s09,0,38,1221.92,89.15,0,0
user_028,user_028_s09,0,39,167.71,81.58,0,0
user_028,user_028_s10,0,0,169.47,70.68,0,0
user_028,user_028_s10,0,1,167.05,78.79,0,0
user_028,user_028_s10,0,2,163.14,95.57,0,0
user_028,user_028_s10,0,3,188.39,64.36,0,0
user_028,user_028_s10,0,4,165.64,128.21,0,0
user_028,user_028_s10,0,5,204.08,111.44,0,0
user_028,user_028_s10,0,6,195.94,112.08,0,0
user_028,user_028_s10,0,7,75.01,114.33,0,0
user_028,user_028_s10,0,8,168.18,99.53,0,0
user_028,user_028_s10,0,9,155.62,71.77,0,0
user_028,user_028_s10,0,10,175.89,98.1,0,0
user_028,user_028_s10,0,11,154.52,82.32,0,0
user_028,user_028_s10,0,12,97.68,86.64,0,0
user_028,user_028_s10,0,13,1137.62,104.68,0,0
user_028,user_028_s10,0,14,193.35,81.14,0,0
user_028,user_028_s10,0,15,87.98,80.27,0,0
user_028,user_028_s10,0,16,236.18,106.43,0,0
user_028,user_028_s10,0,17,203.49,76.9,0,0
user_028,user_028_s10,0,18,127.25,85.36,0,0
user_028,user_028_s10,0,19,118.95,89.09,0,0
user_028,user_028_s10,0,20,172.91,100.12,0,0
user_028,user_028_s10,0,21,169.88,102.62,0,0
user_028,user_028_s10,0,22,190.23,79.47,0,0
user_028,user_028_s10,0,23,184.91,62.73,1,0
user_028,user_028_s10,0,24,188.85,111.72,0,0
user_028,user_028_s10,0,25,118.45,53.15,0,0
user_028,user_028_s10,0,26,158.71,97.23,0,0
user_028,user_028_s10,0,27,178.76,89.71,0,0
user_028,user_028_s10,0,28,154.7,94.83,0,0
user_028,user_028_s10,0,29,704.11,95.61,0,0
user_028,user_028_s10,0,30,209.2,86.54,0,0
user_028,user_028_s10,0,31,130.15,89.1,0,0
user_028,user_028_s10,0,32,163.07,96.02,0,0
user_028,user_028_s10,0,33,142.59,94.92,0,0
user_028,user_028_s10,0,34,146.92,44.37,0,0
user_028,user_028_s10,0,35,96.38,89.34,0,0
user_028,user_028_s10,0,36,181.66,103.76,0,0
user_028,user_028_s10,0,37,283.4,78.51,0,0
user_028,user_028_s10,0,38,181.86,98.16,0,0
user_028,user_028_s10,0,39,259.46,107.43,0,0
user_028,user_028_s11,1,0,194.33,194.73,0,0
user_028,user_028_s11,1,1,130.17,136.21,0,0
user_028,user_028_s11,1,2,158.79,107.82,1,0
user_028,user_028_s11,1,3,129.54,134.85,0,0
user_028,user_028_s11,1,4,92.55,153.81,0,0
user_028,user_028_s11,1,5,272.66,87.52,0,1
user_028,user_028_s11,1,6,246.06,129.84,0,0
user_028,user_028_s11,1,7,115.78,121.68,0,0
user_028,user_028_s11,1,8,361.17,80.35,1,0
user_028,user_028_s11,1,9,138.98,105.93,0,0
user_028,user_028_s11,1,10,278.29,103.87,0,0
user_028,user_028_s11,1,11,40.0,103.34,0,0
user_028,user_028_s11,1,12,178.38,186.72,1,0
user_028,user_028_s11,1,13,40.63,121.54,0,0
user_028,user_028_s11,1,14,919.73,133.08,0,0
user_028,user_028_s11,1,15,240.35,143.97,0,1
user_028,user_028_s11,1,16,230.16,118.54,0,0
user_028,user_028_s11,1,17,136.76,105.21,0,0
user_028,user_028_s11,1,18,208.11,173.31,0,0
user_028,user_028_s11,1,19,231.03,173.58,0,0
user_028,user_028_s11,1,20,148.07,152.78,0,0
user_028,user_028_s11,1,21,263.77,116.96,0,0
user_028,user_028_s11,1,22,216.42,133.21,0,0
user_028,user_028_s11,1,23,156.63,92.23,0,0
user_028,user_028_s11,1,24,893.91,124.35,0,0
user_028,user_028_s11,1,25,169.18,79.44,0,0
user_028,user_028_s11,1,26,109.92,148.92,0,1
user_028,user_028_s11,1,27,291.13,178.79,0,0
user_028,user_028_s11,1,28,259.35,81.16,0,0
user_028,user_028_s11,1,29,40.0,182.61,0,0
user_028,user_028_s11,1,30,40.0,142.91,0,1
user_028,user_028_s11,1,31,246.27,93.49,0,0
user_028,user_028_s11,1,32,142.21,129.86,0,1
user_028,user_028_s11,1,33,231.02,175.02,0,0
user_028,user_028_s11,1,34,169.3,164.47,0,0
user_028,user_028_s11,1,35,250.86,163.39,0,1
user_028,user_028_s11,1,36,270.83,107.76,0,0
user_028,user_028_s11,1,37,40.0,87.86,0,0
user_028,user_028_s11,1,38,1399.27,120.79,0,0
user_028,user_028_s11,1,39,344.75,125.1,0,0
user_028,user_028_s12,0,0,154.16,119.69,0,0
user_028,user_028_s12,0,1,192.76,105.2,0,0
user_028,user_028_s12,0,2,178.98,130.64,0,0
user_028,user_028_s12,0,3,184.89,87.56,0,0
user_028,user_028_s12,0,4,227.17,83.34,0,0
user_028,user_028_s12,0,5,191.07,105.14,0,0
user_028,user_028_s12,0,6,238.21,94.96,0,0
user_028,user_028_s12,0,7,158.63,100.74,0,0
user_028,user_028_s12,0,8,175.31,104.49,0,0
user_028,user_028_s12,0,9,116.05,77.12,0,0
user_028,user_028_s12,0,10,139.23,62.39,0,0
user_028,user_028_s12,0,11,163.64,110.49,0,0
user_028,user_028_s12,0,12,198.81,74.74,1,0
user_028,user_028_s12,0,13,158.41,90.07,0,0
user_028,user_028_s12,0,14,133.95,95.65,0,0
user_028,user_028_s12,0,15,193.44,97.16,0,0
user_028,user_028_s12,0,16,110.05,111.51,0,0
user_028,user_028_s12,0,17,111.57,109.58,0,0
user_028,user_028_s12,0,18,145.17,102.49,0,0
user_028,user_028_s12,0,19,195.54,107.97,0,0
user_028,user_028_s12,0,20,143.01,81.47,0,0
user_028,user_028_s12,0,21,183.18,86.09,0,0
user_028,user_028_s12,0,22,210.25,158.21,0,0
user_028,user_028_s12,0,23,997.11,101.06,0,0
user_028,user_028_s12,0,24,250.84,113.13,0,0
user_028,user_028_s12,0,25,185.94,79.48,0,0
user_028,user_028_s12,0,26,238.24,110.72,0,0
user_028,user_028_s12,0,27,205.05,94.32,0,0
user_028,user_028_s12,0,28,162.89,89.7,0,0
user_028,user_028_s12,0,29,139.32,127.71,0,0
user_028,user_028_s12,0,30,185.87,124.1,0,0
user_028,user_028_s12,0,31,125.29,98.07,0,0
user_028,user_028_s12,0,32,170.17,102.63,0,0
user_028,user_028_s12,0,33,173.09,92.26,0,0
user_028,user_028_s12,0,34,228.1,79.61,0,0
user_028,user_028_s12,0,35,149.71,100.11,0,0
user_028,user_028_s12,0,36,197.48,102.66,0,0
user_028,user_028_s12,0,37,138.85,116.0,0,0
user_028,user_028_s12,0,38,215.11,108.46,0,0
user_028,user_028_s12,0,39,241.96,82.21,0,1
user_028,user_028_s13,0,0,142.12,84.78,0,0
user_028,user_028_s13,0,1,127.76,78.75,0,0
user_028,user_028_s13,0,2,224.03,62.3,0,0
user_028,user_028_s13,0,3,201.07,112.22,0,0
user_028,user_028_s13,0,4,139.17,101.84,0,0
user_028,user_028_s13,0,5,183.34,133.4,0,0
user_028,user_028_s13,0,6,180.76,74.07,0,0
user_028,user_028_s13,0,7,148.95,130.94,0,0
user_028,user_028_s13,0,8,187.82,95.91,0,0
user_028,user_028_s13,0,9,177.52,72.08,0,0
user_028,user_028_s13,0,10,216.17,65.07,0,0
user_028,user_028_s13,0,11,196.08,89.53,0,0
user_028,user_028_s13,0,12,1471.34,113.39,0,0
user_028,user_028_s13,0,13,155.29,102.81,0,0
user_028,user_028_s13,0,14,196.77,92.25,0,0
user_028,user_028_s13,0,15,930.94,117.15,0,1
user_028,user_028_s13,0,16,131.94,100.33,0,0
user_028,user_028_s13,0,17,171.02,72.12,0,0
user_028,user_028_s13,0,18,173.18,119.71,0,0
user_028,user_028_s13,0,19,219.72,81.04,0,0
user_028,user_028_s13,0,20,119.98,80.64,0,0
user_028,user_028_s13,0,21,160.14,94.67,0,0
user_028,user_028_s13,0,22,178.34,103.85,0,0
user_028,user_028_s13,0,23,165.26,87.61,0,0
user_028,user_028_s13,0,24,147.68,69.07,0,0
user_028,user_028_s13,0,25,152.27,88.22,0,0
user_028,user_028_s13,0,26,189.12,114.71,0,0
user_028,user_028_s13,0,27,167.35,98.21,0,0
user_028,user_028_s13,0,28,162.99,116.81,0,0
user_028,user_028_s13,0,29,129.78,106.87,0,0
user_028,user_028_s13,0,30,273.5,89.14,0,0
user_028,user_028_s13,0,31,184.7,86.34,0,0
user_028,user_028_s13,0,32,244.05,101.43,0,0
user_028,user_028_s13,0,33,167.0,101.52,0,0
user_028,user_028_s13,0,34,183.7,100.18,0,0
user_028,user_028_s13,0,35,199.73,101.66,0,0
user_028,user_028_s13,0,36,173.62,95.97,0,0
user_028,user_028_s13,0,37,183.66,96.29,0,0
user_028,user_028_s13,0,38,188.47,84.72,0,0
user_028,user_028_s13,0,39,169.68,80.69,0,0
user_029,user_029_s00,0,0,206.37,82.85,0,0
user_029,user_029_s00,0,1,357.92,60.09,0,0
user_029,user_029_s00,0,2,150.04,66.55,0,0
user_029,user_029_s00,0,3,87.48,95.05,0,0
user_029,user_029_s00,0,4,355.73,78.34,0,0
user_029,user_029_s00,0,5,181.37,115.38,0,0
user_029,user_029_s00,0,6,117.22,89.51,0,0
user_029,user_029_s00,0,7,70.7,100.4,0,0
user_029,user_029_s00,0,8,153.96,74.52,0,0
user_029,user_029_s00,0,9,1138.44,115.65,0,0
user_029,user_029_s00,0,10,123.93,100.79,0,0
user_029,user_029_s00,0,11,662.72,109.82,0,0
user_029,user_029_s00,0,12,150.28,115.97,0,0
user_029,user_029_s00,0,13,202.77,118.71,0,0
user_029,user_029_s00,0,14,108.57,106.91,0,0
user_029,user_029_s00,0,15,145.97,100.56,0,0
user_029,user_029_s00,0,16,142.68,125.02,0,0
user_029,user_029_s00,0,17,180.5,100.27,0,0
user_029,user_029_s00,0,18,284.56,85.12,0,0
user_029,user_029_s00,0,19,188.37,120.09,0,0
user_029,user_029_s00,0,20,98.51,123.48,0,0
user_029,user_029_s00,0,21,166.38,94.64,0,0
user_029,user_029_s00,0,22,198.02,112.29,0,0
user_029,user_029_s00,0,23,1465.77,107.96,0,0
user_029,user_029_s00,0,24,114.34,98.35,0,0
user_029,user_029_s00,0,25,113.17,57.36,0,0
user_029,user_029_s00,0,26,162.2,67.03,0,0
user_029,user_029_s00,0,27,149.82,86.27,0,0
user_029,user_029_s00,0,28,63.82,97.07,0,0
user_029,user_029_s00,0,29,136.32,65.06,0,0
user_029,user_029_s00,0,30,172.18,40.97,0,0
user_029,user_029_s00,0,31,245.01,93.29,0,0
user_029,user_029_s00,0,32,87.43,96.21,0,0
user_029,user_029_s00,0,33,114.1,118.72,0,0
user_029,user_029_s00,0,34,99.8,146.79,0,0
user_029,user_029_s00,0,35,66.76,60.29,0,0
user_029,user_029_s00,0,36,40.0,104.97,1,0
user_029,user_029_s00,0,37,203.64,158.5,0,0
user_029,user_029_s00,0,38,182.18,61.35,0,0
user_029,user_029_s00,0,39,201.48,70.32,0,0
user_029,user_029_s01,0,0,122.93,114.7,1,0
user_029,user_029_s01,0,1,300.17,75.21,0,0
user_029,user_029_s01,0,2,269.2,102.67,0,0
user_029,user_029_s01,0,3,200.93,86.32,0,0
user_029,user_029_s01,0,4,252.53,102.18,0,1
user_029,user_029_s01,0,5,167.92,90.41,0,0
user_029,user_029_s01,0,6,91.14,114.97,0,0
user_029,user_029_s01,0,7,230.05,117.98,0,0
user_029,user_029_s01,0,8,88.11,74.6,0,0
user_029,user_029_s01,0,9,307.43,50.52,0,0
user_029,user_029_s01,0,10,97.51,89.3,0,0
user_029,user_029_s01,0,11,264.57,77.58,0,0
user_029,user_029_s01,0,12,295.19,74.12,0,0
user_029,user_029_s01,0,13,83.28,47.3,0,0
user_029,user_029_s01,0,14,76.89,82.12,0,0
user_029,user_029_s01,0,15,205.9,93.92,0,0
user_029,user_029_s01,0,16,274.08,77.28,0,0
user_029,user_029_s01,0,17,219.27,91.51,0,0
user_029,user_029_s01,0,18,118.61,109.92,0,0
user_029,user_029_s01,0,19,274.89,130.09,0,0
user_029,user_029_s01,0,20,320.65,133.18,0,0
user_029,user_029_s01,0,21,111.03,75.75,0,0
user_029,user_029_s01,0,22,198.71,73.11,0,0
user_029,user_029_s01,0,23,214.99,56.48,0,0
user_029,user_029_s01,0,24,155.31,114.26,0,0
user_029,user_029_s01,0,25,114.75,97.64,0,0
user_029,user_029_s01,0,26,103.79,130.12,0,0
user_029,user_029_s01,0,27,56.93,97.57,0,0
user_029,user_029_s01,0,28,230.45,78.16,0,0
user_029,user_029_s01,0,29,139.94,91.53,0,0
user_029,user_029_s01,0,30,282.8,87.11,0,0
user_029,user_029_s01,0,31,209.37,73.9,0,0
user_029,user_029_s01,0,32,168.04,95.05,1,0
user_029,user_029_s01,0,33,268.92,69.82,0,0
user_029,user_029_s01,0,34,1505.48,129.34,0,0
user_029,user_029_s01,0,35,136.31,47.56,0,0
user_029,user_029_s01,0,36,221.48,124.42,0,0
user_029,user_029_s01,0,37,136.63,79.6,0,0
user_029,user_029_s01,0,38,183.67,20.0,0,1
user_029,user_029_s01,0,39,195.85,45.52,0,0
user_029,user_029_s02,1,0,215.59,181.88,0,1
user_029,user_029_s02,1,1,145.82,115.13,0,0
user_029,user_029_s02,1,2,425.92,116.83,1,0
user_029,user_029_s02,1,3,40.0,179.74,0,1
user_029,user_029_s02,1,4,40.0,39.21,0,0
user_029,user_029_s02,1,5,269.94,163.04,0,0
user_029,user_029_s02,1,6,1446.59,86.21,0,0
user_029,user_029_s02,1,7,402.39,128.79,0,0
user_029,user_029_s02,1,8,192.62,124.9,0,0
user_029,user_029_s02,1,9,222.47,94.83,0,0
user_029,user_029_s02,1,10,278.27,136.06,0,0
user_029,user_029_s02,1,11,1398.69,106.02,1,0
user_029,user_029_s02,1,12,74.87,167.54,1,0
user_029,user_029_s02,1,13,243.71,87.67,1,0
user_029,user_029_s02,1,14,293.88,75.11,0,0
user_029,user_029_s02,1,15,184.51,127.08,0,0
user_029,user_029_s02,1,16,270.67,118.84,0,0
user_029,user_029_s02,1,17,153.25,189.96,1,0
user_029,user_029_s02,1,18,359.09,120.94,0,0
user_029,user_029_s02,1,19,40.0,122.04,0,0
user_029,user_029_s02,1,20,192.8,67.8,0,0
user_029,user_029_s02,1,21,285.84,130.74,0,0
user_029,user_029_s02,1,22,189.64,70.81,0,0
user_029,user_029_s02,1,23,317.92,113.67,0,0
user_029,user_029_s02,1,24,831.54,80.92,0,0
user_029,user_029_s02,1,25,255.82,145.17,1,0
user_029,user_029_s02,1,26,285.43,117.21,0,1
user_029,user_029_s02,1,27,216.11,173.75,0,0
user_029,user_029_s02,1,28,40.0,77.01,0,0
user_029,user_029_s02,1,29,418.75,123.79,0,0
user_029,user_029_s02,1,30,375.51,127.66,0,0
user_029,user_029_s02,1,31,303.26,115.21,1,0
user_029,user_029_s02,1,32,181.29,170.44,0,0
user_029,user_029_s02,1,33,272.19,118.48,1,0
user_029,user_029_s02,1,34,40.0,74.71,0,0
user_029,user_029_s02,1,35,46.53,139.58,0,0
user_029,user_029_s02,1,36,492.58,201.94,0,0
user_029,user_029_s02,1,37,82.81,90.9,1,0
user_029,user_029_s02,1,38,991.9,118.37,0,1
user_029,user_029_s02,1,39,830.16,130.67,0,0
user_029,user_029_s03,0,0,122.98,57.87,0,0
user_029,user_029_s03,0,1,109.59,134.3,0,0
user_029,user_029_s03,0,2,75.75,81.27,0,0
user_029,user_029_s03,0,3,130.03,173.71,1,0
user_029,user_029_s03,0,4,57.45,93.52,0,0
user_029,user_029_s03,0,5,84.53,125.42,0,0
user_029,user_029_s03,0,6,152.68,93.39,0,0
user_029,user_029_s03,0,7,207.02,100.73,0,0
user_029,user_029_s03,0,8,146.4,81.71,0,0
user_029,user_029_s03,0,9,299.52,45.43,0,0
user_029,user_029_s03,0,10,188.58,136.56,0,0
user_029,user_029_s03,0,11,182.0,76.61,0,0
user_029,user_029_s03,0,12,94.26,131.18,0,0
user_029,user_029_s03,0,13,206.85,147.68,0,0
user_029,user_029_s03,0,14,1235.47,75.43,0,0
user_029,user_029_s03,0,15,544.08,70.49,0,0
user_029,user_029_s03,0,16,171.22,77.39,0,0
user_029,user_029_s03,0,17,269.16,42.51,0,0
user_029,user_029_s03,0,18,185.79,101.79,0,0
user_029,user_029_s03,0,19,224.48,126.74,1,0
user_029,user_029_s03,0,20,146.41,67.83,0,0
user_029,user_029_s03,0,21,53.3,105.05,0,0
user_029,user_029_s03,0,22,200.25,86.76,0,0
user_029,user_029_s03,0,23,158.27,86.93,0,0
user_029,user_029_s03,0,24,184.49,92.21,0,0
user_029,user_029_s03,0,25,171.76,101.44,0,0
user_029,user_029_s03,0,26,117.01,75.94,0,0
user_029,user_029_s03,0,27,172.81,93.02,0,0
user_029,user_029_s03,0,28,126.92,76.9,0,0
user_029,user_029_s03,0,29,100.98,96.08,0,0
user_029,user_029_s03,0,30,220.06,68.56,0,0
user_029,user_029_s03,0,31,113.1,116.61,0,0
user_029,user_029_s03,0,32,158.9,83.54,0,0
user_029,user_029_s03,0,33,110.25,59.87,0,0
user_029,user_029_s03,0,34,263.65,87.07,0,0
user_029,user_029_s03,0,35,200.81,90.77,0,0
user_029,user_029_s03,0,36,103.28,79.85,0,0
user_029,user_029_s03,0,37,169.02,50.35,0,0
user_029,user_029_s03,0,38,170.23,89.3,0,0
user_029,user_029_s03,0,39,175.67,96.99,0,1
user_029,user_029_s04,0,0,130.08,91.08,0,0
user_029,user_029_s04,0,1,135.94,85.08,0,0
user_029,user_029_s04,0,2,233.52,65.97,0,0
user_029,user_029_s04,0,3,154.49,113.75,0,0
user_029,user_029_s04,0,4,132.96,96.76,0,0
user_029,user_029_s04,0,5,139.24,131.59,0,0
user_029,user_029_s04,0,6,40.0,76.69,0,0
user_029,user_029_s04,0,7,81.39,66.4,0,1
user_029,user_029_s04,0,8,40.0,26.17,0,0
user_029,user_029_s04,0,9,267.83,142.48,0,0
user_029,user_029_s04,0,10,103.44,95.81,0,0
user_029,user_029_s04,0,11,177.77,102.7,0,0
user_029,user_029_s04,0,12,67.92,127.17,0,1
user_029,user_029_s04,0,13,109.18,86.11,0,0
user_029,user_029_s04,0,14,112.88,63.74,0,0
user_029,user_029_s04,0,15,169.2,106.18,0,0
user_029,user_029_s04,0,16,124.59,76.39,0,0
user_029,user_029_s04,0,17,91.4,34.6,0,0
user_029,user_029_s04,0,18,40.0,122.29,0,0
user_029,user_029_s04,0,19,280.65,53.59,0,0
user_029,user_029_s04,0,20,99.67,63.0,0,0
user_029,user_029_s04,0,21,108.21,102.89,0,0
user_029,user_029_s04,0,22,95.73,29.53,0,0
user_029,user_029_s04,0,23,226.01,84.84,0,0
user_029,user_029_s04,0,24,90.2,88.98,0,0
user_029,user_029_s04,0,25,101.86,110.45,0,0
user_029,user_029_s04,0,26,147.47,98.25,1,0
user_029,user_029_s04,0,27,213.88,101.45,0,0
user_029,user_029_s04,0,28,132.92,105.96,0,0
user_029,user_029_s04,0,29,137.18,120.91,0,0
user_029,user_029_s04,0,30,1457.48,70.24,0,0
user_029,user_029_s04,0,31,631.62,56.19,0,0
user_029,user_029_s04,0,32,255.53,57.57,0,0
user_029,user_029_s04,0,33,80.68,98.74,0,0
user_029,user_029_s04,0,34,160.3,74.74,0,0
user_029,user_029_s04,0,35,97.09,66.47,0,0
user_029,user_029_s04,0,36,173.34,110.52,0,0
user_029,user_029_s04,0,37,130.33,97.36,0,0
user_029,user_029_s04,0,38,150.21,123.63,0,0
user_029,user_029_s04,0,39,139.93,89.61,0,0
user_029,user_029_s05,0,0,167.28,117.61,0,0
user_029,user_029_s05,0,1,234.37,123.31,0,0
user_029,user_029_s05,0,2,218.41,81.12,0,0
user_029,user_029_s05,0,3,1164.09,91.67,0,0
user_029,user_029_s05,0,4,207.62,146.99,0,0
user_029,user_029_s05,0,5,150.68,97.23,0,0
user_029,user_029_s05,0,6,173.67,121.32,0,0
user_029,user_029_s05,0,7,54.53,113.82,0,0
user_029,user_029_s05,0,8,130.03,120.77,0,0
user_029,user_029_s05,0,9,177.55,118.3,0,0
user_029,user_029_s05,0,10,93.69,20.42,0,0
user_029,user_029_s05,0,11,145.74,78.17,0,0
user_029,user_029_s05,0,12,61.67,84.14,0,0
user_029,user_029_s05,0,13,213.54,99.76,0,0
user_029,user_029_s05,0,14,258.97,68.95,0,0
user_029,user_029_s05,0,15,101.18,89.23,0,0
user_029,user_029_s05,0,16,63.44,59.04,0,0
user_029,user_029_s05,0,17,202.91,38.99,0,0
user_029,user_029_s05,0,18,183.61,162.65,0,0
user_029,user_029_s05,0,19,1131.37,80.78,0,0
user_029,user_029_s05,0,20,213.43,125.57,0,0
user_029,user_029_s05,0,21,176.49,115.68,0,0
user_029,user_029_s05,0,22,1297.66,81.14,0,0
user_029,user_029_s05,0,23,264.58,132.16,0,0
user_029,user_029_s05,0,24,293.1,68.6,1,0
user_029,user_029_s05,0,25,302.86,90.09,0,0
user_029,user_029_s05,0,26,120.41,108.12,0,0
user_029,user_029_s05,0,27,237.68,92.9,0,0
user_029,user_029_s05,0,28,179.85,87.92,0,0
user_029,user_029_s05,0,29,41.85,40.72,0,0
user_029,user_029_s05,0,30,201.43,112.29,0,0
user_029,user_029_s05,0,31,120.41,116.11,0,0
user_029,user_029_s05,0,32,167.31,79.45,1,0
user_029,user_029_s05,0,33,92.41,116.63,0,0
user_029,user_029_s05,0,34,253.14,98.65,0,0
user_029,user_029_s05,0,35,108.5,121.11,0,0
user_029,user_029_s05,0,36,118.92,112.66,0,0
user_029,user_029_s05,0,37,242.31,84.26,0,0
user_029,user_029_s05,0,38,185.46,147.18,0,0
user_029,user_029_s05,0,39,285.3,68.67,0,0
user_029,user_029_s06,0,0,185.95,140.96,0,0
user_029,user_029_s06,0,1,191.01,99.97,0,0
user_029,user_029_s06,0,2,195.88,105.79,0,0
user_029,user_029_s06,0,3,245.87,83.92,0,0
user_029,user_029_s06,0,4,63.29,101.59,0,0
user_029,user_029_s06,0,5,161.47,74.63,0,0
user_029,user_029_s06,0,6,40.0,92.64,0,0
user_029,user_029_s06,0,7,195.35,45.86,0,0
user_029,user_029_s06,0,8,126.89,43.73,0,0
user_029,user_029_s06,0,9,178.4,58.8,0,0
user_029,user_029_s06,0,10,118.28,70.81,0,0
user_029,user_029_s06,0,11,115.23,129.15,0,0
user_029,user_029_s06,0,12,140.45,159.76,0,0
user_029,user_029_s06,0,13,174.39,123.27,0,0
user_029,user_029_s06,0,14,214.12,20.0,0,0
user_029,user_029_s06,0,15,120.58,139.64,0,0
user_029,user_029_s06,0,16,178.09,83.04,0,0
user_029,user_029_s06,0,17,793.83,52.0,0,0
user_029,user_029_s06,0,18,136.81,143.17,0,0
user_029,user_029_s06,0,19,193.94,82.48,0,0
user_029,user_029_s06,0,20,83.81,67.82,0,0
user_029,user_029_s06,0,21,109.64,78.95,0,0
user_029,user_029_s06,0,22,238.63,84.53,0,0
user_029,user_029_s06,0,23,912.95,109.11,0,0
user_029,user_029_s06,0,24,146.69,98.57,0,0
user_029,user_029_s06,0,25,173.58,76.1,0,0
user_029,user_029_s06,0,26,185.05,41.92,0,0
user_029,user_029_s06,0,27,187.55,72.47,1,0
user_029,user_029_s06,0,28,154.44,99.57,0,0
user_029,user_029_s06,0,29,144.05,73.85,0,0
user_029,user_029_s06,0,30,113.28,96.82,0,0
user_029,user_029_s06,0,31,270.65,93.17,0,0
user_029,user_029_s06,0,32,219.55,123.14,0,0
user_029,user_029_s06,0,33,188.25,100.51,0,0
user_029,user_029_s06,0,34,164.39,116.03,0,0
user_029,user_029_s06,0,35,129.74,87.17,0,0
user_029,user_029_s06,0,36,165.73,136.18,0,0
user_029,user_029_s06,0,37,105.49,81.08,0,0
user_029,user_029_s06,0,38,259.06,70.88,0,0
user_029,user_029_s06,0,39,111.16,128.22,0,0
user_029,user_029_s07,1,0,295.71,115.33,0,0
user_029,user_029_s07,1,1,156.72,165.66,0,0
user_029,user_029_s07,1,2,323.91,165.57,0,0
user_029,user_029_s07,1,3,222.91,130.34,1,0
user_029,user_029_s07,1,4,456.4,121.16,0,1
user_029,user_029_s07,1,5,250.8,111.21,0,0
user_029,user_029_s07,1,6,1059.21,183.96,0,0
user_029,user_029_s07,1,7,392.03,149.21,0,0
user_029,user_029_s07,1,8,260.27,141.56,1,0
user_029,user_029_s07,1,9,156.96,106.53,0,0
user_029,user_029_s07,1,10,81.92,184.0,0,0
user_029,user_029_s07,1,11,152.19,152.06,0,0
user_029,user_029_s07,1,12,49.39,99.68,0,0
user_029,user_029_s07,1,13,240.62,122.74,0,0
user_029,user_029_s07,1,14,345.85,171.67,1,0
user_029,user_029_s07,1,15,669.64,60.31,0,0
user_029,user_029_s07,1,16,530.5,136.5,0,0
user_029,user_029_s07,1,17,94.51,174.96,0,0
user_029,user_029_s07,1,18,309.49,149.01,0,0
user_029,user_029_s07,1,19,1599.88,170.65,0,0
user_029,user_029_s07,1,20,204.27,45.9,1,0
user_029,user_029_s07,1,21,233.79,80.62,0,0
user_029,user_029_s07,1,22,434.53,177.63,0,0
user_029,user_029_s07,1,23,1418.49,155.86,0,0
user_029,user_029_s07,1,24,1305.62,126.32,0,0
user_029,user_029_s07,1,25,147.73,150.29,0,0
user_029,user_029_s07,1,26,305.7,164.71,0,0
user_029,user_029_s07,1,27,341.14,116.61,0,0
user_029,user_029_s07,1,28,346.51,107.47,0,0
user_029,user_029_s07,1,29,826.28,79.17,0,0
user_029,user_029_s07,1,30,714.57,202.3,0,0
user_029,user_029_s07,1,31,287.55,141.29,0,0
user_029,user_029_s07,1,32,374.59,205.27,0,0
user_029,user_029_s07,1,33,1007.14,78.91,1,0
user_029,user_029_s07,1,34,123.63,143.8,0,0
user_029,user_029_s07,1,35,750.98,85.51,1,0
user_029,user_029_s07,1,36,291.08,215.71,0,0
user_029,user_029_s07,1,37,379.25,258.37,0,0
user_029,user_029_s07,1,38,210.57,193.41,0,0
user_029,user_029_s07,1,39,1182.69,88.63,0,0
user_029,user_029_s08,0,0,184.93,96.43,0,0
user_029,user_029_s08,0,1,227.17,91.4,1,0
user_029,user_029_s08,0,2,117.67,116.54,0,0
user_029,user_029_s08,0,3,44.35,157.21,0,0
user_029,user_029_s08,0,4,568.67,82.63,0,0
user_029,user_029_s08,0,5,85.19,125.5,0,0
user_029,user_029_s08,0,6,165.66,110.75,0,0
user_029,user_029_s08,0,7,224.4,101.86,0,0
user_029,user_029_s08,0,8,132.54,114.57,0,0
user_029,user_029_s08,0,9,162.67,83.1,0,0
user_029,user_029_s08,0,10,40.0,119.84,0,0
user_029,user_029_s08,0,11,141.82,54.15,0,0
user_029,user_029_s08,0,12,272.82,96.24,0,0
user_029,user_029_s08,0,13,204.06,84.03,0,0
user_029,user_029_s08,0,14,116.05,157.48,0,0
user_029,user_029_s08,0,15,93.63,63.78,0,0
user_029,user_029_s08,0,16,165.71,105.05,0,0
user_029,user_029_s08,0,17,200.83,125.31,0,1
user_029,user_029_s08,0,18,116.96,77.34,0,0
user_029,user_029_s08,0,19,154.65,93.08,0,0
user_029,user_029_s08,0,20,40.52,78.75,0,0
user_029,user_029_s08,0,21,220.8,80.68,0,0
user_029,user_029_s08,0,22,111.12,136.47,0,0
user_029,user_029_s08,0,23,209.04,42.51,0,0
user_029,user_029_s08,0,24,190.29,99.37,0,0
user_029,user_029_s08,0,25,197.76,37.3,0,0
user_029,user_029_s08,0,26,150.39,117.18,0,0
user_029,user_029_s08,0,27,275.5,82.04,0,0
user_029,user_029_s08,0,28,124.62,46.79,0,0
user_029,user_029_s08,0,29,276.5,88.27,0,0
user_029,user_029_s08,0,30,184.06,60.41,0,0
user_029,user_029_s08,0,31,175.52,118.26,0,0
user_029,user_029_s08,0,32,152.24,119.5,0,0
user_029,user_029_s08,0,33,174.76,62.12,0,0
user_029,user_029_s08,0,34,168.04,106.5,0,0
user_029,user_029_s08,0,35,281.92,75.19,0,0
user_029,user_029_s08,0,36,87.6,84.58,0,0
user_029,user_029_s08,0,37,154.63,144.56,0,0
user_029,user_029_s08,0,38,105.2,82.32,0,0
user_029,user_029_s08,0,39,129.59,130.71,0,0
user_029,user_029_s09,0,0,179.67,69.69,0,0
user_029,user_029_s09,0,1,210.32,120.32,0,1
user_029,user_029_s09,0,2,248.98,97.4,0,0
user_029,user_029_s09,0,3,96.18,51.35,0,0
user_029,user_029_s09,0,4,101.88,99.71,0,0
user_029,user_029_s09,0,5,1092.88,124.2,0,0
user_029,user_029_s09,0,6,142.35,39.01,0,0
user_029,user_029_s09,0,7,185.07,113.09,0,0
user_029,user_029_s09,0,8,172.03,61.32,0,0
user_029,user_029_s09,0,9,158.12,88.86,0,0
user_029,user_029_s09,0,10,166.41,81.75,0,0
user_029,user_029_s09,0,11,185.86,123.42,0,0
user_029,user_029_s09,0,12,120.88,120.44,0,0
user_029,user_029_s09,0,13,40.0,58.62,0,0
user_029,user_029_s09,0,14,111.76,41.88,0,0
user_029,user_029_s09,0,15,1045.88,54.4,0,0
user_029,user_029_s09,0,16,530.9,105.39,0,0
user_029,user_029_s09,0,17,245.79,34.22,0,0
user_029,user_029_s09,0,18,134.01,77.27,0,0
user_029,user_029_s09,0,19,227.23,118.66,0,0
user_029,user_029_s09,0,20,104.17,109.94,0,0
user_029,user_029_s09,0,21,40.0,49.6,0,0
user_029,user_029_s09,0,22,114.86,99.41,0,0
user_029,user_029_s09,0,23,162.61,69.03,0,0
user_029,user_029_s09,0,24,1487.38,77.23,0,0
user_029,user_029_s09,0,25,78.39,79.16,0,0
user_029,user_029_s09,0,26,196.06,82.25,0,0
user_029,user_029_s09,0,27,173.08,91.93,0,0
user_029,user_029_s09,0,28,130.72,74.83,0,0
user_029,user_029_s09,0,29,178.95,75.88,0,0
user_029,user_029_s09,0,30,177.16,117.66,0,0
user_029,user_029_s09,0,31,205.89,94.32,0,0
user_029,user_029_s09,0,32,184.47,65.53,0,0
user_029,user_029_s09,0,33,178.2,96.86,0,0
user_029,user_029_s09,0,34,301.24,55.13,0,0
user_029,user_029_s09,0,35,43.45,97.21,0,0
user_029,user_029_s09,0,36,85.66,108.92,0,0
user_029,user_029_s09,0,37,242.9,115.41,0,0
user_029,user_029_s09,0,38,74.92,105.29,0,0
user_029,user_029_s09,0,39,230.19,65.76,0,0
user_029,user_029_s10,1,0,397.01,41.72,0,0
user_029,user_029_s10,1,1,231.14,155.37,0,0
user_029,user_029_s10,1,2,115.88,134.33,1,0
user_029,user_029_s10,1,3,218.07,126.29,0,0
user_029,user_029_s10,1,4,280.24,105.45,0,0
user_029,user_029_s10,1,5,79.96,167.42,0,0
user_029,user_029_s10,1,6,166.08,87.01,1,0
user_029,user_029_s10,1,7,180.27,137.94,0,0
user_029,user_029_s10,1,8,147.51,203.14,0,0
user_029,user_029_s10,1,9,40.49,113.71,0,0
user_029,user_029_s10,1,10,284.34,92.21,0,0
user_029,user_029_s10,1,11,40.0,80.98,0,0
user_029,user_029_s10,1,12,550.68,80.32,0,0
user_029,user_029_s10,1,13,105.68,111.45,0,0
user_029,user_029_s10,1,14,928.44,194.76,0,0
user_029,user_029_s10,1,15,387.14,131.85,0,0
user_029,user_029_s10,1,16,159.44,120.08,0,0
user_029,user_029_s10,1,17,336.39,117.05,0,0
user_029,user_029_s10,1,18,216.4,29.71,0,0
user_029,user_029_s10,1,19,256.84,104.58,1,0
user_029,user_029_s10,1,20,161.13,61.87,0,0
user_029,user_029_s10,1,21,292.3,187.07,0,1
user_029,user_029_s10,1,22,119.93,64.65,0,0
user_029,user_029_s10,1,23,772.74,40.83,1,0
user_029,user_029_s10,1,24,132.26,20.89,0,0
user_029,user_029_s10,1,25,64.61,69.7,0,0
user_029,user_029_s10,1,26,196.47,20.0,0,0
user_029,user_029_s10,1,27,310.94,119.17,0,0
user_029,user_029_s10,1,28,155.67,121.67,0,0
user_029,user_029_s10,1,29,96.39,53.48,0,0
user_029,user_029_s10,1,30,450.22,153.98,1,0
user_029,user_029_s10,1,31,149.03,100.94,0,0
user_029,user_029_s10,1,32,1466.45,101.67,1,0
user_029,user_029_s10,1,33,199.82,154.23,0,0
user_029,user_029_s10,1,34,337.71,167.81,0,0
user_029,user_029_s10,1,35,192.57,57.15,0,0
user_029,user_029_s10,1,36,636.84,35.49,0,0
user_029,user_029_s10,1,37,191.79,90.01,0,0
user_029,user_029_s10,1,38,166.38,189.38,0,0
user_029,user_029_s10,1,39,207.2,69.73,0,0
user_029,user_029_s11,1,0,341.14,61.82,0,0
user_029,user_029_s11,1,1,295.56,223.77,0,0
user_029,user_029_s11,1,2,172.25,49.35,0,0
user_029,user_029_s11,1,3,310.58,51.41,1,0
user_029,user_029_s11,1,4,139.34,20.0,0,0
user_029,user_029_s11,1,5,310.95,160.36,0,0
user_029,user_029_s11,1,6,244.51,72.01,0,0
user_029,user_029_s11,1,7,40.0,168.2,0,0
user_029,user_029_s11,1,8,208.57,122.7,0,0
user_029,user_029_s11,1,9,359.57,197.28,0,1
user_029,user_029_s11,1,10,210.26,77.47,0,0
user_029,user_029_s11,1,11,260.41,128.77,0,0
user_029,user_029_s11,1,12,160.56,188.17,1,0
user_029,user_029_s11,1,13,189.44,194.02,0,0
user_029,user_029_s11,1,14,361.93,186.76,0,0
user_029,user_029_s11,1,15,167.3,156.74,0,0
user_029,user_029_s11,1,16,65.72,124.01,0,0
user_029,user_029_s11,1,17,40.0,158.42,0,1
user_029,user_029_s11,1,18,120.65,51.54,0,0
user_029,user_029_s11,1,19,73.08,104.15,0,0
user_029,user_029_s11,1,20,40.0,205.05,0,0
user_029,user_029_s11,1,21,76.64,177.53,0,0
user_029,user_029_s11,1,22,88.35,56.61,0,0
user_029,user_029_s11,1,23,78.84,145.32,0,0
user_029,user_029_s11,1,24,423.26,74.56,0,0
user_029,user_029_s11,1,25,40.0,109.39,0,0
user_029,user_029_s11,1,26,309.61,209.07,1,0
user_029,user_029_s11,1,27,1148.82,22.76,0,0
user_029,user_029_s11,1,28,314.86,53.35,0,0
user_029,user_029_s11,1,29,221.36,133.99,1,0
user_029,user_029_s11,1,30,406.65,151.96,0,0
user_029,user_029_s11,1,31,228.19,108.46,0,0
user_029,user_029_s11,1,32,198.33,190.84,0,0
user_029,user_029_s11,1,33,392.64,112.55,1,0
user_029,user_029_s11,1,34,203.59,140.77,0,0
user_029,user_029_s11,1,35,40.0,128.72,0,0
user_029,user_029_s11,1,36,298.78,111.05,0,0
user_029,user_029_s11,1,37,381.17,167.6,0,0
user_029,user_029_s11,1,38,718.16,79.88,0,0
user_029,user_029_s11,1,39,177.01,198.43,0,0
user_029,user_029_s12,1,0,206.86,43.66,0,0
user_029,user_029_s12,1,1,183.75,164.14,0,0
user_029,user_029_s12,1,2,272.08,243.24,0,0
user_029,user_029_s12,1,3,378.08,135.6,0,0
user_029,user_029_s12,1,4,486.34,128.69,1,0
user_029,user_029_s12,1,5,137.46,110.2,0,1
user_029,user_029_s12,1,6,356.11,72.01,0,0
user_029,user_029_s12,1,7,263.22,193.09,0,0
user_029,user_029_s12,1,8,263.5,104.1,0,0
user_029,user_029_s12,1,9,336.7,185.77,0,0
user_029,user_029_s12,1,10,40.0,160.98,0,0
user_029,user_029_s12,1,11,261.84,173.8,0,0
user_029,user_029_s12,1,12,109.52,96.63,0,0
user_029,user_029_s12,1,13,346.88,158.62,0,0
user_029,user_029_s12,1,14,296.08,142.34,0,0
user_029,user_029_s12,1,15,462.36,151.31,0,0
user_029,user_029_s12,1,16,1249.46,21.07,0,0
user_029,user_029_s12,1,17,185.85,167.43,0,0
user_029,user_029_s12,1,18,1608.1,249.66,0,0
user_029,user_029_s12,1,19,452.6,80.67,0,0
user_029,user_029_s12,1,20,316.22,187.7,0,0
user_029,user_029_s12,1,21,345.65,130.78,0,0
user_029,user_029_s12,1,22,1829.06,92.18,0,0
user_029,user_029_s12,1,23,438.47,108.28,0,0
user_029,user_029_s12,1,24,285.23,212.38,0,0
user_029,user_029_s12,1,25,391.45,156.05,0,0
user_029,user_029_s12,1,26,371.41,136.07,0,0
user_029,user_029_s12,1,27,466.87,66.35,0,0
user_029,user_029_s12,1,28,276.13,168.62,0,0
user_029,user_029_s12,1,29,416.51,194.12,0,0
user_029,user_029_s12,1,30,216.16,156.66,0,0
user_029,user_029_s12,1,31,874.94,87.12,0,0
user_029,user_029_s12,1,32,373.9,167.48,0,0
user_029,user_029_s12,1,33,349.68,231.7,0,0
user_029,user_029_s12,1,34,304.46,134.44,0,0
user_029,user_029_s12,1,35,263.76,192.01,0,0
user_029,user_029_s12,1,36,976.37,131.42,0,0
user_029,user_029_s12,1,37,329.46,133.5,0,0
user_029,user_029_s12,1,38,280.35,152.01,0,0
user_029,user_029_s12,1,39,348.47,124.75,0,0
user_029,user_029_s13,0,0,100.38,132.4,0,0
user_029,user_029_s13,0,1,198.12,81.43,0,0
user_029,user_029_s13,0,2,220.94,64.09,0,1
user_029,user_029_s13,0,3,150.13,76.48,0,0
user_029,user_029_s13,0,4,175.18,56.94,0,0
user_029,user_029_s13,0,5,226.33,111.98,0,0
user_029,user_029_s13,0,6,149.31,104.12,0,0
user_029,user_029_s13,0,7,146.94,81.75,0,1
user_029,user_029_s13,0,8,214.83,109.83,0,0
user_029,user_029_s13,0,9,153.36,105.36,0,0
user_029,user_029_s13,0,10,112.34,82.39,0,0
user_029,user_029_s13,0,11,162.89,96.05,0,0
user_029,user_029_s13,0,12,1279.97,83.38,0,0
user_029,user_029_s13,0,13,158.71,72.29,0,0
user_029,user_029_s13,0,14,226.72,22.51,0,0
user_029,user_029_s13,0,15,83.05,82.06,0,1
user_029,user_029_s13,0,16,160.21,89.22,0,0
user_029,user_029_s13,0,17,202.3,52.74,0,0
user_029,user_029_s13,0,18,159.22,111.46,0,0
user_029,user_029_s13,0,19,254.66,83.39,0,0
user_029,user_029_s13,0,20,166.87,100.31,0,0
user_029,user_029_s13,0,21,188.78,96.43,0,0
user_029,user_029_s13,0,22,254.14,86.3,0,0
user_029,user_029_s13,0,23,197.1,74.05,0,0
user_029,user_029_s13,0,24,162.06,70.37,0,0
user_029,user_029_s13,0,25,134.85,44.49,0,0
user_029,user_029_s13,0,26,153.15,127.52,0,0
user_029,user_029_s13,0,27,185.73,97.6,0,0
user_029,user_029_s13,0,28,112.45,63.51,0,0
user_029,user_029_s13,0,29,249.69,103.85,0,0
user_029,user_029_s13,0,30,314.45,58.5,0,0
user_029,user_029_s13,0,31,163.83,104.81,0,0
user_029,user_029_s13,0,32,50.73,100.33,0,0
user_029,user_029_s13,0,33,214.23,71.9,0,0
user_029,user_029_s13,0,34,170.24,47.35,0,0
user_029,user_029_s13,0,35,207.08,75.8,0,0
user_029,user_029_s13,0,36,161.07,91.61,0,0
user_029,user_029_s13,0,37,225.65,47.74,0,0
user_029,user_029_s13,0,38,116.07,70.65,0,0
user_029,user_029_s13,0,39,190.73,123.21,0,0
user_030,user_030_s00,1,0,1179.01,98.49,0,0
user_030,user_030_s00,1,1,636.14,122.19,0,0
user_030,user_030_s00,1,2,139.77,122.93,0,0
user_030,user_030_s00,1,3,75.8,57.03,0,0
user_030,user_030_s00,1,4,206.32,48.8,0,0
user_030,user_030_s00,1,5,40.0,57.62,0,1
user_030,user_030_s00,1,6,47.31,66.08,0,0
user_030,user_030_s00,1,7,249.49,119.96,0,0
user_030,user_030_s00,1,8,117.16,131.87,0,0
user_030,user_030_s00,1,9,387.73,81.5,0,0
user_030,user_030_s00,1,10,128.63,104.03,0,0
user_030,user_030_s00,1,11,129.13,90.5,0,0
user_030,user_030_s00,1,12,289.16,63.76,0,1
user_030,user_030_s00,1,13,998.01,62.12,0,0
user_030,user_030_s00,1,14,152.91,96.21,0,0
user_030,user_030_s00,1,15,162.24,121.12,1,0
user_030,user_030_s00,1,16,261.1,108.58,0,1
user_030,user_030_s00,1,17,188.75,86.61,0,0
user_030,user_030_s00,1,18,140.46,144.08,0,0
user_030,user_030_s00,1,19,153.98,150.17,0,1
user_030,user_030_s00,1,20,348.31,39.43,1,0
user_030,user_030_s00,1,21,142.49,51.08,0,0
user_030,user_030_s00,1,22,142.22,41.6,0,0
user_030,user_030_s00,1,23,1416.32,126.35,0,0
user_030,user_030_s00,1,24,176.06,83.72,0,0
user_030,user_030_s00,1,25,103.85,95.95,0,0
user_030,user_030_s00,1,26,314.49,115.58,0,0
user_030,user_030_s00,1,27,1244.51,93.43,0,0
user_030,user_030_s00,1,28,215.96,70.66,0,0
user_030,user_030_s00,1,29,318.9,54.28,0,0
user_030,user_030_s00,1,30,140.96,85.35,0,0
user_030,user_030_s00,1,31,207.3,122.7,0,0
user_030,user_030_s00,1,32,905.47,32.93,0,0
user_030,user_030_s00,1,33,101.59,76.26,0,0
user_030,user_030_s00,1,34,184.39,24.15,0,0
user_030,user_030_s00,1,35,135.99,127.06,0,0
user_030,user_030_s00,1,36,240.0,33.83,0,1
user_030,user_030_s00,1,37,1028.35,35.92,0,0
user_030,user_030_s00,1,38,148.77,123.9,1,0
user_030,user_030_s00,1,39,116.11,70.59,0,0
user_030,user_030_s01,0,0,135.71,72.38,0,0
user_030,user_030_s01,0,1,132.25,69.54,0,0
user_030,user_030_s01,0,2,76.84,59.68,0,0
user_030,user_030_s01,0,3,235.94,75.64,0,0
user_030,user_030_s01,0,4,144.05,64.65,0,0
user_030,user_030_s01,0,5,157.49,77.85,0,0
user_030,user_030_s01,0,6,150.97,75.46,0,0
user_030,user_030_s01,0,7,118.79,61.17,0,1
user_030,user_030_s01,0,8,80.03,59.35,0,0
user_030,user_030_s01,0,9,114.41,72.93,0,0
user_030,user_030_s01,0,10,1005.81,75.65,0,0
user_030,user_030_s01,0,11,57.05,59.53,0,0
user_030,user_030_s01,0,12,215.94,50.48,0,0
user_030,user_030_s01,0,13,159.84,72.71,0,0
user_030,user_030_s01,0,14,128.44,74.47,0,0
user_030,user_030_s01,0,15,126.95,70.28,0,0
user_030,user_030_s01,0,16,150.82,66.58,0,0
user_030,user_030_s01,0,17,118.36,82.23,0,0
user_030,user_030_s01,0,18,96.63,51.11,0,0
user_030,user_030_s01,0,19,183.65,53.48,0,0
user_030,user_030_s01,0,20,83.27,58.15,0,0
user_030,user_030_s01,0,21,175.75,66.19,0,0
user_030,user_030_s01,0,22,124.65,57.06,0,0
user_030,user_030_s01,0,23,134.64,57.43,0,0
user_030,user_030_s01,0,24,107.96,84.21,0,0
user_030,user_030_s01,0,25,72.77,66.79,0,0
user_030,user_030_s01,0,26,90.9,82.37,0,0
user_030,user_030_s01,0,27,136.61,68.33,0,0
user_030,user_030_s01,0,28,84.96,55.7,0,0
user_030,user_030_s01,0,29,85.53,87.74,0,0
user_030,user_030_s01,0,30,154.98,61.13,0,0
user_030,user_030_s01,0,31,141.1,74.21,0,0
user_030,user_030_s01,0,32,65.94,81.19,0,0
user_030,user_030_s01,0,33,175.2,64.91,0,0
user_030,user_030_s01,0,34,179.09,63.78,0,0
user_030,user_030_s01,0,35,111.86,54.44,0,0
user_030,user_030_s01,0,36,47.89,70.07,0,0
user_030,user_030_s01,0,37,61.45,54.73,0,0
user_030,user_030_s01,0,38,98.41,63.35,0,0
user_030,user_030_s01,0,39,175.79,61.89,0,0
user_030,user_030_s02,0,0,50.01,97.83,0,0
user_030,user_030_s02,0,1,162.31,53.44,0,0
user_030,user_030_s02,0,2,40.0,88.52,0,0
user_030,user_030_s02,0,3,121.11,81.16,0,0
user_030,user_030_s02,0,4,144.14,56.69,0,0
user_030,user_030_s02,0,5,68.23,63.26,0,0
user_030,user_030_s02,0,6,184.02,53.47,0,0
user_030,user_030_s02,0,7,105.01,50.3,0,0
user_030,user_030_s02,0,8,131.92,37.54,0,0
user_030,user_030_s02,0,9,141.01,45.71,0,0
user_030,user_030_s02,0,10,125.9,20.0,0,0
user_030,user_030_s02,0,11,92.79,65.66,0,0
user_030,user_030_s02,0,12,81.82,89.98,0,0
user_030,user_030_s02,0,13,134.32,67.79,0,0
user_030,user_030_s02,0,14,145.18,64.41,0,0
user_030,user_030_s02,0,15,977.15,52.85,0,0
user_030,user_030_s02,0,16,111.02,97.15,0,0
user_030,user_030_s02,0,17,121.05,82.02,0,0
user_030,user_030_s02,0,18,78.69,41.36,0,0
user_030,user_030_s02,0,19,162.57,100.6,0,0
user_030,user_030_s02,0,20,80.27,90.79,0,1
user_030,user_030_s02,0,21,143.51,45.4,0,0
user_030,user_030_s02,0,22,162.19,77.75,0,0
user_030,user_030_s02,0,23,161.44,60.7,0,0
user_030,user_030_s02,0,24,57.59,29.31,0,0
user_030,user_030_s02,0,25,49.56,47.91,0,0
user_030,user_030_s02,0,26,77.08,77.41,1,0
user_030,user_030_s02,0,27,70.96,75.19,0,0
user_030,user_030_s02,0,28,210.53,112.63,0,0
user_030,user_030_s02,0,29,133.84,67.22,0,0
user_030,user_030_s02,0,30,61.83,32.14,0,0
user_030,user_030_s02,0,31,73.72,46.7,0,0
user_030,user_030_s02,0,32,186.46,56.06,0,1
user_030,user_030_s02,0,33,174.55,58.67,0,0
user_030,user_030_s02,0,34,59.24,58.02,0,0
user_030,user_030_s02,0,35,151.67,69.44,0,0
user_030,user_030_s02,0,36,103.68,90.09,0,0
user_030,user_030_s02,0,37,108.58,70.66,1,0
user_030,user_030_s02,0,38,57.89,29.73,0,0
user_030,user_030_s02,0,39,100.2,70.09,0,0
user_030,user_030_s03,0,0,126.56,70.32,0,0
user_030,user_030_s03,0,1,99.49,71.78,0,0
user_030,user_030_s03,0,2,169.18,70.05,0,0
user_030,user_030_s03,0,3,91.4,73.16,0,0
user_030,user_030_s03,0,4,143.66,102.94,1,0
user_030,user_030_s03,0,5,98.3,72.54,0,0
user_030,user_030_s03,0,6,90.42,78.76,0,0
user_030,user_030_s03,0,7,133.78,64.66,0,0
user_030,user_030_s03,0,8,173.24,66.59,0,0
user_030,user_030_s03,0,9,138.85,78.26,0,0
user_030,user_030_s03,0,10,130.14,94.75,0,0
user_030,user_030_s03,0,11,48.29,92.72,0,0
user_030,user_030_s03,0,12,118.51,20.0,0,0
user_030,user_030_s03,0,13,65.22,40.47,0,0
user_030,user_030_s03,0,14,129.87,106.59,0,0
user_030,user_030_s03,0,15,127.09,60.65,0,1
user_030,user_030_s03,0,16,124.77,63.26,0,0
user_030,user_030_s03,0,17,125.96,59.78,0,0
user_030,user_030_s03,0,18,149.44,47.03,0,0
user_030,user_030_s03,0,19,152.27,56.41,0,0
user_030,user_030_s03,0,20,142.21,60.47,0,0
user_030,user_030_s03,0,21,170.0,61.19,0,0
user_030,user_030_s03,0,22,40.0,52.78,0,0
user_030,user_030_s03,0,23,83.19,86.18,0,0
user_030,user_030_s03,0,24,146.72,68.41,0,0
user_030,user_030_s03,0,25,127.58,72.63,0,0
user_030,user_030_s03,0,26,89.39,71.62,0,0
user_030,user_030_s03,0,27,146.52,60.81,0,0
user_030,user_030_s03,0,28,159.69,57.58,0,0
user_030,user_030_s03,0,29,93.99,43.93,0,0
user_030,user_030_s03,0,30,98.94,82.77,0,0
user_030,user_030_s03,0,31,55.29,67.43,0,0
user_030,user_030_s03,0,32,1517.06,91.62,0,0
user_030,user_030_s03,0,33,125.32,76.67,0,0
user_030,user_030_s03,0,34,80.67,97.86,0,0
user_030,user_030_s03,0,35,104.36,63.29,0,0
user_030,user_030_s03,0,36,125.07,52.9,0,0
user_030,user_030_s03,0,37,1547.79,102.79,0,0
user_030,user_030_s03,0,38,110.42,90.34,0,0
user_030,user_030_s03,0,39,87.54,37.25,0,0
user_030,user_030_s04,0,0,92.33,68.36,0,0
user_030,user_030_s04,0,1,109.73,71.74,0,0
user_030,user_030_s04,0,2,75.23,76.82,0,0
user_030,user_030_s04,0,3,129.83,79.02,0,0
user_030,user_030_s04,0,4,180.44,57.08,0,0
user_030,user_030_s04,0,5,102.48,106.59,0,0
user_030,user_030_s04,0,6,91.79,85.19,0,0
user_030,user_030_s04,0,7,1463.93,73.38,0,0
user_030,user_030_s04,0,8,98.83,73.76,0,0
user_030,user_030_s04,0,9,101.07,72.01,0,0
user_030,user_030_s04,0,10,122.01,99.1,0,0
user_030,user_030_s04,0,11,55.9,90.23,0,0
user_030,user_030_s04,0,12,95.34,84.53,0,0
user_030,user_030_s04,0,13,214.57,116.99,0,0
user_030,user_030_s04,0,14,164.09,83.78,0,0
user_030,user_030_s04,0,15,159.56,57.5,0,0
user_030,user_030_s04,0,16,160.18,86.39,0,0
user_030,user_030_s04,0,17,160.3,82.74,0,0
user_030,user_030_s04,0,18,114.72,97.79,0,0
user_030,user_030_s04,0,19,129.7,86.48,0,0
user_030,user_030_s04,0,20,148.94,75.78,0,0
user_030,user_030_s04,0,21,112.01,90.33,0,0
user_030,user_030_s04,0,22,1210.27,43.76,0,0
user_030,user_030_s04,0,23,58.6,81.79,0,0
user_030,user_030_s04,0,24,119.27,83.41,0,0
user_030,user_030_s04,0,25,182.06,49.87,0,0
user_030,user_030_s04,0,26,177.14,75.53,0,0
user_030,user_030_s04,0,27,111.25,61.68,0,0
user_030,user_030_s04,0,28,147.08,65.65,0,0
user_030,user_030_s04,0,29,146.69,89.62,0,0
user_030,user_030_s04,0,30,229.08,55.16,0,0
user_030,user_030_s04,0,31,98.16,69.36,0,0
user_030,user_030_s04,0,32,142.53,57.04,0,0
user_030,user_030_s04,0,33,115.06,77.32,0,0
user_030,user_030_s04,0,34,200.48,79.24,0,0
user_030,user_030_s04,0,35,127.25,50.66,0,0
user_030,user_030_s04,0,36,106.01,67.34,0,0
user_030,user_030_s04,0,37,165.85,70.03,0,0
user_030,user_030_s04,0,38,98.24,75.41,0,0
user_030,user_030_s04,0,39,141.61,90.05,0,0
user_030,user_030_s05,0,0,129.72,84.14,0,0
user_030,user_030_s05,0,1,116.58,54.56,0,0
user_030,user_030_s05,0,2,146.47,89.4,0,0
user_030,user_030_s05,0,3,84.94,42.92,0,0
user_030,user_030_s05,0,4,167.02,92.24,0,0
user_030,user_030_s05,0,5,1140.43,43.21,0,0
user_030,user_030_s05,0,6,144.26,53.51,0,0
user_030,user_030_s05,0,7,151.55,79.34,0,0
user_030,user_030_s05,0,8,88.82,105.09,0,0
user_030,user_030_s05,0,9,144.27,68.87,0,0
user_030,user_030_s05,0,10,89.74,42.66,0,0
user_030,user_030_s05,0,11,52.49,26.21,0,0
user_030,user_030_s05,0,12,1510.13,84.15,0,0
user_030,user_030_s05,0,13,217.79,96.4,0,0
user_030,user_030_s05,0,14,1245.11,86.63,0,0
user_030,user_030_s05,0,15,145.03,70.34,0,0
user_030,user_030_s05,0,16,158.56,53.92,0,0
user_030,user_030_s05,0,17,71.45,76.4,0,0
user_030,user_030_s05,0,18,95.28,73.54,0,0
user_030,user_030_s05,0,19,177.53,102.2,0,0
user_030,user_030_s05,0,20,151.35,76.48,0,0
user_030,user_030_s05,0,21,125.61,82.97,0,1
user_030,user_030_s05,0,22,53.08,65.26,0,0
user_030,user_030_s05,0,23,97.1,49.97,0,0
user_030,user_030_s05,0,24,1141.07,66.65,0,0
user_030,user_030_s05,0,25,40.0,24.74,0,0
user_030,user_030_s05,0,26,158.26,67.01,0,0
user_030,user_030_s05,0,27,172.34,72.85,0,0
user_030,user_030_s05,0,28,874.26,57.48,0,0
user_030,user_030_s05,0,29,178.59,73.6,0,0
user_030,user_030_s05,0,30,140.17,86.27,0,0
user_030,user_030_s05,0,31,156.79,69.61,0,0
user_030,user_030_s05,0,32,106.83,65.64,0,0
user_030,user_030_s05,0,33,98.19,60.41,0,0
user_030,user_030_s05,0,34,141.78,62.81,0,0
user_030,user_030_s05,0,35,86.26,102.14,0,0
user_030,user_030_s05,0,36,103.69,53.35,0,0
user_030,user_030_s05,0,37,1514.76,56.17,0,0
user_030,user_030_s05,0,38,89.93,84.01,0,0
user_030,user_030_s05,0,39,132.92,53.77,0,1
user_030,user_030_s06,1,0,286.66,155.72,0,0
user_030,user_030_s06,1,1,263.86,46.75,0,0
user_030,user_030_s06,1,2,204.47,78.81,0,0
user_030,user_030_s06,1,3,148.89,92.38,0,0
user_030,user_030_s06,1,4,277.99,82.42,0,0
user_030,user_030_s06,1,5,780.56,91.86,0,0
user_030,user_030_s06,1,6,49.96,62.11,0,1
user_030,user_030_s06,1,7,751.31,123.21,0,0
user_030,user_030_s06,1,8,156.96,94.65,0,0
user_030,user_030_s06,1,9,95.8,101.68,1,0
user_030,user_030_s06,1,10,132.56,84.81,0,0
user_030,user_030_s06,1,11,142.01,72.0,0,0
user_030,user_030_s06,1,12,256.18,72.97,0,0
user_030,user_030_s06,1,13,61.98,144.67,0,0
user_030,user_030_s06,1,14,191.22,62.73,0,1
user_030,user_030_s06,1,15,110.66,81.3,1,0
user_030,user_030_s06,1,16,269.14,36.61,1,0
user_030,user_030_s06,1,17,180.12,109.07,0,0
user_030,user_030_s06,1,18,246.09,121.72,0,0
user_030,user_030_s06,1,19,1005.5,38.44,0,0
user_030,user_030_s06,1,20,43.72,70.95,0,0
user_030,user_030_s06,1,21,129.93,68.7,0,0
user_030,user_030_s06,1,22,307.69,82.54,0,0
user_030,user_030_s06,1,23,217.41,111.25,0,0
user_030,user_030_s06,1,24,330.51,92.96,0,1
user_030,user_030_s06,1,25,293.21,93.79,0,0
user_030,user_030_s06,1,26,1340.98,48.77,0,0
user_030,user_030_s06,1,27,67.62,92.46,0,1
user_030,user_030_s06,1,28,259.59,123.93,0,0
user_030,user_030_s06,1,29,253.88,97.13,0,0
user_030,user_030_s06,1,30,174.07,30.42,0,0
user_030,user_030_s06,1,31,56.25,133.92,0,0
user_030,user_030_s06,1,32,128.67,136.49,0,0
user_030,user_030_s06,1,33,184.38,111.74,1,0
user_030,user_030_s06,1,34,1303.69,123.28,0,0
user_030,user_030_s06,1,35,92.39,108.96,0,1
user_030,user_030_s06,1,36,252.47,114.62,0,0
user_030,user_030_s06,1,37,1318.52,75.68,0,0
user_030,user_030_s06,1,38,235.18,118.81,0,0
user_030,user_030_s06,1,39,688.86,23.08,0,0
user_030,user_030_s07,0,0,179.58,63.01,0,0
user_030,user_030_s07,0,1,202.93,41.43,0,0
user_030,user_030_s07,0,2,161.8,78.02,0,0
user_030,user_030_s07,0,3,185.05,85.87,0,0
user_030,user_030_s07,0,4,90.63,73.11,0,0
user_030,user_030_s07,0,5,109.09,68.99,0,0
user_030,user_030_s07,0,6,80.55,59.86,0,0
user_030,user_030_s07,0,7,123.47,107.48,0,0
user_030,user_030_s07,0,8,79.25,64.49,0,0
user_030,user_030_s07,0,9,71.77,37.58,0,0
user_030,user_030_s07,0,10,40.0,75.06,0,0
user_030,user_030_s07,0,11,138.56,66.11,0,0
user_030,user_030_s07,0,12,170.37,101.68,0,0
user_030,user_030_s07,0,13,165.51,64.91,0,0
user_030,user_030_s07,0,14,152.24,41.24,0,0
user_030,user_030_s07,0,15,154.61,95.03,0,0
user_030,user_030_s07,0,16,104.82,70.45,0,0
user_030,user_030_s07,0,17,48.85,55.08,0,0
user_030,user_030_s07,0,18,71.01,104.91,0,0
user_030,user_030_s07,0,19,104.99,64.59,0,0
user_030,user_030_s07,0,20,40.0,55.32,0,0
user_030,user_030_s07,0,21,143.22,81.94,0,0
user_030,user_030_s07,0,22,136.77,82.07,0,0
user_030,user_030_s07,0,23,141.88,81.31,0,0
user_030,user_030_s07,0,24,158.61,88.84,0,0
user_030,user_030_s07,0,25,40.0,31.67,0,0
user_030,user_030_s07,0,26,83.53,79.85,0,0
user_030,user_030_s07,0,27,67.41,66.57,0,0
user_030,user_030_s07,0,28,93.25,67.53,0,0
user_030,user_030_s07,0,29,87.2,56.24,0,0
user_030,user_030_s07,0,30,40.0,57.73,0,0
user_030,user_030_s07,0,31,148.84,60.83,0,0
user_030,user_030_s07,0,32,177.65,67.55,0,0
user_030,user_030_s07,0,33,86.04,26.46,0,0
user_030,user_030_s07,0,34,90.58,77.81,0,0
user_030,user_030_s07,0,35,155.47,82.39,0,1
user_030,user_030_s07,0,36,115.13,73.4,0,0
user_030,user_030_s07,0,37,143.05,75.54,0,0
user_030,user_030_s07,0,38,1432.84,82.15,0,0
user_030,user_030_s07,0,39,145.25,69.29,0,0
user_030,user_030_s08,0,0,147.8,70.72,0,0
user_030,user_030_s08,0,1,148.85,40.97,0,0
user_030,user_030_s08,0,2,87.25,67.44,0,0
user_030,user_030_s08,0,3,183.89,60.43,0,0
user_030,user_030_s08,0,4,194.36,46.03,0,0
user_030,user_030_s08,0,5,78.93,45.57,0,0
user_030,user_030_s08,0,6,118.81,59.18,0,0
user_030,user_030_s08,0,7,153.52,56.24,1,0
user_030,user_030_s08,0,8,187.64,62.14,0,0
user_030,user_030_s08,0,9,149.96,92.11,0,0
user_030,user_030_s08,0,10,97.15,86.91,0,0
user_030,user_030_s08,0,11,78.29,75.39,0,0
user_030,user_030_s08,0,12,75.85,80.38,0,0
user_030,user_030_s08,0,13,112.12,50.48,0,0
user_030,user_030_s08,0,14,100.88,79.32,0,0
user_030,user_030_s08,0,15,67.01,50.75,0,0
user_030,user_030_s08,0,16,154.99,78.85,0,0
user_030,user_030_s08,0,17,108.18,100.66,0,0
user_030,user_030_s08,0,18,142.84,86.04,0,0
user_030,user_030_s08,0,19,66.36,84.15,0,0
user_030,user_030_s08,0,20,168.07,49.71,0,0
user_030,user_030_s08,0,21,160.16,68.42,0,0
user_030,user_030_s08,0,22,174.49,73.62,0,0
user_030,user_030_s08,0,23,118.31,87.17,0,0
user_030,user_030_s08,0,24,113.18,56.12,0,0
user_030,user_030_s08,0,25,151.17,67.2,0,0
user_030,user_030_s08,0,26,180.59,97.53,0,0
user_030,user_030_s08,0,27,122.53,70.02,0,0
user_030,user_030_s08,0,28,536.93,29.39,0,0
user_030,user_030_s08,0,29,103.53,49.18,0,0
user_030,user_030_s08,0,30,183.14,57.36,0,0
user_030,user_030_s08,0,31,1259.05,51.27,0,0
user_030,user_030_s08,0,32,137.18,73.71,0,0
user_030,user_030_s08,0,33,104.84,89.4,0,0
user_030,user_030_s08,0,34,198.76,92.62,0,0
user_030,user_030_s08,0,35,78.11,93.86,0,0
user_030,user_030_s08,0,36,124.41,58.89,0,0
user_030,user_030_s08,0,37,144.82,65.36,0,0
user_030,user_030_s08,0,38,142.53,67.67,0,0
user_030,user_030_s08,0,39,88.76,120.95,0,0
user_030,user_030_s09,0,0,95.91,79.66,0,0
user_030,user_030_s09,0,1,81.8,48.22,0,0
user_030,user_030_s09,0,2,61.32,60.59,0,0
user_030,user_030_s09,0,3,131.07,40.65,0,0
user_030,user_030_s09,0,4,89.62,45.45,0,0
user_030,user_030_s09,0,5,77.31,88.35,0,0
user_030,user_030_s09,0,6,135.91,73.73,0,0
user_030,user_030_s09,0,7,109.32,57.6,1,0
user_030,user_030_s09,0,8,134.14,49.33,0,0
user_030,user_030_s09,0,9,111.29,42.01,0,0
user_030,user_030_s09,0,10,133.73,44.97,0,0
user_030,user_030_s09,0,11,514.18,55.35,0,0
user_030,user_030_s09,0,12,181.85,20.0,0,0
user_030,user_030_s09,0,13,41.98,82.2,0,0
user_030,user_030_s09,0,14,155.49,71.8,0,0
user_030,user_030_s09,0,15,112.77,73.66,0,0
user_030,user_030_s09,0,16,213.95,77.48,0,0
user_030,user_030_s09,0,17,120.44,65.71,0,0
user_030,user_030_s09,0,18,148.08,70.09,0,0
user_030,user_030_s09,0,19,40.0,65.52,0,0
user_030,user_030_s09,0,20,173.19,91.88,0,0
user_030,user_030_s09,0,21,139.08,50.34,0,0
user_030,user_030_s09,0,22,40.0,80.9,0,0
user_030,user_030_s09,0,23,89.12,47.28,0,0
user_030,user_030_s09,0,24,104.99,45.74,0,0
user_030,user_030_s09,0,25,166.77,40.27,0,0
user_030,user_030_s09,0,26,106.71,32.29,0,0
user_030,user_030_s09,0,27,62.0,70.72,0,0
user_030,user_030_s09,0,28,98.7,48.08,0,0
user_030,user_030_s09,0,29,1080.41,71.98,0,0
user_030,user_030_s09,0,30,114.01,95.06,0,0
user_030,user_030_s09,0,31,147.9,58.18,0,0
user_030,user_030_s09,0,32,40.0,72.72,0,0
user_030,user_030_s09,0,33,784.81,84.45,0,0
user_030,user_030_s09,0,34,117.66,71.38,0,0
user_030,user_030_s09,0,35,133.06,68.48,0,0
user_030,user_030_s09,0,36,157.09,36.65,0,0
user_030,user_030_s09,0,37,174.74,68.4,0,0
user_030,user_030_s09,0,38,169.8,77.05,0,0
user_030,user_030_s09,0,39,84.32,98.18,0,0
user_030,user_030_s10,0,0,121.8,83.98,0,0
user_030,user_030_s10,0,1,156.63,34.38,0,0
user_030,user_030_s10,0,2,145.71,67.94,0,0
user_030,user_030_s10,0,3,144.71,69.73,0,0
user_030,user_030_s10,0,4,150.11,65.5,0,0
user_030,user_030_s10,0,5,102.67,87.95,0,0
user_030,user_030_s10,0,6,62.18,54.93,0,0
user_030,user_030_s10,0,7,90.08,64.6,0,0
user_030,user_030_s10,0,8,843.26,68.17,0,0
user_030,user_030_s10,0,9,57.79,59.36,0,0
user_030,user_030_s10,0,10,120.97,38.61,0,0
user_030,user_030_s10,0,11,127.12,92.95,0,0
user_030,user_030_s10,0,12,152.49,52.47,0,0
user_030,user_030_s10,0,13,64.42,52.81,0,0
user_030,user_030_s10,0,14,40.0,26.76,0,0
user_030,user_030_s10,0,15,95.4,67.28,0,0
user_030,user_030_s10,0,16,145.22,69.34,0,0
user_030,user_030_s10,0,17,181.7,88.37,0,0
user_030,user_030_s10,0,18,91.06,59.67,0,0
user_030,user_030_s10,0,19,83.57,70.75,0,0
user_030,user_030_s10,0,20,131.32,83.91,0,0
user_030,user_030_s10,0,21,212.34,90.62,0,0
user_030,user_030_s10,0,22,140.87,72.86,1,0
user_030,user_030_s10,0,23,144.12,60.11,0,0
user_030,user_030_s10,0,24,206.74,87.48,0,0
user_030,user_030_s10,0,25,161.59,87.93,0,0
user_030,user_030_s10,0,26,127.87,35.77,0,0
user_030,user_030_s10,0,27,71.14,72.45,0,0
user_030,user_030_s10,0,28,123.72,83.52,0,0
user_030,user_030_s10,0,29,152.35,79.0,0,0
user_030,user_030_s10,0,30,74.66,61.53,0,0
user_030,user_030_s10,0,31,161.64,57.85,0,0
user_030,user_030_s10,0,32,115.61,90.55,0,1
user_030,user_030_s10,0,33,111.2,70.61,0,0
user_030,user_030_s10,0,34,79.53,63.06,0,0
user_030,user_030_s10,0,35,135.98,63.81,1,0
user_030,user_030_s10,0,36,150.58,66.27,0,0
user_030,user_030_s10,0,37,73.37,63.64,0,0
user_030,user_030_s10,0,38,143.25,86.58,0,0
user_030,user_030_s10,0,39,159.95,74.0,0,0
user_030,user_030_s11,0,0,79.76,52.54,0,0
user_030,user_030_s11,0,1,40.0,63.22,0,0
user_030,user_030_s11,0,2,136.4,44.24,0,0
user_030,user_030_s11,0,3,116.05,91.95,0,0
user_030,user_030_s11,0,4,120.89,75.33,0,0
user_030,user_030_s11,0,5,133.75,60.27,0,0
user_030,user_030_s11,0,6,91.09,64.83,1,0
user_030,user_030_s11,0,7,54.27,76.03,0,0
user_030,user_030_s11,0,8,92.47,52.25,0,0
user_030,user_030_s11,0,9,131.7,61.45,0,0
user_030,user_030_s11,0,10,40.0,73.97,0,0
user_030,user_030_s11,0,11,120.38,40.34,1,0
user_030,user_030_s11,0,12,58.67,71.23,0,0
user_030,user_030_s11,0,13,137.62,105.49,0,0
user_030,user_030_s11,0,14,55.4,32.43,0,0
user_030,user_030_s11,0,15,146.14,77.53,0,0
user_030,user_030_s11,0,16,50.07,39.89,0,0
user_030,user_030_s11,0,17,69.8,37.11,0,0
user_030,user_030_s11,0,18,141.4,54.49,0,0
user_030,user_030_s11,0,19,103.84,70.74,0,0
user_030,user_030_s11,0,20,40.0,71.39,0,0
user_030,user_030_s11,0,21,142.7,59.33,0,0
user_030,user_030_s11,0,22,40.0,42.56,0,0
user_030,user_030_s11,0,23,103.75,58.88,0,1
user_030,user_030_s11,0,24,202.89,29.44,0,0
user_030,user_030_s11,0,25,115.16,76.21,0,0
user_030,user_030_s11,0,26,96.23,54.48,0,0
user_030,user_030_s11,0,27,108.4,80.87,0,0
user_030,user_030_s11,0,28,63.49,44.24,0,1
user_030,user_030_s11,0,29,119.17,70.84,0,0
user_030,user_030_s11,0,30,207.06,30.21,0,0
user_030,user_030_s11,0,31,92.85,85.13,0,0
user_030,user_030_s11,0,32,75.86,69.13,0,0
user_030,user_030_s11,0,33,132.45,54.99,0,0
user_030,user_030_s11,0,34,144.36,53.68,0,0
user_030,user_030_s11,0,35,815.97,55.82,0,0
user_030,user_030_s11,0,36,97.97,61.33,0,0
user_030,user_030_s11,0,37,136.01,33.3,0,1
user_030,user_030_s11,0,38,47.01,55.54,0,0
user_030,user_030_s11,0,39,90.07,55.9,0,0
user_030,user_030_s12,1,0,135.4,70.32,0,0
user_030,user_030_s12,1,1,183.51,71.33,0,0
user_030,user_030_s12,1,2,1065.63,100.04,0,0
user_030,user_030_s12,1,3,123.59,92.3,0,0
user_030,user_030_s12,1,4,185.56,42.3,0,0
user_030,user_030_s12,1,5,155.06,112.08,0,0
user_030,user_030_s12,1,6,208.21,65.78,0,0
user_030,user_030_s12,1,7,229.28,66.8,0,0
user_030,user_030_s12,1,8,305.36,116.79,0,0
user_030,user_030_s12,1,9,207.61,90.53,0,0
user_030,user_030_s12,1,10,157.99,80.86,0,1
user_030,user_030_s12,1,11,125.39,74.84,0,0
user_030,user_030_s12,1,12,104.14,78.61,0,0
user_030,user_030_s12,1,13,125.26,84.76,0,0
user_030,user_030_s12,1,14,171.05,133.66,0,0
user_030,user_030_s12,1,15,240.35,29.37,0,0
user_030,user_030_s12,1,16,182.11,158.88,0,0
user_030,user_030_s12,1,17,134.51,153.85,0,0
user_030,user_030_s12,1,18,67.89,74.98,0,0
user_030,user_030_s12,1,19,98.04,91.0,0,0
user_030,user_030_s12,1,20,171.04,90.93,0,0
user_030,user_030_s12,1,21,196.01,116.7,1,0
user_030,user_030_s12,1,22,224.21,89.57,0,0
user_030,user_030_s12,1,23,224.13,96.73,1,0
user_030,user_030_s12,1,24,1432.56,120.06,0,0
user_030,user_030_s12,1,25,104.64,29.09,0,0
user_030,user_030_s12,1,26,217.5,80.98,0,0
user_030,user_030_s12,1,27,231.2,92.29,0,0
user_030,user_030_s12,1,28,154.64,76.12,0,0
user_030,user_030_s12,1,29,272.0,36.0,0,0
user_030,user_030_s12,1,30,238.89,86.84,1,0
user_030,user_030_s12,1,31,204.56,69.67,0,0
user_030,user_030_s12,1,32,180.62,73.1,1,0
user_030,user_030_s12,1,33,40.0,85.3,0,1
user_030,user_030_s12,1,34,87.35,36.29,1,0
user_030,user_030_s12,1,35,148.52,77.13,0,0
user_030,user_030_s12,1,36,273.14,65.74,0,0
user_030,user_030_s12,1,37,813.72,48.13,0,1
user_030,user_030_s12,1,38,104.1,100.21,0,0
user_030,user_030_s12,1,39,226.25,48.14,0,0
user_030,user_030_s13,0,0,119.63,86.06,0,0
user_030,user_030_s13,0,1,135.05,70.47,0,0
user_030,user_030_s13,0,2,52.44,82.11,0,0
user_030,user_030_s13,0,3,66.96,69.8,0,0
user_030,user_030_s13,0,4,108.42,59.37,0,0
user_030,user_030_s13,0,5,76.81,75.79,0,0
user_030,user_030_s13,0,6,120.93,57.22,0,0
user_030,user_030_s13,0,7,155.83,82.67,0,0
user_030,user_030_s13,0,8,103.47,40.59,0,0
user_030,user_030_s13,0,9,40.0,57.56,0,0
user_030,user_030_s13,0,10,119.88,49.97,0,0
user_030,user_030_s13,0,11,97.56,103.1,1,0
user_030,user_030_s13,0,12,135.92,50.47,0,0
user_030,user_030_s13,0,13,1439.16,60.99,0,0
user_030,user_030_s13,0,14,70.28,25.64,0,0
user_030,user_030_s13,0,15,80.25,92.15,0,0
user_030,user_030_s13,0,16,125.15,47.7,0,0
user_030,user_030_s13,0,17,150.58,88.44,0,0
user_030,user_030_s13,0,18,202.33,43.6,0,0
user_030,user_030_s13,0,19,93.95,44.83,0,0
user_030,user_030_s13,0,20,74.17,76.62,0,0
user_030,user_030_s13,0,21,77.6,34.74,0,0
user_030,user_030_s13,0,22,93.21,69.55,1,0
user_030,user_030_s13,0,23,101.62,48.56,0,0
user_030,user_030_s13,0,24,119.98,99.99,1,0
user_030,user_030_s13,0,25,113.89,93.77,0,0
user_030,user_030_s13,0,26,56.21,84.32,0,0
user_030,user_030_s13,0,27,45.07,103.05,0,0
user_030,user_030_s13,0,28,107.74,51.09,0,0
user_030,user_030_s13,0,29,78.93,75.77,0,0
user_030,user_030_s13,0,30,86.28,45.38,0,0
user_030,user_030_s13,0,31,151.29,77.43,0,0
user_030,user_030_s13,0,32,141.4,68.03,0,0
user_030,user_030_s13,0,33,96.43,40.3,0,0
user_030,user_030_s13,0,34,157.28,61.0,0,0
user_030,user_030_s13,0,35,160.23,63.72,0,0
user_030,user_030_s13,0,36,172.7,63.17,0,0
user_030,user_030_s13,0,37,181.09,93.57,0,0
user_030,user_030_s13,0,38,103.48,43.19,0,0
user_030,user_030_s13,0,39,161.35,50.05,0,0
user_031,user_031_s00,0,0,118.07,92.61,0,0
user_031,user_031_s00,0,1,831.65,68.16,0,0
user_031,user_031_s00,0,2,198.62,83.11,0,0
user_031,user_031_s00,0,3,164.26,62.87,0,0
user_031,user_031_s00,0,4,189.95,105.76,0,0
user_031,user_031_s00,0,5,176.46,55.79,0,0
user_031,user_031_s00,0,6,163.1,82.14,0,0
user_031,user_031_s00,0,7,144.61,99.12,0,0
user_031,user_031_s00,0,8,212.97,121.37,0,0
user_031,user_031_s00,0,9,85.75,80.98,0,0
user_031,user_031_s00,0,10,163.45,135.16,0,0
user_031,user_031_s00,0,11,224.29,63.6,0,0
user_031,user_031_s00,0,12,159.55,95.35,0,0
user_031,user_031_s00,0,13,191.39,71.66,0,0
user_031,user_031_s00,0,14,153.92,114.71,0,0
user_031,user_031_s00,0,15,106.2,82.89,0,0
user_031,user_031_s00,0,16,197.04,65.54,0,0
user_031,user_031_s00,0,17,223.44,107.35,0,0
user_031,user_031_s00,0,18,127.43,76.45,0,0
user_031,user_031_s00,0,19,179.91,60.6,0,0
user_031,user_031_s00,0,20,167.49,78.61,0,0
user_031,user_031_s00,0,21,136.2,103.1,0,0
user_031,user_031_s00,0,22,208.33,81.78,0,0
user_031,user_031_s00,0,23,142.33,77.29,0,0
user_031,user_031_s00,0,24,104.99,84.47,0,0
user_031,user_031_s00,0,25,136.36,40.23,0,0
user_031,user_031_s00,0,26,146.03,137.18,0,0
user_031,user_031_s00,0,27,932.11,83.49,1,0
user_031,user_031_s00,0,28,127.73,102.26,0,0
user_031,user_031_s00,0,29,99.14,112.04,0,0
user_031,user_031_s00,0,30,138.91,64.68,0,0
user_031,user_031_s00,0,31,161.6,60.91,0,0
user_031,user_031_s00,0,32,110.79,113.81,0,0
user_031,user_031_s00,0,33,102.41,69.39,0,0
user_031,user_031_s00,0,34,105.65,77.25,0,0
user_031,user_031_s00,0,35,146.27,70.44,0,0
user_031,user_031_s00,0,36,128.87,29.22,0,0
user_031,user_031_s00,0,37,76.18,80.25,0,0
user_031,user_031_s00,0,38,93.73,83.05,0,0
user_031,user_031_s00,0,39,148.15,104.12,0,0
user_031,user_031_s01,0,0,161.91,75.08,0,0
user_031,user_031_s01,0,1,146.96,81.68,0,0
user_031,user_031_s01,0,2,96.83,89.15,0,0
user_031,user_031_s01,0,3,193.32,68.5,0,0
user_031,user_031_s01,0,4,65.24,85.78,0,0
user_031,user_031_s01,0,5,99.83,69.16,0,0
user_031,user_031_s01,0,6,170.66,75.13,0,0
user_031,user_031_s01,0,7,273.24,59.14,0,0
user_031,user_031_s01,0,8,59.84,64.1,0,1
user_031,user_031_s01,0,9,135.42,52.66,0,0
user_031,user_031_s01,0,10,40.0,50.16,0,0
user_031,user_031_s01,0,11,134.49,61.75,0,0
user_031,user_031_s01,0,12,111.19,86.85,0,0
user_031,user_031_s01,0,13,143.01,83.42,0,0
user_031,user_031_s01,0,14,206.31,94.41,0,0
user_031,user_031_s01,0,15,181.1,70.6,0,0
user_031,user_031_s01,0,16,125.12,51.21,0,0
user_031,user_031_s01,0,17,173.96,85.52,0,0
user_031,user_031_s01,0,18,145.07,78.68,0,0
user_031,user_031_s01,0,19,1239.16,76.5,0,0
user_031,user_031_s01,0,20,139.21,58.98,1,0
user_031,user_031_s01,0,21,163.6,72.24,0,0
user_031,user_031_s01,0,22,312.87,91.47,0,0
user_031,user_031_s01,0,23,202.73,56.85,0,0
user_031,user_031_s01,0,24,175.3,45.22,0,0
user_031,user_031_s01,0,25,60.07,81.69,0,0
user_031,user_031_s01,0,26,151.27,64.12,0,0
user_031,user_031_s01,0,27,208.5,92.66,0,0
user_031,user_031_s01,0,28,168.06,72.83,0,0
user_031,user_031_s01,0,29,195.92,59.74,0,1
user_031,user_031_s01,0,30,166.59,81.65,0,0
user_031,user_031_s01,0,31,190.48,78.33,0,0
user_031,user_031_s01,0,32,64.21,78.36,0,0
user_031,user_031_s01,0,33,219.14,59.1,0,0
user_031,user_031_s01,0,34,180.75,101.22,0,0
user_031,user_031_s01,0,35,197.79,68.02,0,0
user_031,user_031_s01,0,36,149.74,105.44,0,0
user_031,user_031_s01,0,37,168.29,47.4,0,0
user_031,user_031_s01,0,38,177.38,94.94,0,0
user_031,user_031_s01,0,39,135.63,88.23,0,0
user_031,user_031_s02,0,0,228.92,46.32,0,0
user_031,user_031_s02,0,1,160.78,78.24,0,0
user_031,user_031_s02,0,2,193.03,71.71,0,0
user_031,user_031_s02,0,3,655.11,86.06,0,0
user_031,user_031_s02,0,4,165.53,66.0,0,0
user_031,user_031_s02,0,5,178.95,66.13,0,0
user_031,user_031_s02,0,6,123.64,49.7,0,0
user_031,user_031_s02,0,7,88.42,61.76,0,0
user_031,user_031_s02,0,8,179.07,78.99,0,0
user_031,user_031_s02,0,9,108.73,76.3,0,0
user_031,user_031_s02,0,10,120.18,106.35,0,0
user_031,user_031_s02,0,11,138.91,81.24,0,0
user_031,user_031_s02,0,12,228.43,57.67,0,0
user_031,user_031_s02,0,13,156.09,81.95,1,0
user_031,user_031_s02,0,14,118.6,95.95,0,0
user_031,user_031_s02,0,15,102.45,43.66,0,0
user_031,user_031_s02,0,16,151.03,109.6,0,0
user_031,user_031_s02,0,17,149.28,95.01,0,0
user_031,user_031_s02,0,18,105.44,112.99,0,0
user_031,user_031_s02,0,19,165.36,95.99,0,0
user_031,user_031_s02,0,20,83.54,79.34,1,0
user_031,user_031_s02,0,21,109.61,86.09,0,0
user_031,user_031_s02,0,22,221.91,78.34,0,0
user_031,user_031_s02,0,23,105.36,102.5,0,0
user_031,user_031_s02,0,24,152.96,72.88,0,0
user_031,user_031_s02,0,25,176.82,93.48,1,0
user_031,user_031_s02,0,26,242.86,108.38,0,0
user_031,user_031_s02,0,27,229.2,91.47,0,0
user_031,user_031_s02,0,28,189.05,88.72,0,0
user_031,user_031_s02,0,29,109.54,95.03,0,0
user_031,user_031_s02,0,30,115.03,74.71,0,0
user_031,user_031_s02,0,31,137.07,47.35,0,0
user_031,user_031_s02,0,32,271.23,69.11,1,0
user_031,user_031_s02,0,33,181.93,72.96,0,0
user_031,user_031_s02,0,34,156.48,93.59,0,0
user_031,user_031_s02,0,35,167.7,70.77,0,0
user_031,user_031_s02,0,36,221.76,73.16,0,0
user_031,user_031_s02,0,37,131.03,101.3,0,0
user_031,user_031_s02,0,38,162.42,94.65,0,0
user_031,user_031_s02,0,39,148.48,109.6,0,0
user_031,user_031_s03,0,0,59.23,103.52,0,0
user_031,user_031_s03,0,1,118.65,100.53,0,0
user_031,user_031_s03,0,2,1084.82,56.57,0,0
user_031,user_031_s03,0,3,158.8,93.54,0,0
user_031,user_031_s03,0,4,158.87,81.96,0,0
user_031,user_031_s03,0,5,96.24,118.85,0,0
user_031,user_031_s03,0,6,112.04,65.94,0,0
user_031,user_031_s03,0,7,88.86,96.3,0,0
user_031,user_031_s03,0,8,64.5,60.71,0,0
user_031,user_031_s03,0,9,40.0,123.09,0,0
user_031,user_031_s03,0,10,247.29,93.75,0,0
user_031,user_031_s03,0,11,117.87,73.48,0,0
user_031,user_031_s03,0,12,164.44,109.77,0,0
user_031,user_031_s03,0,13,203.24,115.73,0,0
user_031,user_031_s03,0,14,661.21,90.68,0,0
user_031,user_031_s03,0,15,1368.14,79.51,0,0
user_031,user_031_s03,0,16,167.9,61.7,0,0
user_031,user_031_s03,0,17,245.64,64.55,0,0
user_031,user_031_s03,0,18,153.96,59.39,0,0
user_031,user_031_s03,0,19,1169.3,104.04,0,0
user_031,user_031_s03,0,20,100.81,104.96,0,0
user_031,user_031_s03,0,21,107.72,62.74,0,0
user_031,user_031_s03,0,22,142.15,105.68,0,0
user_031,user_031_s03,0,23,1265.7,77.25,0,0
user_031,user_031_s03,0,24,123.82,72.07,0,0
user_031,user_031_s03,0,25,143.54,91.5,0,0
user_031,user_031_s03,0,26,196.53,81.41,0,0
user_031,user_031_s03,0,27,109.81,49.38,0,0
user_031,user_031_s03,0,28,178.26,76.13,0,0
user_031,user_031_s03,0,29,162.1,57.22,0,0
user_031,user_031_s03,0,30,182.78,50.51,0,0
user_031,user_031_s03,0,31,41.16,71.03,0,0
user_031,user_031_s03,0,32,68.52,81.03,0,0
user_031,user_031_s03,0,33,80.54,57.67,0,0
user_031,user_031_s03,0,34,213.04,83.97,0,0
user_031,user_031_s03,0,35,115.06,84.39,0,0
user_031,user_031_s03,0,36,96.94,95.79,0,0
user_031,user_031_s03,0,37,145.45,79.2,0,0
user_031,user_031_s03,0,38,245.84,96.18,0,0
user_031,user_031_s03,0,39,119.57,97.78,0,0
user_031,user_031_s04,1,0,40.0,20.2,0,0
user_031,user_031_s04,1,1,231.37,125.28,0,0
user_031,user_031_s04,1,2,1145.11,88.82,0,0
user_031,user_031_s04,1,3,124.38,93.69,0,0
user_031,user_031_s04,1,4,139.65,66.19,0,0
user_031,user_031_s04,1,5,168.57,61.07,0,0
user_031,user_031_s04,1,6,193.73,81.69,0,0
user_031,user_031_s04,1,7,337.82,149.84,0,0
user_031,user_031_s04,1,8,146.89,117.18,0,0
user_031,user_031_s04,1,9,176.51,69.74,0,0
user_031,user_031_s04,1,10,242.91,20.0,0,0
user_031,user_031_s04,1,11,1423.04,174.82,0,0
user_031,user_031_s04,1,12,334.54,20.0,0,0
user_031,user_031_s04,1,13,108.08,144.01,0,0
user_031,user_031_s04,1,14,229.18,120.35,0,0
user_031,user_031_s04,1,15,160.87,94.62,0,0
user_031,user_031_s04,1,16,185.87,80.68,0,0
user_031,user_031_s04,1,17,371.06,130.43,0,0
user_031,user_031_s04,1,18,209.73,142.62,0,1
user_031,user_031_s04,1,19,120.44,142.95,0,0
user_031,user_031_s04,1,20,99.14,143.39,0,0
user_031,user_031_s04,1,21,302.72,45.92,0,0
user_031,user_031_s04,1,22,226.94,76.72,0,0
user_031,user_031_s04,1,23,138.33,78.5,1,0
user_031,user_031_s04,1,24,287.68,104.16,0,0
user_031,user_031_s04,1,25,109.06,112.57,1,0
user_031,user_031_s04,1,26,1375.9,141.78,0,0
user_031,user_031_s04,1,27,768.41,101.0,0,0
user_031,user_031_s04,1,28,157.39,131.07,0,0
user_031,user_031_s04,1,29,40.0,88.9,0,0
user_031,user_031_s04,1,30,137.48,178.45,0,0
user_031,user_031_s04,1,31,237.35,78.42,1,0
user_031,user_031_s04,1,32,149.63,77.79,0,0
user_031,user_031_s04,1,33,181.8,111.97,0,0
user_031,user_031_s04,1,34,517.21,145.09,0,0
user_031,user_031_s04,1,35,211.52,73.37,0,1
user_031,user_031_s04,1,36,230.85,91.18,0,0
user_031,user_031_s04,1,37,315.72,88.67,0,0
user_031,user_031_s04,1,38,155.38,63.9,0,0
user_031,user_031_s04,1,39,161.22,81.68,0,0
user_031,user_031_s05,0,0,93.64,72.81,0,0
user_031,user_031_s05,0,1,154.32,48.66,0,0
user_031,user_031_s05,0,2,150.7,99.02,0,0
user_031,user_031_s05,0,3,141.45,102.63,0,0
user_031,user_031_s05,0,4,132.21,94.48,0,0
user_031,user_031_s05,0,5,155.84,44.79,0,0
user_031,user_031_s05,0,6,105.42,80.02,0,0
user_031,user_031_s05,0,7,117.08,91.88,0,0
user_031,user_031_s05,0,8,164.46,106.48,0,0
user_031,user_031_s05,0,9,149.73,123.55,0,0
user_031,user_031_s05,0,10,152.43,83.75,0,0
user_031,user_031_s05,0,11,196.4,86.4,0,0
user_031,user_031_s05,0,12,147.0,92.51,0,0
user_031,user_031_s05,0,13,1370.57,72.74,0,0
user_031,user_031_s05,0,14,181.78,69.42,0,0
user_031,user_031_s05,0,15,233.09,99.82,0,0
user_031,user_031_s05,0,16,130.15,96.05,0,0
user_031,user_031_s05,0,17,172.69,79.83,0,0
user_031,user_031_s05,0,18,139.87,54.67,0,0
user_031,user_031_s05,0,19,108.16,44.17,0,0
user_031,user_031_s05,0,20,150.67,82.19,0,0
user_031,user_031_s05,0,21,179.81,82.82,0,0
user_031,user_031_s05,0,22,113.39,79.01,0,1
user_031,user_031_s05,0,23,203.21,100.09,0,0
user_031,user_031_s05,0,24,133.78,87.52,0,0
user_031,user_031_s05,0,25,131.37,47.14,0,0
user_031,user_031_s05,0,26,186.31,120.33,0,0
user_031,user_031_s05,0,27,623.45,37.28,0,0
user_031,user_031_s05,0,28,118.1,73.43,0,0
user_031,user_031_s05,0,29,91.65,65.12,0,0
user_031,user_031_s05,0,30,230.73,92.48,0,0
user_031,user_031_s05,0,31,159.91,59.86,0,0
user_031,user_031_s05,0,32,238.04,95.7,1,0
user_031,user_031_s05,0,33,129.25,77.78,0,0
user_031,user_031_s05,0,34,167.17,96.81,0,0
user_031,user_031_s05,0,35,95.13,39.46,0,0
user_031,user_031_s05,0,36,105.53,79.86,0,0
user_031,user_031_s05,0,37,132.02,96.4,0,0
user_031,user_031_s05,0,38,1538.34,62.64,0,0
user_031,user_031_s05,0,39,162.56,89.24,0,0
user_031,user_031_s06,0,0,133.58,59.24,0,0
user_031,user_031_s06,0,1,158.94,101.99,0,0
user_031,user_031_s06,0,2,114.01,104.53,0,0
user_031,user_031_s06,0,3,159.66,73.01,0,0
user_031,user_031_s06,0,4,119.24,112.62,0,0
user_031,user_031_s06,0,5,140.47,98.68,0,0
user_031,user_031_s06,0,6,116.72,80.3,0,0
user_031,user_031_s06,0,7,62.63,73.97,0,0
user_031,user_031_s06,0,8,159.94,94.63,0,0
user_031,user_031_s06,0,9,1169.84,68.49,0,0
user_031,user_031_s06,0,10,157.76,106.94,0,0
user_031,user_031_s06,0,11,89.15,69.91,0,0
user_031,user_031_s06,0,12,84.89,125.61,0,0
user_031,user_031_s06,0,13,185.0,85.75,0,0
user_031,user_031_s06,0,14,584.65,55.85,0,0
user_031,user_031_s06,0,15,153.18,104.34,0,0
user_031,user_031_s06,0,16,185.21,73.16,0,0
user_031,user_031_s06,0,17,176.88,45.9,0,0
user_031,user_031_s06,0,18,151.77,115.11,0,0
user_031,user_031_s06,0,19,210.18,130.67,0,0
user_031,user_031_s06,0,20,225.01,90.0,0,0
user_031,user_031_s06,0,21,1415.94,92.19,0,0
user_031,user_031_s06,0,22,181.2,88.85,0,0
user_031,user_031_s06,0,23,151.26,91.72,0,0
user_031,user_031_s06,0,24,148.13,74.68,0,0
user_031,user_031_s06,0,25,180.39,80.2,0,0
user_031,user_031_s06,0,26,120.1,76.76,0,0
user_031,user_031_s06,0,27,143.16,80.38,0,0
user_031,user_031_s06,0,28,118.23,58.13,0,0
user_031,user_031_s06,0,29,142.62,98.13,0,0
user_031,user_031_s06,0,30,108.12,82.26,0,0
user_031,user_031_s06,0,31,135.96,93.49,0,0
user_031,user_031_s06,0,32,127.83,89.52,0,0
user_031,user_031_s06,0,33,195.23,38.57,0,0
user_031,user_031_s06,0,34,199.38,88.69,0,0
user_031,user_031_s06,0,35,172.36,95.57,0,0
user_031,user_031_s06,0,36,77.93,64.67,0,0
user_031,user_031_s06,0,37,173.48,80.39,0,0
user_031,user_031_s06,0,38,186.25,74.09,0,0
user_031,user_031_s06,0,39,130.87,87.67,0,0
user_031,user_031_s07,0,0,212.75,74.82,0,0
user_031,user_031_s07,0,1,187.68,79.31,0,0
user_031,user_031_s07,0,2,195.96,61.99,0,0
user_031,user_031_s07,0,3,192.48,75.33,0,0
user_031,user_031_s07,0,4,155.89,110.53,0,0
user_031,user_031_s07,0,5,96.24,76.78,0,0
user_031,user_031_s07,0,6,148.77,79.37,0,0
user_031,user_031_s07,0,7,174.04,61.93,0,1
user_031,user_031_s07,0,8,138.59,86.56,1,0
user_031,user_031_s07,0,9,156.13,59.69,0,0
user_031,user_031_s07,0,10,169.63,75.48,1,0
user_031,user_031_s07,0,11,188.45,29.12,0,0
user_031,user_031_s07,0,12,187.37,79.56,0,0
user_031,user_031_s07,0,13,127.05,82.05,0,0
user_031,user_031_s07,0,14,83.13,65.29,0,0
user_031,user_031_s07,0,15,214.57,69.23,1,0
user_031,user_031_s07,0,16,158.75,66.52,0,0
user_031,user_031_s07,0,17,130.43,91.48,0,0
user_031,user_031_s07,0,18,58.32,69.11,0,0
user_031,user_031_s07,0,19,176.73,104.49,0,0
user_031,user_031_s07,0,20,166.66,105.42,0,0
user_031,user_031_s07,0,21,131.12,80.12,0,0
user_031,user_031_s07,0,22,161.57,107.5,0,0
user_031,user_031_s07,0,23,208.74,105.79,0,0
user_031,user_031_s07,0,24,85.58,86.47,0,0
user_031,user_031_s07,0,25,195.65,62.77,0,0
user_031,user_031_s07,0,26,100.98,85.86,0,0
user_031,user_031_s07,0,27,89.51,83.26,0,0
user_031,user_031_s07,0,28,131.49,69.14,0,1
user_031,user_031_s07,0,29,206.81,116.15,0,0
user_031,user_031_s07,0,30,108.09,90.96,0,0
user_031,user_031_s07,0,31,137.5,57.17,0,0
user_031,user_031_s07,0,32,75.84,86.65,0,0
user_031,user_031_s07,0,33,167.71,80.15,0,0
user_031,user_031_s07,0,34,104.51,87.28,0,0
user_031,user_031_s07,0,35,122.87,76.1,0,0
user_031,user_031_s07,0,36,185.28,55.98,0,0
user_031,user_031_s07,0,37,112.48,98.71,0,0
user_031,user_031_s07,0,38,163.36,112.28,0,0
user_031,user_031_s07,0,39,158.27,71.52,0,0
user_031,user_031_s08,1,0,220.85,187.67,0,0
user_031,user_031_s08,1,1,69.7,147.08,0,0
user_031,user_031_s08,1,2,1004.94,134.63,0,0
user_031,user_031_s08,1,3,237.62,96.85,0,1
user_031,user_031_s08,1,4,145.05,131.15,0,0
user_031,user_031_s08,1,5,64.47,125.08,0,0
user_031,user_031_s08,1,6,314.5,144.92,0,0
user_031,user_031_s08,1,7,229.77,125.03,0,0
user_031,user_031_s08,1,8,106.15,133.0,0,0
user_031,user_031_s08,1,9,793.31,140.59,0,0
user_031,user_031_s08,1,10,204.6,32.46,0,0
user_031,user_031_s08,1,11,135.0,99.1,0,0
user_031,user_031_s08,1,12,307.02,110.82,0,0
user_031,user_031_s08,1,13,280.65,95.3,0,0
user_031,user_031_s08,1,14,259.48,156.14,0,0
user_031,user_031_s08,1,15,225.15,175.93,0,0
user_031,user_031_s08,1,16,87.48,116.44,0,0
user_031,user_031_s08,1,17,92.64,116.31,0,0
user_031,user_031_s08,1,18,159.71,115.32,0,0
user_031,user_031_s08,1,19,40.0,47.56,0,1
user_031,user_031_s08,1,20,228.76,75.26,1,0
user_031,user_031_s08,1,21,730.25,75.71,0,0
user_031,user_031_s08,1,22,205.25,143.16,0,0
user_031,user_031_s08,1,23,1123.14,94.71,0,0
user_031,user_031_s08,1,24,84.77,107.52,0,0
user_031,user_031_s08,1,25,213.85,103.7,0,0
user_031,user_031_s08,1,26,85.53,99.95,0,0
user_031,user_031_s08,1,27,328.54,194.78,1,0
user_031,user_031_s08,1,28,96.47,114.77,0,0
user_031,user_031_s08,1,29,390.98,167.03,0,0
user_031,user_031_s08,1,30,102.89,82.06,0,0
user_031,user_031_s08,1,31,231.46,65.59,0,0
user_031,user_031_s08,1,32,1222.54,146.36,0,1
user_031,user_031_s08,1,33,287.28,116.7,1,0
user_031,user_031_s08,1,34,92.09,135.73,0,0
user_031,user_031_s08,1,35,80.48,183.12,0,0
user_031,user_031_s08,1,36,153.27,117.9,0,0
user_031,user_031_s08,1,37,1156.2,126.13,0,0
user_031,user_031_s08,1,38,200.77,96.76,0,0
user_031,user_031_s08,1,39,309.08,115.73,1,0
user_031,user_031_s09,0,0,162.06,82.68,0,0
user_031,user_031_s09,0,1,117.66,80.24,0,0
user_031,user_031_s09,0,2,165.63,80.03,0,0
user_031,user_031_s09,0,3,210.54,77.28,1,0
user_031,user_031_s09,0,4,164.51,73.25,0,0
user_031,user_031_s09,0,5,166.94,49.74,0,0
user_031,user_031_s09,0,6,106.65,55.41,0,0
user_031,user_031_s09,0,7,922.2,80.15,0,0
user_031,user_031_s09,0,8,53.07,80.28,0,0
user_031,user_031_s09,0,9,177.73,97.03,0,0
user_031,user_031_s09,0,10,213.84,72.45,0,0
user_031,user_031_s09,0,11,123.21,61.42,0,0
user_031,user_031_s09,0,12,136.66,75.47,0,0
user_031,user_031_s09,0,13,191.63,40.69,0,0
user_031,user_031_s09,0,14,109.78,84.45,0,0
user_031,user_031_s09,0,15,169.18,91.74,0,0
user_031,user_031_s09,0,16,113.08,105.51,0,0
user_031,user_031_s09,0,17,174.01,86.28,0,0
user_031,user_031_s09,0,18,1192.05,60.42,0,1
user_031,user_031_s09,0,19,40.0,68.45,0,0
user_031,user_031_s09,0,20,99.28,77.8,0,0
user_031,user_031_s09,0,21,143.33,68.23,0,0
user_031,user_031_s09,0,22,233.57,59.58,0,0
user_031,user_031_s09,0,23,136.4,70.0,1,0
user_031,user_031_s09,0,24,114.66,99.01,0,0
user_031,user_031_s09,0,25,161.96,88.04,0,0
user_031,user_031_s09,0,26,40.0,96.88,0,0
user_031,user_031_s09,0,27,206.31,66.66,0,0
user_031,user_031_s09,0,28,176.01,106.43,0,0
user_031,user_031_s09,0,29,124.38,87.56,0,0
user_031,user_031_s09,0,30,180.9,88.6,0,0
user_031,user_031_s09,0,31,1301.47,80.14,0,0
user_031,user_031_s09,0,32,141.51,35.61,0,0
user_031,user_031_s09,0,33,172.79,106.55,0,0
user_031,user_031_s09,0,34,143.6,86.79,0,1
user_031,user_031_s09,0,35,155.42,62.41,0,0
user_031,user_031_s09,0,36,173.2,119.3,0,0
user_031,user_031_s09,0,37,130.29,81.51,0,0
user_031,user_031_s09,0,38,141.82,74.31,0,0
user_031,user_031_s09,0,39,93.83,63.19,0,0
user_031,user_031_s10,0,0,169.34,109.6,0,0
user_031,user_031_s10,0,1,196.66,89.94,0,0
user_031,user_031_s10,0,2,1034.67,60.6,0,0
user_031,user_031_s10,0,3,211.73,63.62,0,0
user_031,user_031_s10,0,4,75.18,67.58,0,0
user_031,user_031_s10,0,5,232.91,71.89,0,0
user_031,user_031_s10,0,6,148.77,85.48,0,0
user_031,user_031_s10,0,7,117.78,104.52,0,0
user_031,user_031_s10,0,8,145.04,94.18,0,0
user_031,user_031_s10,0,9,223.01,105.86,0,0
user_031,user_031_s10,0,10,119.79,90.08,0,0
user_031,user_031_s10,0,11,154.75,74.89,0,0
user_031,user_031_s10,0,12,102.57,57.09,0,0
user_031,user_031_s10,0,13,168.7,94.23,0,0
user_031,user_031_s10,0,14,207.86,80.88,0,0
user_031,user_031_s10,0,15,163.42,97.21,0,0
user_031,user_031_s10,0,16,1126.52,71.5,0,0
user_031,user_031_s10,0,17,131.38,112.69,0,0
user_031,user_031_s10,0,18,155.38,112.77,0,0
user_031,user_031_s10,0,19,175.42,66.56,0,0
user_031,user_031_s10,0,20,1493.02,88.67,0,0
user_031,user_031_s10,0,21,102.31,53.71,0,0
user_031,user_031_s10,0,22,127.9,67.51,0,0
user_031,user_031_s10,0,23,216.86,66.53,0,0
user_031,user_031_s10,0,24,173.13,71.5,0,0
user_031,user_031_s10,0,25,157.0,77.6,0,0
user_031,user_031_s10,0,26,186.27,68.3,0,0
user_031,user_031_s10,0,27,42.55,85.44,1,0
user_031,user_031_s10,0,28,181.19,54.44,1,0
user_031,user_031_s10,0,29,266.43,100.89,0,0
user_031,user_031_s10,0,30,153.68,63.05,0,0
user_031,user_031_s10,0,31,163.07,79.73,0,0
user_031,user_031_s10,0,32,135.2,74.79,0,0
user_031,user_031_s10,0,33,106.24,101.55,0,0
user_031,user_031_s10,0,34,127.34,76.57,0,0
user_031,user_031_s10,0,35,191.48,109.46,0,0
user_031,user_031_s10,0,36,176.28,89.2,0,0
user_031,user_031_s10,0,37,110.11,65.39,0,0
user_031,user_031_s10,0,38,121.11,78.69,0,0
user_031,user_031_s10,0,39,122.01,81.8,0,0
user_031,user_031_s11,1,0,337.36,103.59,0,0
user_031,user_031_s11,1,1,286.36,76.64,0,0
user_031,user_031_s11,1,2,110.07,62.78,0,0
user_031,user_031_s11,1,3,707.64,86.35,0,0
user_031,user_031_s11,1,4,117.22,52.13,1,0
user_031,user_031_s11,1,5,319.21,117.02,0,0
user_031,user_031_s11,1,6,226.86,115.02,0,0
user_031,user_031_s11,1,7,1131.39,59.34,0,0
user_031,user_031_s11,1,8,1492.24,134.96,0,0
user_031,user_031_s11,1,9,106.01,57.03,0,0
user_031,user_031_s11,1,10,154.1,85.12,1,0
user_031,user_031_s11,1,11,239.47,112.16,0,0
user_031,user_031_s11,1,12,1053.21,106.49,0,1
user_031,user_031_s11,1,13,197.64,48.95,1,0
user_031,user_031_s11,1,14,216.8,119.92,0,0
user_031,user_031_s11,1,15,40.0,102.5,1,0
user_031,user_031_s11,1,16,1403.84,171.13,0,0
user_031,user_031_s11,1,17,147.09,125.21,0,0
user_031,user_031_s11,1,18,110.7,156.15,0,0
user_031,user_031_s11,1,19,1239.81,70.87,0,0
user_031,user_031_s11,1,20,158.76,48.43,0,0
user_031,user_031_s11,1,21,1248.85,151.02,0,0
user_031,user_031_s11,1,22,233.63,116.48,0,0
user_031,user_031_s11,1,23,265.5,168.78,0,0
user_031,user_031_s11,1,24,142.77,143.92,0,0
user_031,user_031_s11,1,25,169.95,141.93,0,1
user_031,user_031_s11,1,26,366.8,120.29,0,0
user_031,user_031_s11,1,27,96.85,73.91,0,0
user_031,user_031_s11,1,28,248.46,68.46,0,0
user_031,user_031_s11,1,29,278.75,32.57,0,0
user_031,user_031_s11,1,30,231.32,85.68,0,0
user_031,user_031_s11,1,31,268.45,103.81,1,0
user_031,user_031_s11,1,32,775.39,100.63,1,0
user_031,user_031_s11,1,33,232.09,104.76,0,0
user_031,user_031_s11,1,34,209.08,28.96,0,0
user_031,user_031_s11,1,35,65.01,111.17,0,0
user_031,user_031_s11,1,36,170.18,158.21,0,0
user_031,user_031_s11,1,37,603.5,76.06,0,0
user_031,user_031_s11,1,38,245.29,53.49,0,0
user_031,user_031_s11,1,39,209.13,48.56,0,0
user_031,user_031_s12,1,0,242.98,128.1,0,0
user_031,user_031_s12,1,1,177.53,168.87,0,0
user_031,user_031_s12,1,2,125.6,74.97,0,1
user_031,user_031_s12,1,3,104.31,85.17,0,0
user_031,user_031_s12,1,4,52.26,150.5,0,0
user_031,user_031_s12,1,5,302.8,78.6,0,0
user_031,user_031_s12,1,6,248.69,117.55,0,0
user_031,user_031_s12,1,7,412.42,110.91,0,0
user_031,user_031_s12,1,8,206.55,170.47,0,0
user_031,user_031_s12,1,9,221.45,117.36,0,0
user_031,user_031_s12,1,10,246.97,117.23,0,0
user_031,user_031_s12,1,11,1090.4,126.48,0,0
user_031,user_031_s12,1,12,160.05,90.23,0,0
user_031,user_031_s12,1,13,213.14,102.03,0,0
user_031,user_031_s12,1,14,281.27,82.24,0,0
user_031,user_031_s12,1,15,349.92,140.85,0,0
user_031,user_031_s12,1,16,817.8,142.27,0,0
user_031,user_031_s12,1,17,232.98,90.78,0,1
user_031,user_031_s12,1,18,1368.86,110.48,0,0
user_031,user_031_s12,1,19,193.46,124.44,0,0
user_031,user_031_s12,1,20,301.4,72.66,0,0
user_031,user_031_s12,1,21,407.73,137.01,0,0
user_031,user_031_s12,1,22,247.35,83.24,0,0
user_031,user_031_s12,1,23,151.18,62.4,0,0
user_031,user_031_s12,1,24,97.15,121.1,0,0
user_031,user_031_s12,1,25,210.48,139.41,0,0
user_031,user_031_s12,1,26,295.73,149.25,0,1
user_031,user_031_s12,1,27,199.25,134.59,0,0
user_031,user_031_s12,1,28,238.37,96.28,0,0
user_031,user_031_s12,1,29,380.42,181.09,0,0
user_031,user_031_s12,1,30,270.97,121.27,0,0
user_031,user_031_s12,1,31,221.39,88.08,0,0
user_031,user_031_s12,1,32,103.93,151.57,0,0
user_031,user_031_s12,1,33,284.08,128.86,1,0
user_031,user_031_s12,1,34,1104.83,187.26,0,0
user_031,user_031_s12,1,35,285.84,171.02,1,0
user_031,user_031_s12,1,36,111.65,105.85,0,0
user_031,user_031_s12,1,37,214.0,78.22,1,0
user_031,user_031_s12,1,38,265.26,102.43,0,0
user_031,user_031_s12,1,39,93.66,41.57,0,0
user_031,user_031_s13,0,0,187.16,68.4,0,0
user_031,user_031_s13,0,1,1362.28,76.91,0,0
user_031,user_031_s13,0,2,131.4,80.59,0,0
user_031,user_031_s13,0,3,171.63,104.14,0,0
user_031,user_031_s13,0,4,99.87,85.04,0,0
user_031,user_031_s13,0,5,227.01,81.07,0,0
user_031,user_031_s13,0,6,221.16,93.24,0,0
user_031,user_031_s13,0,7,122.91,103.67,0,0
user_031,user_031_s13,0,8,148.57,55.02,0,0
user_031,user_031_s13,0,9,139.12,67.33,0,1
user_031,user_031_s13,0,10,120.0,83.31,0,0
user_031,user_031_s13,0,11,186.25,79.53,0,0
user_031,user_031_s13,0,12,76.7,68.25,0,0
user_031,user_031_s13,0,13,126.88,43.53,1,0
user_031,user_031_s13,0,14,167.41,74.33,0,0
user_031,user_031_s13,0,15,215.54,86.46,0,0
user_031,user_031_s13,0,16,206.5,106.08,0,1
user_031,user_031_s13,0,17,112.21,80.08,0,0
user_031,user_031_s13,0,18,107.66,79.7,0,0
user_031,user_031_s13,0,19,124.47,65.14,0,0
user_031,user_031_s13,0,20,209.56,79.6,0,0
user_031,user_031_s13,0,21,162.29,70.4,0,0
user_031,user_031_s13,0,22,274.71,89.97,0,0
user_031,user_031_s13,0,23,172.72,87.97,0,0
user_031,user_031_s13,0,24,1452.11,105.6,0,0
user_031,user_031_s13,0,25,139.36,84.77,0,0
user_031,user_031_s13,0,26,105.82,89.51,0,0
user_031,user_031_s13,0,27,254.24,54.34,0,0
user_031,user_031_s13,0,28,82.85,85.8,0,0
user_031,user_031_s13,0,29,1232.98,93.19,0,0
user_031,user_031_s13,0,30,149.17,81.69,0,0
user_031,user_031_s13,0,31,1030.18,78.76,1,0
user_031,user_031_s13,0,32,160.25,76.3,0,0
user_031,user_031_s13,0,33,136.74,109.88,0,1
user_031,user_031_s13,0,34,103.68,49.6,0,0
user_031,user_031_s13,0,35,84.39,102.7,0,0
user_031,user_031_s13,0,36,163.91,87.0,0,0
user_031,user_031_s13,0,37,107.57,70.57,0,0
user_031,user_031_s13,0,38,119.6,89.5,0,0
user_031,user_031_s13,0,39,105.66,87.17,0,0
user_032,user_032_s00,0,0,193.1,61.48,0,0
user_032,user_032_s00,0,1,173.15,60.19,0,0
user_032,user_032_s00,0,2,55.91,73.48,0,0
user_032,user_032_s00,0,3,178.34,103.92,0,0
user_032,user_032_s00,0,4,160.5,85.68,0,0
user_032,user_032_s00,0,5,102.88,64.76,0,0
user_032,user_032_s00,0,6,125.08,79.98,0,0
user_032,user_032_s00,0,7,135.74,66.37,0,0
user_032,user_032_s00,0,8,163.97,103.61,0,0
user_032,user_032_s00,0,9,74.47,90.86,0,0
user_032,user_032_s00,0,10,142.1,76.1,1,0
user_032,user_032_s00,0,11,209.78,80.22,0,0
user_032,user_032_s00,0,12,163.86,65.28,1,0
user_032,user_032_s00,0,13,91.08,76.82,0,0
user_032,user_032_s00,0,14,151.96,87.24,0,0
user_032,user_032_s00,0,15,161.58,92.85,0,0
user_032,user_032_s00,0,16,46.28,69.06,0,0
user_032,user_032_s00,0,17,153.54,37.92,0,0
user_032,user_032_s00,0,18,140.42,89.38,0,0
user_032,user_032_s00,0,19,68.76,65.45,0,0
user_032,user_032_s00,0,20,226.26,92.04,0,0
user_032,user_032_s00,0,21,153.77,49.24,0,0
user_032,user_032_s00,0,22,130.41,82.67,0,0
user_032,user_032_s00,0,23,100.81,73.1,0,0
user_032,user_032_s00,0,24,144.74,68.72,0,0
user_032,user_032_s00,0,25,158.66,103.1,0,0
user_032,user_032_s00,0,26,199.82,63.64,0,0
user_032,user_032_s00,0,27,134.47,101.42,0,0
user_032,user_032_s00,0,28,78.66,116.14,0,0
user_032,user_032_s00,0,29,136.15,54.02,0,0
user_032,user_032_s00,0,30,135.77,60.35,0,0
user_032,user_032_s00,0,31,213.93,73.91,0,0
user_032,user_032_s00,0,32,152.83,72.75,0,0
user_032,user_032_s00,0,33,157.04,96.83,0,0
user_032,user_032_s00,0,34,114.89,96.79,0,0
user_032,user_032_s00,0,35,155.69,67.96,0,0
user_032,user_032_s00,0,36,101.73,62.65,0,0
user_032,user_032_s00,0,37,147.13,70.86,0,0
user_032,user_032_s00,0,38,1165.76,80.78,0,0
user_032,user_032_s00,0,39,139.12,56.09,0,0
user_032,user_032_s01,0,0,132.51,76.62,0,0
user_032,user_032_s01,0,1,105.55,60.36,0,0
user_032,user_032_s01,0,2,107.31,75.15,0,0
user_032,user_032_s01,0,3,106.0,59.96,0,0
user_032,user_032_s01,0,4,131.61,72.66,0,0
user_032,user_032_s01,0,5,120.56,65.22,0,0
user_032,user_032_s01,0,6,137.43,69.17,0,0
user_032,user_032_s01,0,7,103.22,68.91,0,0
user_032,user_032_s01,0,8,40.0,63.8,1,0
user_032,user_032_s01,0,9,154.29,86.7,0,0
user_032,user_032_s01,0,10,85.54,76.36,0,0
user_032,user_032_s01,0,11,133.52,68.74,0,0
user_032,user_032_s01,0,12,120.73,55.8,0,0
user_032,user_032_s01,0,13,220.86,109.38,0,0
user_032,user_032_s01,0,14,40.0,93.49,0,0
user_032,user_032_s01,0,15,91.08,47.62,0,0
user_032,user_032_s01,0,16,137.78,76.62,0,0
user_032,user_032_s01,0,17,48.28,88.26,0,0
user_032,user_032_s01,0,18,118.81,74.69,0,0
user_032,user_032_s01,0,19,44.96,65.62,0,0
user_032,user_032_s01,0,20,120.35,54.65,0,0
user_032,user_032_s01,0,21,122.45,74.32,0,0
user_032,user_032_s01,0,22,152.89,49.39,1,0
user_032,user_032_s01,0,23,133.05,58.93,0,0
user_032,user_032_s01,0,24,76.93,56.34,0,0
user_032,user_032_s01,0,25,123.3,75.06,0,0
user_032,user_032_s01,0,26,135.09,90.45,0,0
user_032,user_032_s01,0,27,79.56,57.1,0,0
user_032,user_032_s01,0,28,164.7,58.86,0,0
user_032,user_032_s01,0,29,146.12,89.18,0,0
user_032,user_032_s01,0,30,47.02,56.13,0,0
user_032,user_032_s01,0,31,121.61,20.0,0,0
user_032,user_032_s01,0,32,73.99,99.36,0,0
user_032,user_032_s01,0,33,40.0,84.01,0,0
user_032,user_032_s01,0,34,94.69,80.36,0,0
user_032,user_032_s01,0,35,103.54,72.58,0,0
user_032,user_032_s01,0,36,216.75,64.36,0,0
user_032,user_032_s01,0,37,95.91,32.02,0,0
user_032,user_032_s01,0,38,122.3,61.88,0,0
user_032,user_032_s01,0,39,134.25,61.46,0,1
user_032,user_032_s02,0,0,99.87,56.25,0,1
user_032,user_032_s02,0,1,132.28,63.77,0,0
user_032,user_032_s02,0,2,836.19,66.81,0,0
user_032,user_032_s02,0,3,201.34,88.32,0,0
user_032,user_032_s02,0,4,150.32,49.44,0,0
user_032,user_032_s02,0,5,148.57,49.02,0,0
user_032,user_032_s02,0,6,124.58,62.14,0,0
user_032,user_032_s02,0,7,96.65,69.58,0,0
user_032,user_032_s02,0,8,193.32,64.78,0,0
user_032,user_032_s02,0,9,99.91,97.14,0,0
user_032,user_032_s02,0,10,120.0,79.41,0,0
user_032,user_032_s02,0,11,113.02,88.94,0,0
user_032,user_032_s02,0,12,54.33,72.27,0,0
user_032,user_032_s02,0,13,136.92,65.61,0,0
user_032,user_032_s02,0,14,161.01,20.0,0,0
user_032,user_032_s02,0,15,91.02,64.92,0,0
user_032,user_032_s02,0,16,103.58,58.1,0,0
user_032,user_032_s02,0,17,79.84,58.57,0,0
user_032,user_032_s02,0,18,198.13,81.83,0,0
user_032,user_032_s02,0,19,136.56,39.92,0,0
user_032,user_032_s02,0,20,176.55,83.58,0,0
user_032,user_032_s02,0,21,98.36,75.28,0,0
user_032,user_032_s02,0,22,142.21,67.86,0,0
user_032,user_032_s02,0,23,46.32,78.49,0,0
user_032,user_032_s02,0,24,89.96,31.28,0,0
user_032,user_032_s02,0,25,209.01,70.57,0,0
user_032,user_032_s02,0,26,135.66,36.75,0,0
user_032,user_032_s02,0,27,1393.32,69.99,0,0
user_032,user_032_s02,0,28,40.0,41.8,0,0
user_032,user_032_s02,0,29,125.46,49.06,0,0
user_032,user_032_s02,0,30,98.24,55.25,0,0
user_032,user_032_s02,0,31,963.53,58.3,0,0
user_032,user_032_s02,0,32,51.56,66.86,0,0
user_032,user_032_s02,0,33,157.53,76.2,0,0
user_032,user_032_s02,0,34,96.78,106.79,0,0
user_032,user_032_s02,0,35,70.4,51.09,0,0
user_032,user_032_s02,0,36,125.64,65.6,0,0
user_032,user_032_s02,0,37,199.47,61.65,0,0
user_032,user_032_s02,0,38,149.96,43.96,0,0
user_032,user_032_s02,0,39,131.28,27.63,0,0
user_032,user_032_s03,0,0,127.96,57.54,0,0
user_032,user_032_s03,0,1,139.48,53.66,0,0
user_032,user_032_s03,0,2,110.71,98.12,0,0
user_032,user_032_s03,0,3,146.31,94.09,0,0
user_032,user_032_s03,0,4,140.91,86.23,0,0
user_032,user_032_s03,0,5,86.93,77.0,0,0
user_032,user_032_s03,0,6,206.02,85.69,0,0
user_032,user_032_s03,0,7,191.67,80.5,0,0
user_032,user_032_s03,0,8,154.29,98.68,0,0
user_032,user_032_s03,0,9,174.4,70.64,0,0
user_032,user_032_s03,0,10,137.3,25.18,0,0
user_032,user_032_s03,0,11,107.77,60.97,0,0
user_032,user_032_s03,0,12,174.3,79.75,0,0
user_032,user_032_s03,0,13,136.75,63.99,0,0
user_032,user_032_s03,0,14,156.2,91.42,0,0
user_032,user_032_s03,0,15,193.85,54.75,0,0
user_032,user_032_s03,0,16,54.27,86.17,0,0
user_032,user_032_s03,0,17,145.24,43.41,0,0
user_032,user_032_s03,0,18,83.76,75.96,0,0
user_032,user_032_s03,0,19,117.1,55.23,0,0
user_032,user_032_s03,0,20,89.92,45.7,0,0
user_032,user_032_s03,0,21,177.55,68.83,0,0
user_032,user_032_s03,0,22,145.96,47.9,0,0
user_032,user_032_s03,0,23,127.57,83.82,0,0
user_032,user_032_s03,0,24,54.84,63.37,0,0
user_032,user_032_s03,0,25,100.79,71.57,0,0
user_032,user_032_s03,0,26,103.46,68.91,0,0
user_032,user_032_s03,0,27,138.63,80.09,0,0
user_032,user_032_s03,0,28,105.42,57.31,0,0
user_032,user_032_s03,0,29,110.42,90.14,0,0
user_032,user_032_s03,0,30,40.0,106.87,0,0
user_032,user_032_s03,0,31,166.8,49.85,0,0
user_032,user_032_s03,0,32,71.3,98.72,0,0
user_032,user_032_s03,0,33,1096.33,59.91,0,0
user_032,user_032_s03,0,34,148.31,60.75,0,0
user_032,user_032_s03,0,35,164.18,85.2,0,0
user_032,user_032_s03,0,36,125.34,49.88,0,0
user_032,user_032_s03,0,37,141.03,80.72,0,0
user_032,user_032_s03,0,38,167.64,79.85,0,0
user_032,user_032_s03,0,39,1431.89,68.58,0,0
user_032,user_032_s04,0,0,139.26,59.86,0,0
user_032,user_032_s04,0,1,73.68,27.79,0,1
user_032,user_032_s04,0,2,40.5,85.91,0,0
user_032,user_032_s04,0,3,80.9,45.78,0,0
user_032,user_032_s04,0,4,184.57,51.62,0,0
user_032,user_032_s04,0,5,87.76,70.97,1,0
user_032,user_032_s04,0,6,90.6,72.05,0,0
user_032,user_032_s04,0,7,139.06,59.7,0,0
user_032,user_032_s04,0,8,1335.89,76.12,0,0
user_032,user_032_s04,0,9,71.53,84.67,0,0
user_032,user_032_s04,0,10,1263.91,52.86,0,0
user_032,user_032_s04,0,11,145.29,70.82,0,0
user_032,user_032_s04,0,12,96.83,71.87,0,0
user_032,user_032_s04,0,13,40.0,91.15,0,0
user_032,user_032_s04,0,14,158.82,73.33,0,0
user_032,user_032_s04,0,15,138.66,36.13,0,0
user_032,user_032_s04,0,16,130.97,111.21,0,0
user_032,user_032_s04,0,17,1381.98,71.42,0,0
user_032,user_032_s04,0,18,225.31,74.01,0,0
user_032,user_032_s04,0,19,76.72,67.44,0,0
user_032,user_032_s04,0,20,97.72,74.29,0,0
user_032,user_032_s04,0,21,166.49,77.05,0,0
user_032,user_032_s04,0,22,126.93,83.32,0,0
user_032,user_032_s04,0,23,131.56,66.53,0,0
user_032,user_032_s04,0,24,68.34,26.11,0,0
user_032,user_032_s04,0,25,64.87,61.35,0,0
user_032,user_032_s04,0,26,140.32,65.4,0,0
user_032,user_032_s04,0,27,104.58,56.83,0,0
user_032,user_032_s04,0,28,209.12,49.61,0,0
user_032,user_032_s04,0,29,70.29,60.55,0,0
user_032,user_032_s04,0,30,105.2,84.71,0,0
user_032,user_032_s04,0,31,132.23,74.91,0,0
user_032,user_032_s04,0,32,103.61,44.72,0,0
user_032,user_032_s04,0,33,87.89,37.49,0,0
user_032,user_032_s04,0,34,127.27,37.25,0,0
user_032,user_032_s04,0,35,215.49,73.58,0,0
user_032,user_032_s04,0,36,94.75,41.87,0,0
user_032,user_032_s04,0,37,51.03,67.56,0,0
user_032,user_032_s04,0,38,149.12,80.9,0,0
user_032,user_032_s04,0,39,107.79,76.25,0,0
user_032,user_032_s05,1,0,192.88,66.23,0,0
user_032,user_032_s05,1,1,244.8,100.61,0,0
user_032,user_032_s05,1,2,276.73,33.99,1,0
user_032,user_032_s05,1,3,329.43,159.3,0,0
user_032,user_032_s05,1,4,1067.47,126.86,0,0
user_032,user_032_s05,1,5,237.17,98.43,0,0
user_032,user_032_s05,1,6,147.49,47.98,0,0
user_032,user_032_s05,1,7,137.39,164.65,0,1
user_032,user_032_s05,1,8,204.6,89.03,1,0
user_032,user_032_s05,1,9,266.31,176.66,0,0
user_032,user_032_s05,1,10,1130.44,94.77,0,0
user_032,user_032_s05,1,11,40.0,109.83,0,0
user_032,user_032_s05,1,12,89.55,56.68,0,0
user_032,user_032_s05,1,13,144.08,155.44,0,0
user_032,user_032_s05,1,14,321.63,39.61,0,0
user_032,user_032_s05,1,15,107.51,138.14,0,0
user_032,user_032_s05,1,16,242.19,162.45,0,0
user_032,user_032_s05,1,17,306.29,40.04,0,0
user_032,user_032_s05,1,18,114.8,144.42,0,0
user_032,user_032_s05,1,19,328.98,164.85,0,1
user_032,user_032_s05,1,20,250.2,124.38,0,0
user_032,user_032_s05,1,21,883.96,130.63,0,0
user_032,user_032_s05,1,22,152.63,122.45,1,0
user_032,user_032_s05,1,23,112.53,109.72,0,0
user_032,user_032_s05,1,24,166.17,65.81,0,0
user_032,user_032_s05,1,25,1090.41,104.83,0,0
user_032,user_032_s05,1,26,126.44,94.83,0,0
user_032,user_032_s05,1,27,229.01,182.53,0,0
user_032,user_032_s05,1,28,209.72,104.33,1,0
user_032,user_032_s05,1,29,85.06,105.74,0,0
user_032,user_032_s05,1,30,229.48,114.62,0,0
user_032,user_032_s05,1,31,300.0,125.16,0,0
user_032,user_032_s05,1,32,167.93,75.86,0,0
user_032,user_032_s05,1,33,266.02,145.27,0,0
user_032,user_032_s05,1,34,1478.4,103.78,0,0
user_032,user_032_s05,1,35,1185.36,136.56,0,0
user_032,user_032_s05,1,36,253.06,70.72,0,0
user_032,user_032_s05,1,37,1078.42,101.55,0,0
user_032,user_032_s05,1,38,125.76,166.82,0,0
user_032,user_032_s05,1,39,263.3,187.06,0,0
user_032,user_032_s06,0,0,179.66,67.76,0,0
user_032,user_032_s06,0,1,111.4,58.06,0,0
user_032,user_032_s06,0,2,111.57,73.95,0,0
user_032,user_032_s06,0,3,82.01,79.1,0,0
user_032,user_032_s06,0,4,148.77,81.4,0,0
user_032,user_032_s06,0,5,109.3,81.05,0,0
user_032,user_032_s06,0,6,162.9,106.33,0,1
user_032,user_032_s06,0,7,149.75,45.72,0,0
user_032,user_032_s06,0,8,85.16,65.21,0,0
user_032,user_032_s06,0,9,80.24,67.35,0,0
user_032,user_032_s06,0,10,134.49,44.33,0,1
user_032,user_032_s06,0,11,179.61,47.37,0,0
user_032,user_032_s06,0,12,171.34,62.89,0,0
user_032,user_032_s06,0,13,192.32,60.95,0,0
user_032,user_032_s06,0,14,1289.81,58.23,0,0
user_032,user_032_s06,0,15,164.76,35.08,0,0
user_032,user_032_s06,0,16,175.24,47.26,1,0
user_032,user_032_s06,0,17,214.77,57.19,0,0
user_032,user_032_s06,0,18,142.61,63.02,0,0
user_032,user_032_s06,0,19,107.11,72.64,0,0
user_032,user_032_s06,0,20,176.79,62.61,0,0
user_032,user_032_s06,0,21,64.74,55.23,0,0
user_032,user_032_s06,0,22,991.67,73.74,0,0
user_032,user_032_s06,0,23,703.28,71.94,0,0
user_032,user_032_s06,0,24,170.79,50.48,0,0
user_032,user_032_s06,0,25,82.38,102.78,0,0
user_032,user_032_s06,0,26,135.0,26.02,0,0
user_032,user_032_s06,0,27,174.25,79.27,0,0
user_032,user_032_s06,0,28,148.81,83.7,0,0
user_032,user_032_s06,0,29,126.72,86.05,0,0
user_032,user_032_s06,0,30,134.75,73.17,0,0
user_032,user_032_s06,0,31,264.36,42.51,0,0
user_032,user_032_s06,0,32,80.19,102.6,0,0
user_032,user_032_s06,0,33,67.61,42.62,0,0
user_032,user_032_s06,0,34,82.35,47.84,0,0
user_032,user_032_s06,0,35,221.29,57.48,0,0
user_032,user_032_s06,0,36,157.59,44.3,0,0
user_032,user_032_s06,0,37,99.73,44.45,0,0
user_032,user_032_s06,0,38,225.79,51.12,0,0
user_032,user_032_s06,0,39,73.51,31.93,0,0
user_032,user_032_s07,0,0,101.64,44.46,0,0
user_032,user_032_s07,0,1,129.75,44.81,0,0
user_032,user_032_s07,0,2,120.36,96.91,0,0
user_032,user_032_s07,0,3,156.98,82.15,0,0
user_032,user_032_s07,0,4,149.28,100.42,0,0
user_032,user_032_s07,0,5,51.99,53.28,0,0
user_032,user_032_s07,0,6,192.5,99.88,0,0
user_032,user_032_s07,0,7,71.19,50.29,0,0
user_032,user_032_s07,0,8,77.18,70.34,0,0
user_032,user_032_s07,0,9,202.36,36.14,0,0
user_032,user_032_s07,0,10,119.07,58.41,0,0
user_032,user_032_s07,0,11,1152.74,71.05,0,0
user_032,user_032_s07,0,12,154.76,60.25,0,0
user_032,user_032_s07,0,13,142.68,79.17,0,0
user_032,user_032_s07,0,14,90.17,53.04,0,0
user_032,user_032_s07,0,15,112.88,67.77,0,0
user_032,user_032_s07,0,16,197.75,61.74,0,0
user_032,user_032_s07,0,17,90.61,61.52,0,0
user_032,user_032_s07,0,18,124.89,82.31,0,0
user_032,user_032_s07,0,19,145.1,55.09,0,0
user_032,user_032_s07,0,20,103.82,64.38,0,0
user_032,user_032_s07,0,21,90.34,58.92,0,0
user_032,user_032_s07,0,22,113.52,96.59,0,0
user_032,user_032_s07,0,23,112.56,66.81,0,0
user_032,user_032_s07,0,24,53.71,66.96,0,0
user_032,user_032_s07,0,25,134.06,62.33,0,0
user_032,user_032_s07,0,26,181.66,75.08,0,0
user_032,user_032_s07,0,27,40.0,59.64,0,0
user_032,user_032_s07,0,28,129.84,58.82,0,0
user_032,user_032_s07,0,29,40.0,58.84,0,0
user_032,user_032_s07,0,30,188.32,68.2,0,0
user_032,user_032_s07,0,31,94.79,86.59,0,0
user_032,user_032_s07,0,32,122.0,61.2,0,0
user_032,user_032_s07,0,33,75.77,43.26,0,0
user_032,user_032_s07,0,34,210.89,40.02,0,0
user_032,user_032_s07,0,35,215.75,119.45,0,0
user_032,user_032_s07,0,36,71.24,52.04,0,0
user_032,user_032_s07,0,37,65.99,101.27,0,0
user_032,user_032_s07,0,38,159.42,62.56,0,0
user_032,user_032_s07,0,39,160.48,49.52,0,0
user_032,user_032_s08,1,0,159.83,93.27,0,0
user_032,user_032_s08,1,1,1091.03,97.37,1,0
user_032,user_032_s08,1,2,222.56,130.1,0,0
user_032,user_032_s08,1,3,104.05,114.13,0,0
user_032,user_032_s08,1,4,195.14,79.09,1,0
user_032,user_032_s08,1,5,141.11,79.15,0,0
user_032,user_032_s08,1,6,184.01,144.57,1,0
user_032,user_032_s08,1,7,289.26,104.67,0,0
user_032,user_032_s08,1,8,140.58,124.93,0,0
user_032,user_032_s08,1,9,332.53,44.19,0,0
user_032,user_032_s08,1,10,144.31,38.77,0,0
user_032,user_032_s08,1,11,79.16,75.65,0,0
user_032,user_032_s08,1,12,284.74,119.51,0,0
user_032,user_032_s08,1,13,304.23,138.87,0,0
user_032,user_032_s08,1,14,87.48,64.65,0,0
user_032,user_032_s08,1,15,99.08,105.34,0,0
user_032,user_032_s08,1,16,225.77,101.74,0,0
user_032,user_032_s08,1,17,1068.45,52.03,1,0
user_032,user_032_s08,1,18,97.48,61.87,0,0
user_032,user_032_s08,1,19,1414.1,85.24,0,0
user_032,user_032_s08,1,20,1120.21,48.46,0,1
user_032,user_032_s08,1,21,150.57,168.57,0,0
user_032,user_032_s08,1,22,206.78,55.27,0,0
user_032,user_032_s08,1,23,1101.4,74.3,0,0
user_032,user_032_s08,1,24,233.31,100.25,1,0
user_032,user_032_s08,1,25,740.23,96.33,1,0
user_032,user_032_s08,1,26,308.17,108.15,0,0
user_032,user_032_s08,1,27,202.13,56.79,0,0
user_032,user_032_s08,1,28,127.17,45.97,0,0
user_032,user_032_s08,1,29,152.92,91.85,0,0
user_032,user_032_s08,1,30,212.4,60.11,0,0
user_032,user_032_s08,1,31,179.8,65.72,1,0
user_032,user_032_s08,1,32,180.91,63.43,0,0
user_032,user_032_s08,1,33,154.01,63.38,0,0
user_032,user_032_s08,1,34,1368.42,42.93,0,0
user_032,user_032_s08,1,35,188.07,55.0,0,1
user_032,user_032_s08,1,36,250.96,77.15,0,0
user_032,user_032_s08,1,37,333.27,124.41,0,0
user_032,user_032_s08,1,38,1351.2,152.71,0,0
user_032,user_032_s08,1,39,184.99,117.85,0,0
user_032,user_032_s09,0,0,155.87,67.59,1,0
user_032,user_032_s09,0,1,164.07,76.92,0,0
user_032,user_032_s09,0,2,212.52,73.47,0,0
user_032,user_032_s09,0,3,89.0,45.0,0,0
user_032,user_032_s09,0,4,175.24,78.41,0,0
user_032,user_032_s09,0,5,175.06,78.29,0,0
user_032,user_032_s09,0,6,165.48,65.79,0,0
user_032,user_032_s09,0,7,124.44,53.14,0,0
user_032,user_032_s09,0,8,1018.84,69.67,0,0
user_032,user_032_s09,0,9,104.07,59.42,0,0
user_032,user_032_s09,0,10,66.61,63.63,0,0
user_032,user_032_s09,0,11,49.02,64.85,1,0
user_032,user_032_s09,0,12,151.3,48.68,0,0
user_032,user_032_s09,0,13,79.29,65.17,1,0
user_032,user_032_s09,0,14,40.0,83.85,0,0
user_032,user_032_s09,0,15,122.87,76.77,0,0
user_032,user_032_s09,0,16,154.01,61.01,0,0
user_032,user_032_s09,0,17,145.84,60.09,0,0
user_032,user_032_s09,0,18,72.68,96.3,0,0
user_032,user_032_s09,0,19,90.11,48.78,0,0
user_032,user_032_s09,0,20,135.94,76.19,0,0
user_032,user_032_s09,0,21,158.27,86.56,0,0
user_032,user_032_s09,0,22,137.03,44.62,0,0
user_032,user_032_s09,0,23,156.79,61.48,0,0
user_032,user_032_s09,0,24,109.75,84.59,0,0
user_032,user_032_s09,0,25,135.35,51.35,0,0
user_032,user_032_s09,0,26,127.12,67.21,0,0
user_032,user_032_s09,0,27,67.55,39.25,0,0
user_032,user_032_s09,0,28,40.0,57.23,0,0
user_032,user_032_s09,0,29,78.44,89.78,0,0
user_032,user_032_s09,0,30,83.96,42.04,0,0
user_032,user_032_s09,0,31,177.47,34.97,0,0
user_032,user_032_s09,0,32,111.91,63.83,0,0
user_032,user_032_s09,0,33,79.2,74.14,0,0
user_032,user_032_s09,0,34,108.44,55.67,0,0
user_032,user_032_s09,0,35,126.44,58.95,0,0
user_032,user_032_s09,0,36,97.31,77.92,0,0
user_032,user_032_s09,0,37,90.87,86.67,0,0
user_032,user_032_s09,0,38,99.04,73.89,0,0
user_032,user_032_s09,0,39,126.65,81.64,0,0
user_032,user_032_s10,1,0,695.03,38.95,0,0
user_032,user_032_s10,1,1,253.9,20.0,0,0
user_032,user_032_s10,1,2,133.86,20.0,1,0
user_032,user_032_s10,1,3,574.12,121.88,0,0
user_032,user_032_s10,1,4,290.27,71.36,1,0
user_032,user_032_s10,1,5,95.04,81.9,0,0
user_032,user_032_s10,1,6,60.32,99.63,0,0
user_032,user_032_s10,1,7,246.15,151.38,0,0
user_032,user_032_s10,1,8,183.81,120.22,0,0
user_032,user_032_s10,1,9,127.58,101.37,0,0
user_032,user_032_s10,1,10,40.0,110.11,0,0
user_032,user_032_s10,1,11,131.39,185.0,0,0
user_032,user_032_s10,1,12,1321.5,52.41,0,0
user_032,user_032_s10,1,13,146.59,150.18,0,0
user_032,user_032_s10,1,14,40.0,94.03,1,0
user_032,user_032_s10,1,15,99.87,89.88,0,0
user_032,user_032_s10,1,16,212.35,118.8,0,0
user_032,user_032_s10,1,17,161.91,20.0,0,0
user_032,user_032_s10,1,18,150.17,49.28,0,0
user_032,user_032_s10,1,19,1035.47,109.19,0,0
user_032,user_032_s10,1,20,75.46,111.9,0,0
user_032,user_032_s10,1,21,140.97,116.55,0,0
user_032,user_032_s10,1,22,166.58,122.37,0,0
user_032,user_032_s10,1,23,1293.37,175.5,0,0
user_032,user_032_s10,1,24,188.26,66.67,0,0
user_032,user_032_s10,1,25,187.94,109.11,0,0
user_032,user_032_s10,1,26,63.75,123.8,0,0
user_032,user_032_s10,1,27,294.87,108.44,0,0
user_032,user_032_s10,1,28,84.87,88.65,0,0
user_032,user_032_s10,1,29,77.42,61.2,0,0
user_032,user_032_s10,1,30,947.02,84.58,0,1
user_032,user_032_s10,1,31,40.0,146.34,0,0
user_032,user_032_s10,1,32,1080.73,183.11,0,0
user_032,user_032_s10,1,33,278.71,21.64,1,0
user_032,user_032_s10,1,34,263.11,93.88,0,0
user_032,user_032_s10,1,35,79.99,20.01,0,0
user_032,user_032_s10,1,36,1163.24,63.24,0,0
user_032,user_032_s10,1,37,1280.38,102.83,0,0
user_032,user_032_s10,1,38,65.37,44.36,0,0
user_032,user_032_s10,1,39,143.95,74.69,1,0
user_032,user_032_s11,0,0,118.13,83.55,0,0
user_032,user_032_s11,0,1,120.21,61.9,0,0
user_032,user_032_s11,0,2,182.71,65.15,0,0
user_032,user_032_s11,0,3,94.13,46.3,0,0
user_032,user_032_s11,0,4,135.41,47.47,0,0
user_032,user_032_s11,0,5,109.36,77.95,0,0
user_032,user_032_s11,0,6,156.84,62.65,0,0
user_032,user_032_s11,0,7,185.7,64.4,0,0
user_032,user_032_s11,0,8,104.04,82.53,0,0
user_032,user_032_s11,0,9,83.33,78.45,0,0
user_032,user_032_s11,0,10,93.91,66.29,0,0
user_032,user_032_s11,0,11,169.54,91.99,0,0
user_032,user_032_s11,0,12,139.26,60.83,0,0
user_032,user_032_s11,0,13,124.53,53.08,0,0
user_032,user_032_s11,0,14,119.31,47.6,0,0
user_032,user_032_s11,0,15,95.98,92.19,0,0
user_032,user_032_s11,0,16,166.86,59.05,0,0
user_032,user_032_s11,0,17,135.95,70.74,0,0
user_032,user_032_s11,0,18,208.6,104.38,0,0
user_032,user_032_s11,0,19,126.69,56.13,0,0
user_032,user_032_s11,0,20,139.79,72.56,0,0
user_032,user_032_s11,0,21,107.09,72.45,0,0
user_032,user_032_s11,0,22,98.84,71.35,0,1
user_032,user_032_s11,0,23,124.94,87.09,0,0
user_032,user_032_s11,0,24,182.04,77.4,0,0
user_032,user_032_s11,0,25,106.87,73.89,0,0
user_032,user_032_s11,0,26,106.09,100.85,0,0
user_032,user_032_s11,0,27,63.5,43.71,0,0
user_032,user_032_s11,0,28,240.13,49.03,0,0
user_032,user_032_s11,0,29,101.13,69.31,0,0
user_032,user_032_s11,0,30,899.76,79.95,0,0
user_032,user_032_s11,0,31,136.07,69.74,0,0
user_032,user_032_s11,0,32,139.23,58.57,0,0
user_032,user_032_s11,0,33,763.11,93.37,0,0
user_032,user_032_s11,0,34,136.68,85.16,0,0
user_032,user_032_s11,0,35,48.69,59.63,0,0
user_032,user_032_s11,0,36,93.69,100.17,0,0
user_032,user_032_s11,0,37,176.26,62.96,1,0
user_032,user_032_s11,0,38,170.07,65.59,0,0
user_032,user_032_s11,0,39,147.4,42.82,0,0
user_032,user_032_s12,0,0,40.0,40.17,0,0
user_032,user_032_s12,0,1,148.94,66.89,0,0
user_032,user_032_s12,0,2,655.69,55.09,0,0
user_032,user_032_s12,0,3,97.88,91.97,0,0
user_032,user_032_s12,0,4,88.1,61.6,0,0
user_032,user_032_s12,0,5,129.42,90.04,0,0
user_032,user_032_s12,0,6,120.75,67.73,0,0
user_032,user_032_s12,0,7,107.56,56.69,0,0
user_032,user_032_s12,0,8,186.74,89.68,0,0
user_032,user_032_s12,0,9,127.34,54.35,0,0
user_032,user_032_s12,0,10,59.7,68.39,1,0
user_032,user_032_s12,0,11,96.94,62.11,0,0
user_032,user_032_s12,0,12,135.35,53.74,0,0
user_032,user_032_s12,0,13,156.0,74.01,0,0
user_032,user_032_s12,0,14,80.77,57.58,0,0
user_032,user_032_s12,0,15,80.84,53.31,0,0
user_032,user_032_s12,0,16,147.73,65.14,0,0
user_032,user_032_s12,0,17,129.18,57.35,0,0
user_032,user_032_s12,0,18,142.4,60.93,0,0
user_032,user_032_s12,0,19,94.87,65.74,0,0
user_032,user_032_s12,0,20,163.26,79.01,0,0
user_032,user_032_s12,0,21,160.61,59.9,0,0
user_032,user_032_s12,0,22,154.09,44.78,0,0
user_032,user_032_s12,0,23,104.81,77.42,0,0
user_032,user_032_s12,0,24,103.97,57.28,0,0
user_032,user_032_s12,0,25,117.3,74.44,0,0
user_032,user_032_s12,0,26,45.76,88.14,0,0
user_032,user_032_s12,0,27,107.03,67.23,0,0
user_032,user_032_s12,0,28,164.68,52.26,0,0
user_032,user_032_s12,0,29,87.3,64.07,0,0
user_032,user_032_s12,0,30,206.9,54.09,1,0
user_032,user_032_s12,0,31,67.74,53.3,0,0
user_032,user_032_s12,0,32,81.66,61.12,0,0
user_032,user_032_s12,0,33,93.3,45.83,0,0
user_032,user_032_s12,0,34,150.4,48.51,0,0
user_032,user_032_s12,0,35,108.65,80.18,0,0
user_032,user_032_s12,0,36,68.94,70.47,0,0
user_032,user_032_s12,0,37,148.43,73.44,0,0
user_032,user_032_s12,0,38,136.18,80.84,0,0
user_032,user_032_s12,0,39,89.63,34.75,0,0
user_032,user_032_s13,0,0,124.78,68.78,0,0
user_032,user_032_s13,0,1,76.82,76.91,0,0
user_032,user_032_s13,0,2,125.1,55.83,0,0
user_032,user_032_s13,0,3,73.97,70.79,0,0
user_032,user_032_s13,0,4,65.63,72.82,0,0
user_032,user_032_s13,0,5,90.72,38.64,1,0
user_032,user_032_s13,0,6,112.94,76.3,0,0
user_032,user_032_s13,0,7,115.93,58.99,0,0
user_032,user_032_s13,0,8,119.92,47.46,0,0
user_032,user_032_s13,0,9,207.56,100.1,0,0
user_032,user_032_s13,0,10,120.04,52.57,0,0
user_032,user_032_s13,0,11,42.21,81.51,0,0
user_032,user_032_s13,0,12,109.82,76.42,0,0
user_032,user_032_s13,0,13,113.32,38.52,0,0
user_032,user_032_s13,0,14,40.0,54.68,0,0
user_032,user_032_s13,0,15,123.57,48.46,0,0
user_032,user_032_s13,0,16,98.79,84.1,0,0
user_032,user_032_s13,0,17,119.29,82.03,0,0
user_032,user_032_s13,0,18,133.08,96.35,0,0
user_032,user_032_s13,0,19,116.26,50.58,0,0
user_032,user_032_s13,0,20,117.06,110.05,0,0
user_032,user_032_s13,0,21,98.71,84.64,1,0
user_032,user_032_s13,0,22,147.45,97.59,0,0
user_032,user_032_s13,0,23,103.76,70.77,0,0
user_032,user_032_s13,0,24,150.7,63.17,0,0
user_032,user_032_s13,0,25,72.24,53.03,0,0
user_032,user_032_s13,0,26,102.86,90.78,0,0
user_032,user_032_s13,0,27,143.65,65.96,0,0
user_032,user_032_s13,0,28,71.06,66.17,0,0
user_032,user_032_s13,0,29,96.66,88.49,0,0
user_032,user_032_s13,0,30,146.81,83.0,0,0
user_032,user_032_s13,0,31,87.67,64.72,0,0
user_032,user_032_s13,0,32,176.55,70.97,0,0
user_032,user_032_s13,0,33,122.93,73.61,0,0
user_032,user_032_s13,0,34,108.51,69.74,0,0
user_032,user_032_s13,0,35,148.77,89.69,0,0
user_032,user_032_s13,0,36,125.48,78.01,0,1
user_032,user_032_s13,0,37,123.94,62.99,0,0
user_032,user_032_s13,0,38,113.83,91.82,0,0
user_032,user_032_s13,0,39,1103.12,57.65,0,0
user_033,user_033_s00,0,0,159.46,95.72,0,0
user_033,user_033_s00,0,1,171.53,96.97,1,0
user_033,user_033_s00,0,2,104.39,89.67,0,0
user_033,user_033_s00,0,3,127.2,95.83,0,0
user_033,user_033_s00,0,4,120.26,99.24,0,0
user_033,user_033_s00,0,5,54.86,127.62,0,1
user_033,user_033_s00,0,6,152.17,110.58,0,0
user_033,user_033_s00,0,7,153.71,71.09,0,0
user_033,user_033_s00,0,8,182.91,93.26,0,0
user_033,user_033_s00,0,9,177.31,127.58,0,0
user_033,user_033_s00,0,10,81.93,95.34,0,0
user_033,user_033_s00,0,11,82.93,122.4,0,0
user_033,user_033_s00,0,12,132.81,136.61,0,0
user_033,user_033_s00,0,13,170.74,71.69,0,0
user_033,user_033_s00,0,14,137.53,87.4,0,0
user_033,user_033_s00,0,15,125.49,90.01,0,0
user_033,user_033_s00,0,16,221.38,64.83,0,0
user_033,user_033_s00,0,17,187.45,114.1,0,0
user_033,user_033_s00,0,18,193.5,94.97,0,0
user_033,user_033_s00,0,19,177.07,58.46,0,0
user_033,user_033_s00,0,20,110.59,94.58,0,0
user_033,user_033_s00,0,21,194.66,74.27,0,0
user_033,user_033_s00,0,22,276.49,88.26,0,0
user_033,user_033_s00,0,23,188.98,43.11,0,0
user_033,user_033_s00,0,24,156.55,85.29,0,0
user_033,user_033_s00,0,25,91.0,104.07,0,0
user_033,user_033_s00,0,26,126.62,80.97,0,0
user_033,user_033_s00,0,27,192.97,56.19,0,0
user_033,user_033_s00,0,28,190.77,87.62,0,0
user_033,user_033_s00,0,29,113.98,84.98,0,0
user_033,user_033_s00,0,30,183.22,117.35,0,0
user_033,user_033_s00,0,31,117.05,96.75,0,0
user_033,user_033_s00,0,32,200.74,84.46,0,0
user_033,user_033_s00,0,33,189.01,66.7,0,1
user_033,user_033_s00,0,34,205.98,87.85,0,0
user_033,user_033_s00,0,35,138.76,124.08,0,0
user_033,user_033_s00,0,36,194.4,95.62,0,0
user_033,user_033_s00,0,37,850.71,100.69,0,0
user_033,user_033_s00,0,38,179.37,43.45,0,0
user_033,user_033_s00,0,39,164.18,105.44,0,1
user_033,user_033_s01,0,0,160.95,85.69,0,0
user_033,user_033_s01,0,1,121.53,75.84,0,0
user_033,user_033_s01,0,2,84.47,66.29,0,0
user_033,user_033_s01,0,3,146.02,80.0,0,0
user_033,user_033_s01,0,4,156.98,64.82,0,0
user_033,user_033_s01,0,5,271.64,78.48,0,0
user_033,user_033_s01,0,6,173.5,78.02,0,0
user_033,user_033_s01,0,7,145.64,98.83,0,0
user_033,user_033_s01,0,8,195.68,70.63,0,0
user_033,user_033_s01,0,9,153.6,105.14,0,0
user_033,user_033_s01,0,10,218.63,54.81,0,0
user_033,user_033_s01,0,11,241.9,77.29,0,0
user_033,user_033_s01,0,12,178.79,90.34,0,1
user_033,user_033_s01,0,13,90.03,86.89,0,0
user_033,user_033_s01,0,14,166.82,95.29,0,0
user_033,user_033_s01,0,15,164.03,69.67,0,0
user_033,user_033_s01,0,16,246.21,129.01,0,0
user_033,user_033_s01,0,17,191.83,123.89,0,0
user_033,user_033_s01,0,18,153.53,46.8,0,0
user_033,user_033_s01,0,19,235.31,105.29,0,0
user_033,user_033_s01,0,20,166.02,87.81,0,0
user_033,user_033_s01,0,21,165.58,91.99,0,0
user_033,user_033_s01,0,22,148.54,92.37,0,0
user_033,user_033_s01,0,23,224.43,79.65,0,0
user_033,user_033_s01,0,24,1249.85,92.1,0,0
user_033,user_033_s01,0,25,201.11,122.11,0,0
user_033,user_033_s01,0,26,189.72,127.52,0,0
user_033,user_033_s01,0,27,174.54,92.03,0,0
user_033,user_033_s01,0,28,213.12,64.48,0,0
user_033,user_033_s01,0,29,241.87,89.5,0,0
user_033,user_033_s01,0,30,115.13,88.51,0,0
user_033,user_033_s01,0,31,163.97,120.44,0,0
user_033,user_033_s01,0,32,160.28,72.09,0,0
user_033,user_033_s01,0,33,176.28,59.72,0,0
user_033,user_033_s01,0,34,144.92,81.19,0,0
user_033,user_033_s01,0,35,124.44,106.11,0,0
user_033,user_033_s01,0,36,166.46,76.88,0,0
user_033,user_033_s01,0,37,217.9,89.43,0,0
user_033,user_033_s01,0,38,162.17,107.62,0,0
user_033,user_033_s01,0,39,190.41,65.78,1,0
user_033,user_033_s02,1,0,124.0,112.82,0,0
user_033,user_033_s02,1,1,286.77,157.76,0,0
user_033,user_033_s02,1,2,106.75,110.06,0,0
user_033,user_033_s02,1,3,202.81,170.81,1,0
user_033,user_033_s02,1,4,118.81,129.34,0,0
user_033,user_033_s02,1,5,184.26,162.39,0,0
user_033,user_033_s02,1,6,40.0,183.08,0,0
user_033,user_033_s02,1,7,333.71,85.56,0,0
user_033,user_033_s02,1,8,288.49,163.16,0,0
user_033,user_033_s02,1,9,213.13,172.86,0,0
user_033,user_033_s02,1,10,235.96,163.11,0,0
user_033,user_033_s02,1,11,333.6,110.54,0,1
user_033,user_033_s02,1,12,1224.66,20.0,0,0
user_033,user_033_s02,1,13,346.77,217.18,0,0
user_033,user_033_s02,1,14,148.89,59.38,0,0
user_033,user_033_s02,1,15,214.42,199.34,0,0
user_033,user_033_s02,1,16,1391.72,75.28,0,0
user_033,user_033_s02,1,17,353.2,71.74,0,0
user_033,user_033_s02,1,18,190.27,124.15,0,0
user_033,user_033_s02,1,19,1006.78,118.41,0,1
user_033,user_033_s02,1,20,142.87,206.73,1,0
user_033,user_033_s02,1,21,198.1,95.38,0,0
user_033,user_033_s02,1,22,119.5,157.04,0,0
user_033,user_033_s02,1,23,135.03,141.08,0,0
user_033,user_033_s02,1,24,58.04,86.29,1,0
user_033,user_033_s02,1,25,192.07,143.05,0,0
user_033,user_033_s02,1,26,147.83,118.11,0,0
user_033,user_033_s02,1,27,434.09,167.53,0,0
user_033,user_033_s02,1,28,106.49,112.76,0,0
user_033,user_033_s02,1,29,148.19,179.53,1,0
user_033,user_033_s02,1,30,290.67,135.92,0,0
user_033,user_033_s02,1,31,1150.32,73.87,0,0
user_033,user_033_s02,1,32,993.41,51.46,0,0
user_033,user_033_s02,1,33,859.29,193.12,0,0
user_033,user_033_s02,1,34,277.51,119.08,0,0
user_033,user_033_s02,1,35,217.98,118.8,0,0
user_033,user_033_s02,1,36,204.05,131.16,1,0
user_033,user_033_s02,1,37,307.73,119.75,0,0
user_033,user_033_s02,1,38,332.37,125.85,0,0
user_033,user_033_s02,1,39,219.38,57.21,0,0
user_033,user_033_s03,0,0,166.79,93.75,0,0
user_033,user_033_s03,0,1,160.16,80.61,0,0
user_033,user_033_s03,0,2,200.39,81.0,0,0
user_033,user_033_s03,0,3,126.75,129.18,0,0
user_033,user_033_s03,0,4,197.73,70.28,0,0
user_033,user_033_s03,0,5,154.09,149.72,0,0
user_033,user_033_s03,0,6,166.59,67.87,0,0
user_033,user_033_s03,0,7,142.82,77.5,0,0
user_033,user_033_s03,0,8,71.82,69.61,0,0
user_033,user_033_s03,0,9,855.81,85.56,0,1
user_033,user_033_s03,0,10,162.95,30.74,0,0
user_033,user_033_s03,0,11,165.31,110.67,0,0
user_033,user_033_s03,0,12,255.03,77.62,0,0
user_033,user_033_s03,0,13,174.74,98.49,0,0
user_033,user_033_s03,0,14,134.16,124.27,0,0
user_033,user_033_s03,0,15,97.55,83.17,0,0
user_033,user_033_s03,0,16,153.49,99.83,0,0
user_033,user_033_s03,0,17,187.0,75.95,0,0
user_033,user_033_s03,0,18,101.95,107.88,0,0
user_033,user_033_s03,0,19,217.56,99.04,0,0
user_033,user_033_s03,0,20,149.79,69.75,0,0
user_033,user_033_s03,0,21,160.27,117.53,0,0
user_033,user_033_s03,0,22,759.49,90.73,0,0
user_033,user_033_s03,0,23,102.7,89.62,0,0
user_033,user_033_s03,0,24,143.8,105.3,0,0
user_033,user_033_s03,0,25,186.48,111.53,0,0
user_033,user_033_s03,0,26,163.99,73.81,0,0
user_033,user_033_s03,0,27,144.95,109.71,0,0
user_033,user_033_s03,0,28,152.45,93.44,0,0
user_033,user_033_s03,0,29,192.93,88.23,0,0
user_033,user_033_s03,0,30,231.94,80.88,0,0
user_033,user_033_s03,0,31,159.54,96.83,0,0
user_033,user_033_s03,0,32,127.22,66.88,0,0
user_033,user_033_s03,0,33,280.04,77.48,0,0
user_033,user_033_s03,0,34,214.31,61.97,0,0
user_033,user_033_s03,0,35,162.31,108.01,0,0
user_033,user_033_s03,0,36,140.33,95.77,0,0
user_033,user_033_s03,0,37,246.42,97.05,0,0
user_033,user_033_s03,0,38,129.01,84.26,0,0
user_033,user_033_s03,0,39,168.54,89.16,0,0
user_033,user_033_s04,0,0,156.22,67.13,0,0
user_033,user_033_s04,0,1,207.97,87.38,0,0
user_033,user_033_s04,0,2,155.51,64.0,0,0
user_033,user_033_s04,0,3,207.43,96.91,0,0
user_033,user_033_s04,0,4,40.0,79.89,0,0
user_033,user_033_s04,0,5,162.65,83.44,0,0
user_033,user_033_s04,0,6,1499.15,88.63,0,0
user_033,user_033_s04,0,7,118.74,33.36,1,0
user_033,user_033_s04,0,8,113.16,64.9,0,0
user_033,user_033_s04,0,9,137.42,111.09,0,0
user_033,user_033_s04,0,10,194.45,61.92,0,0
user_033,user_033_s04,0,11,99.82,65.14,0,0
user_033,user_033_s04,0,12,116.08,77.84,0,0
user_033,user_033_s04,0,13,93.74,98.7,0,0
user_033,user_033_s04,0,14,181.19,59.08,0,1
user_033,user_033_s04,0,15,121.51,79.59,0,0
user_033,user_033_s04,0,16,149.07,106.75,0,0
user_033,user_033_s04,0,17,175.35,90.23,0,0
user_033,user_033_s04,0,18,130.83,66.31,0,0
user_033,user_033_s04,0,19,86.52,103.34,0,0
user_033,user_033_s04,0,20,176.64,78.34,0,0
user_033,user_033_s04,0,21,932.3,92.8,0,0
user_033,user_033_s04,0,22,226.85,70.13,0,0
user_033,user_033_s04,0,23,167.71,102.5,0,0
user_033,user_033_s04,0,24,156.9,78.4,0,0
user_033,user_033_s04,0,25,166.22,88.51,0,0
user_033,user_033_s04,0,26,145.22,51.02,0,0
user_033,user_033_s04,0,27,152.04,111.8,0,0
user_033,user_033_s04,0,28,126.16,108.32,0,0
user_033,user_033_s04,0,29,165.66,62.82,0,0
user_033,user_033_s04,0,30,166.51,112.47,0,0
user_033,user_033_s04,0,31,146.0,59.93,0,0
user_033,user_033_s04,0,32,110.48,61.31,0,0
user_033,user_033_s04,0,33,85.72,80.62,0,0
user_033,user_033_s04,0,34,129.13,87.81,0,0
user_033,user_033_s04,0,35,124.36,100.68,0,0
user_033,user_033_s04,0,36,135.43,82.8,0,0
user_033,user_033_s04,0,37,132.46,65.02,0,0
user_033,user_033_s04,0,38,231.91,104.03,0,0
user_033,user_033_s04,0,39,602.33,81.25,0,0
user_033,user_033_s05,0,0,73.59,84.01,0,0
user_033,user_033_s05,0,1,160.31,115.21,0,0
user_033,user_033_s05,0,2,162.27,62.54,0,0
user_033,user_033_s05,0,3,150.3,103.88,0,0
user_033,user_033_s05,0,4,806.3,71.88,0,0
user_033,user_033_s05,0,5,163.37,77.73,0,0
user_033,user_033_s05,0,6,219.63,84.73,0,0
user_033,user_033_s05,0,7,199.1,88.43,0,0
user_033,user_033_s05,0,8,136.47,91.63,0,0
user_033,user_033_s05,0,9,136.13,94.52,0,0
user_033,user_033_s05,0,10,119.24,83.24,0,0
user_033,user_033_s05,0,11,215.12,49.02,0,0
user_033,user_033_s05,0,12,141.56,79.15,0,0
user_033,user_033_s05,0,13,112.58,107.69,0,0
user_033,user_033_s05,0,14,1099.03,102.69,0,0
user_033,user_033_s05,0,15,181.01,103.25,0,0
user_033,user_033_s05,0,16,155.26,87.86,0,0
user_033,user_033_s05,0,17,173.15,101.18,0,0
user_033,user_033_s05,0,18,160.12,83.77,0,0
user_033,user_033_s05,0,19,191.03,85.55,0,0
user_033,user_033_s05,0,20,180.21,81.6,0,0
user_033,user_033_s05,0,21,138.52,109.88,0,0
user_033,user_033_s05,0,22,197.4,45.04,0,0
user_033,user_033_s05,0,23,128.73,94.41,0,0
user_033,user_033_s05,0,24,118.69,94.4,0,1
user_033,user_033_s05,0,25,175.45,95.9,0,0
user_033,user_033_s05,0,26,185.02,90.65,0,0
user_033,user_033_s05,0,27,207.01,114.74,0,0
user_033,user_033_s05,0,28,252.44,92.89,0,0
user_033,user_033_s05,0,29,84.07,88.26,0,0
user_033,user_033_s05,0,30,141.07,104.05,0,0
user_033,user_033_s05,0,31,173.58,63.08,0,0
user_033,user_033_s05,0,32,245.15,78.84,0,0
user_033,user_033_s05,0,33,149.8,111.45,0,0
user_033,user_033_s05,0,34,92.88,97.24,0,0
user_033,user_033_s05,0,35,117.87,66.58,0,0
user_033,user_033_s05,0,36,158.66,140.11,0,0
user_033,user_033_s05,0,37,185.73,89.17,0,0
user_033,user_033_s05,0,38,268.51,78.19,0,0
user_033,user_033_s05,0,39,137.9,66.01,0,0
user_033,user_033_s06,1,0,110.23,121.23,0,0
user_033,user_033_s06,1,1,1608.88,101.31,0,0
user_033,user_033_s06,1,2,257.38,119.3,0,0
user_033,user_033_s06,1,3,116.22,236.13,0,0
user_033,user_033_s06,1,4,70.17,71.77,0,0
user_033,user_033_s06,1,5,189.47,146.31,0,1
user_033,user_033_s06,1,6,166.97,169.95,0,0
user_033,user_033_s06,1,7,276.87,164.51,0,0
user_033,user_033_s06,1,8,132.77,73.41,0,0
user_033,user_033_s06,1,9,243.74,119.46,0,0
user_033,user_033_s06,1,10,252.37,55.45,0,0
user_033,user_033_s06,1,11,291.65,147.71,0,0
user_033,user_033_s06,1,12,201.26,95.94,0,0
user_033,user_033_s06,1,13,138.62,128.78,0,1
user_033,user_033_s06,1,14,178.57,171.86,0,0
user_033,user_033_s06,1,15,189.83,125.06,0,0
user_033,user_033_s06,1,16,415.14,124.34,0,0
user_033,user_033_s06,1,17,154.56,106.05,0,0
user_033,user_033_s06,1,18,405.14,167.3,0,0
user_033,user_033_s06,1,19,214.33,92.51,0,0
user_033,user_033_s06,1,20,1048.28,133.14,0,1
user_033,user_033_s06,1,21,139.91,139.43,0,1
user_033,user_033_s06,1,22,97.41,146.97,1,0
user_033,user_033_s06,1,23,976.7,128.8,0,0
user_033,user_033_s06,1,24,201.83,74.6,0,0
user_033,user_033_s06,1,25,209.99,115.94,0,0
user_033,user_033_s06,1,26,437.38,47.23,0,0
user_033,user_033_s06,1,27,351.71,105.84,0,0
user_033,user_033_s06,1,28,705.11,142.9,0,0
user_033,user_033_s06,1,29,166.37,157.47,0,1
user_033,user_033_s06,1,30,62.29,90.03,0,1
user_033,user_033_s06,1,31,235.61,201.33,0,0
user_033,user_033_s06,1,32,310.92,52.68,0,0
user_033,user_033_s06,1,33,343.74,135.86,0,0
user_033,user_033_s06,1,34,150.49,139.95,0,0
user_033,user_033_s06,1,35,67.99,140.68,0,0
user_033,user_033_s06,1,36,209.18,133.34,0,0
user_033,user_033_s06,1,37,258.11,120.38,0,0
user_033,user_033_s06,1,38,1137.67,187.11,0,0
user_033,user_033_s06,1,39,257.18,74.07,0,0
user_033,user_033_s07,0,0,236.32,100.33,0,0
user_033,user_033_s07,0,1,176.45,44.7,0,0
user_033,user_033_s07,0,2,94.4,105.9,0,0
user_033,user_033_s07,0,3,190.07,109.79,0,0
user_033,user_033_s07,0,4,150.47,98.02,0,0
user_033,user_033_s07,0,5,71.71,91.6,0,0
user_033,user_033_s07,0,6,149.31,108.68,0,0
user_033,user_033_s07,0,7,189.42,92.57,0,0
user_033,user_033_s07,0,8,199.67,57.8,0,0
user_033,user_033_s07,0,9,194.66,76.87,0,0
user_033,user_033_s07,0,10,163.29,118.6,0,0
user_033,user_033_s07,0,11,147.26,85.98,0,0
user_033,user_033_s07,0,12,122.79,94.55,0,0
user_033,user_033_s07,0,13,202.6,59.77,0,0
user_033,user_033_s07,0,14,196.28,100.2,0,0
user_033,user_033_s07,0,15,137.2,101.33,0,0
user_033,user_033_s07,0,16,231.59,132.09,0,0
user_033,user_033_s07,0,17,205.68,105.04,0,0
user_033,user_033_s07,0,18,206.27,107.98,0,0
user_033,user_033_s07,0,19,163.22,57.04,1,0
user_033,user_033_s07,0,20,256.07,80.09,0,0
user_033,user_033_s07,0,21,127.2,129.0,0,0
user_033,user_033_s07,0,22,66.9,106.84,0,0
user_033,user_033_s07,0,23,922.87,99.14,0,0
user_033,user_033_s07,0,24,208.33,123.75,0,0
user_033,user_033_s07,0,25,203.24,74.97,0,0
user_033,user_033_s07,0,26,221.12,97.37,0,0
user_033,user_033_s07,0,27,217.26,99.32,0,0
user_033,user_033_s07,0,28,219.65,87.95,0,0
user_033,user_033_s07,0,29,182.46,64.39,0,0
user_033,user_033_s07,0,30,182.5,117.71,1,0
user_033,user_033_s07,0,31,171.25,92.1,0,0
user_033,user_033_s07,0,32,213.98,98.51,0,0
user_033,user_033_s07,0,33,133.05,77.81,0,0
user_033,user_033_s07,0,34,158.47,77.14,0,0
user_033,user_033_s07,0,35,116.46,84.26,0,0
user_033,user_033_s07,0,36,194.35,86.15,0,0
user_033,user_033_s07,0,37,239.68,110.8,0,0
user_033,user_033_s07,0,38,127.4,97.37,0,0
user_033,user_033_s07,0,39,89.56,72.23,0,0
user_033,user_033_s08,0,0,142.13,52.68,0,1
user_033,user_033_s08,0,1,246.16,79.56,0,0
user_033,user_033_s08,0,2,186.45,106.39,0,0
user_033,user_033_s08,0,3,221.49,100.16,0,0
user_033,user_033_s08,0,4,219.33,116.71,0,0
user_033,user_033_s08,0,5,146.47,121.01,0,0
user_033,user_033_s08,0,6,239.6,81.17,0,0
user_033,user_033_s08,0,7,157.45,84.0,0,0
user_033,user_033_s08,0,8,189.96,68.7,0,0
user_033,user_033_s08,0,9,215.32,106.81,0,0
user_033,user_033_s08,0,10,203.44,87.49,0,0
user_033,user_033_s08,0,11,151.37,118.82,0,0
user_033,user_033_s08,0,12,118.69,116.45,0,0
user_033,user_033_s08,0,13,139.53,106.48,0,0
user_033,user_033_s08,0,14,210.32,89.44,0,0
user_033,user_033_s08,0,15,201.79,117.47,0,0
user_033,user_033_s08,0,16,168.24,97.45,0,0
user_033,user_033_s08,0,17,166.7,101.88,0,0
user_033,user_033_s08,0,18,163.1,62.12,0,0
user_033,user_033_s08,0,19,127.41,104.42,0,0
user_033,user_033_s08,0,20,219.13,98.28,0,0
user_033,user_033_s08,0,21,126.72,95.38,0,0
user_033,user_033_s08,0,22,182.93,86.76,0,0
user_033,user_033_s08,0,23,235.44,69.25,0,0
user_033,user_033_s08,0,24,175.61,96.39,0,0
user_033,user_033_s08,0,25,249.62,57.86,0,0
user_033,user_033_s08,0,26,128.44,93.22,0,0
user_033,user_033_s08,0,27,116.57,87.11,0,0
user_033,user_033_s08,0,28,72.04,121.43,0,0
user_033,user_033_s08,0,29,211.78,131.67,0,0
user_033,user_033_s08,0,30,87.16,69.62,0,0
user_033,user_033_s08,0,31,249.92,111.79,0,0
user_033,user_033_s08,0,32,256.5,85.25,1,0
user_033,user_033_s08,0,33,189.45,88.74,0,0
user_033,user_033_s08,0,34,140.28,88.41,0,0
user_033,user_033_s08,0,35,92.41,121.18,0,0
user_033,user_033_s08,0,36,195.49,95.32,0,0
user_033,user_033_s08,0,37,176.5,105.14,0,0
user_033,user_033_s08,0,38,187.92,66.87,0,0
user_033,user_033_s08,0,39,201.75,76.48,0,0
user_033,user_033_s09,1,0,431.05,125.95,0,0
user_033,user_033_s09,1,1,88.87,153.48,1,0
user_033,user_033_s09,1,2,294.96,180.72,0,0
user_033,user_033_s09,1,3,326.0,200.75,0,0
user_033,user_033_s09,1,4,1432.89,150.79,0,0
user_033,user_033_s09,1,5,1426.35,130.56,0,0
user_033,user_033_s09,1,6,249.25,130.15,0,0
user_033,user_033_s09,1,7,202.17,60.49,0,1
user_033,user_033_s09,1,8,1362.96,90.16,0,0
user_033,user_033_s09,1,9,1219.26,148.79,1,0
user_033,user_033_s09,1,10,897.23,218.61,1,0
user_033,user_033_s09,1,11,120.28,113.59,0,0
user_033,user_033_s09,1,12,40.0,124.95,0,1
user_033,user_033_s09,1,13,240.66,146.05,0,0
user_033,user_033_s09,1,14,231.69,184.01,1,0
user_033,user_033_s09,1,15,221.1,104.96,0,0
user_033,user_033_s09,1,16,290.37,117.65,0,0
user_033,user_033_s09,1,17,303.43,133.17,0,0
user_033,user_033_s09,1,18,183.55,137.45,0,0
user_033,user_033_s09,1,19,245.26,139.41,0,0
user_033,user_033_s09,1,20,230.5,145.59,0,0
user_033,user_033_s09,1,21,240.38,152.24,0,0
user_033,user_033_s09,1,22,363.17,144.29,0,0
user_033,user_033_s09,1,23,274.07,133.28,0,0
user_033,user_033_s09,1,24,325.43,87.98,0,0
user_033,user_033_s09,1,25,223.15,90.52,0,0
user_033,user_033_s09,1,26,146.46,108.9,0,0
user_033,user_033_s09,1,27,328.38,170.81,1,0
user_033,user_033_s09,1,28,300.29,180.32,0,0
user_033,user_033_s09,1,29,200.99,89.39,0,1
user_033,user_033_s09,1,30,1189.17,164.78,0,1
user_033,user_033_s09,1,31,285.16,81.83,0,0
user_033,user_033_s09,1,32,269.92,153.99,0,0
user_033,user_033_s09,1,33,229.7,119.1,0,0
user_033,user_033_s09,1,34,149.99,63.3,0,0
user_033,user_033_s09,1,35,397.43,100.48,0,0
user_033,user_033_s09,1,36,1374.12,114.36,0,0
user_033,user_033_s09,1,37,334.78,148.38,0,0
user_033,user_033_s09,1,38,40.0,132.37,0,0
user_033,user_033_s09,1,39,138.41,129.87,0,0
user_033,user_033_s10,0,0,235.88,116.5,0,0
user_033,user_033_s10,0,1,1297.17,120.86,0,0
user_033,user_033_s10,0,2,170.72,100.92,0,0
user_033,user_033_s10,0,3,80.74,117.37,0,0
user_033,user_033_s10,0,4,198.12,120.89,0,0
user_033,user_033_s10,0,5,173.91,107.5,0,0
user_033,user_033_s10,0,6,244.43,92.02,0,0
user_033,user_033_s10,0,7,128.48,103.84,0,0
user_033,user_033_s10,0,8,197.92,84.78,0,0
user_033,user_033_s10,0,9,178.19,85.77,0,0
user_033,user_033_s10,0,10,175.22,68.92,1,0
user_033,user_033_s10,0,11,212.43,113.1,0,0
user_033,user_033_s10,0,12,198.77,116.41,0,0
user_033,user_033_s10,0,13,216.29,62.54,0,0
user_033,user_033_s10,0,14,201.25,88.37,0,0
user_033,user_033_s10,0,15,193.38,85.94,0,0
user_033,user_033_s10,0,16,142.44,106.44,0,0
user_033,user_033_s10,0,17,162.33,96.86,0,0
user_033,user_033_s10,0,18,1417.23,108.87,0,0
user_033,user_033_s10,0,19,162.79,97.51,0,0
user_033,user_033_s10,0,20,196.84,101.93,0,0
user_033,user_033_s10,0,21,111.09,97.86,0,0
user_033,user_033_s10,0,22,212.71,118.45,0,0
user_033,user_033_s10,0,23,164.44,79.03,0,0
user_033,user_033_s10,0,24,170.0,83.28,0,0
user_033,user_033_s10,0,25,175.58,81.13,0,0
user_033,user_033_s10,0,26,184.48,105.12,0,0
user_033,user_033_s10,0,27,64.7,67.22,0,0
user_033,user_033_s10,0,28,171.87,61.69,0,0
user_033,user_033_s10,0,29,144.53,109.55,0,0
user_033,user_033_s10,0,30,164.47,71.78,0,0
user_033,user_033_s10,0,31,211.34,80.61,0,0
user_033,user_033_s10,0,32,153.72,72.1,0,0
user_033,user_033_s10,0,33,141.14,83.9,0,0
user_033,user_033_s10,0,34,190.72,150.57,0,0
user_033,user_033_s10,0,35,122.51,90.87,0,0
user_033,user_033_s10,0,36,231.0,96.61,0,0
user_033,user_033_s10,0,37,265.28,78.45,0,0
user_033,user_033_s10,0,38,113.26,94.88,0,0
user_033,user_033_s10,0,39,204.96,114.85,0,0
user_033,user_033_s11,0,0,243.35,91.73,0,0
user_033,user_033_s11,0,1,275.51,68.07,0,0
user_033,user_033_s11,0,2,158.5,93.32,0,0
user_033,user_033_s11,0,3,180.01,94.65,0,0
user_033,user_033_s11,0,4,104.22,91.18,0,0
user_033,user_033_s11,0,5,130.56,103.02,0,0
user_033,user_033_s11,0,6,91.05,105.2,0,0
user_033,user_033_s11,0,7,151.39,113.87,0,0
user_033,user_033_s11,0,8,241.92,92.12,0,0
user_033,user_033_s11,0,9,125.76,121.74,0,0
user_033,user_033_s11,0,10,136.33,67.39,0,1
user_033,user_033_s11,0,11,186.9,107.94,0,0
user_033,user_033_s11,0,12,93.31,91.64,0,0
user_033,user_033_s11,0,13,180.36,88.88,0,0
user_033,user_033_s11,0,14,471.62,82.7,0,0
user_033,user_033_s11,0,15,153.18,100.86,0,0
user_033,user_033_s11,0,16,93.84,124.78,0,0
user_033,user_033_s11,0,17,131.78,114.98,0,0
user_033,user_033_s11,0,18,159.84,107.39,0,0
user_033,user_033_s11,0,19,160.15,88.35,0,0
user_033,user_033_s11,0,20,156.34,120.81,0,0
user_033,user_033_s11,0,21,267.97,98.59,0,0
user_033,user_033_s11,0,22,198.47,71.71,0,0
user_033,user_033_s11,0,23,88.64,75.98,0,1
user_033,user_033_s11,0,24,101.83,120.46,0,0
user_033,user_033_s11,0,25,226.64,111.47,0,0
user_033,user_033_s11,0,26,165.61,113.99,0,0
user_033,user_033_s11,0,27,223.32,93.74,0,0
user_033,user_033_s11,0,28,212.67,75.24,0,0
user_033,user_033_s11,0,29,152.72,58.53,0,0
user_033,user_033_s11,0,30,172.72,75.57,0,0
user_033,user_033_s11,0,31,138.61,63.95,0,0
user_033,user_033_s11,0,32,208.99,133.36,0,0
user_033,user_033_s11,0,33,171.49,80.62,0,0
user_033,user_033_s11,0,34,221.42,80.63,0,0
user_033,user_033_s11,0,35,134.48,80.5,0,0
user_033,user_033_s11,0,36,153.08,58.88,0,0
user_033,user_033_s11,0,37,140.44,57.45,0,0
user_033,user_033_s11,0,38,234.27,120.37,0,0
user_033,user_033_s11,0,39,163.6,123.52,0,0
user_033,user_033_s12,0,0,102.15,73.44,0,0
user_033,user_033_s12,0,1,111.88,77.71,0,0
user_033,user_033_s12,0,2,171.79,94.69,0,0
user_033,user_033_s12,0,3,40.0,64.02,0,0
user_033,user_033_s12,0,4,263.71,80.37,0,0
user_033,user_033_s12,0,5,188.16,51.03,0,0
user_033,user_033_s12,0,6,165.36,64.08,0,0
user_033,user_033_s12,0,7,192.4,85.84,0,0
user_033,user_033_s12,0,8,200.65,99.22,0,0
user_033,user_033_s12,0,9,614.89,95.24,0,0
user_033,user_033_s12,0,10,208.17,93.21,0,0
user_033,user_033_s12,0,11,224.0,83.17,0,0
user_033,user_033_s12,0,12,250.25,115.25,0,0
user_033,user_033_s12,0,13,132.44,84.94,1,0
user_033,user_033_s12,0,14,113.63,66.89,0,0
user_033,user_033_s12,0,15,113.53,118.9,0,0
user_033,user_033_s12,0,16,180.21,77.38,0,0
user_033,user_033_s12,0,17,86.79,88.39,0,0
user_033,user_033_s12,0,18,106.56,111.49,0,0
user_033,user_033_s12,0,19,194.78,81.66,0,1
user_033,user_033_s12,0,20,148.44,114.03,0,0
user_033,user_033_s12,0,21,164.04,95.9,0,0
user_033,user_033_s12,0,22,243.72,103.03,0,0
user_033,user_033_s12,0,23,1197.49,98.03,0,0
user_033,user_033_s12,0,24,181.46,89.08,0,0
user_033,user_033_s12,0,25,122.45,122.28,0,0
user_033,user_033_s12,0,26,161.57,107.63,0,0
user_033,user_033_s12,0,27,130.28,61.82,0,0
user_033,user_033_s12,0,28,157.82,85.41,0,0
user_033,user_033_s12,0,29,127.59,108.07,0,0
user_033,user_033_s12,0,30,173.45,50.4,0,0
user_033,user_033_s12,0,31,155.22,78.64,0,0
user_033,user_033_s12,0,32,127.06,113.32,0,0
user_033,user_033_s12,0,33,111.86,99.59,0,0
user_033,user_033_s12,0,34,243.33,84.15,0,0
user_033,user_033_s12,0,35,136.45,106.86,0,0
user_033,user_033_s12,0,36,217.2,133.6,0,0
user_033,user_033_s12,0,37,163.33,76.73,0,0
user_033,user_033_s12,0,38,173.22,71.42,0,0
user_033,user_033_s12,0,39,173.89,125.38,0,1
user_033,user_033_s13,1,0,220.98,135.86,0,0
user_033,user_033_s13,1,1,174.19,101.08,0,0
user_033,user_033_s13,1,2,242.5,84.57,0,0
user_033,user_033_s13,1,3,139.02,176.28,0,0
user_033,user_033_s13,1,4,252.77,167.35,0,0
user_033,user_033_s13,1,5,224.2,115.0,0,0
user_033,user_033_s13,1,6,61.24,121.87,0,1
user_033,user_033_s13,1,7,239.49,101.94,0,0
user_033,user_033_s13,1,8,907.07,114.7,0,0
user_033,user_033_s13,1,9,218.13,123.32,1,0
user_033,user_033_s13,1,10,238.52,145.55,0,0
user_033,user_033_s13,1,11,172.97,73.76,0,0
user_033,user_033_s13,1,12,399.25,135.03,0,1
user_033,user_033_s13,1,13,389.78,168.57,1,0
user_033,user_033_s13,1,14,352.42,112.69,0,0
user_033,user_033_s13,1,15,379.16,93.68,0,0
user_033,user_033_s13,1,16,1284.61,155.06,0,0
user_033,user_033_s13,1,17,132.33,90.56,0,0
user_033,user_033_s13,1,18,1422.86,84.14,0,0
user_033,user_033_s13,1,19,1208.74,68.84,0,0
user_033,user_033_s13,1,20,164.63,137.42,0,0
user_033,user_033_s13,1,21,259.31,85.52,0,0
user_033,user_033_s13,1,22,868.33,72.92,1,0
user_033,user_033_s13,1,23,244.71,126.75,0,0
user_033,user_033_s13,1,24,164.8,90.96,0,0
user_033,user_033_s13,1,25,291.7,140.24,0,0
user_033,user_033_s13,1,26,161.36,137.63,0,0
user_033,user_033_s13,1,27,138.49,124.86,0,0
user_033,user_033_s13,1,28,156.47,99.63,0,0
user_033,user_033_s13,1,29,249.97,146.28,1,0
user_033,user_033_s13,1,30,822.67,80.71,0,0
user_033,user_033_s13,1,31,289.78,156.19,1,0
user_033,user_033_s13,1,32,222.99,115.62,0,0
user_033,user_033_s13,1,33,270.33,119.71,0,0
user_033,user_033_s13,1,34,156.14,133.39,0,0
user_033,user_033_s13,1,35,213.31,160.51,1,0
user_033,user_033_s13,1,36,223.2,131.55,0,1
user_033,user_033_s13,1,37,166.02,109.29,0,0
user_033,user_033_s13,1,38,188.87,139.84,0,0
user_033,user_033_s13,1,39,254.65,155.98,1,0
user_034,user_034_s00,1,0,303.29,91.51,0,0
user_034,user_034_s00,1,1,41.26,111.82,0,1
user_034,user_034_s00,1,2,1156.18,139.16,1,0
user_034,user_034_s00,1,3,352.42,77.19,0,0
user_034,user_034_s00,1,4,85.8,85.79,0,0
user_034,user_034_s00,1,5,270.52,124.01,1,0
user_034,user_034_s00,1,6,134.85,27.14,0,0
user_034,user_034_s00,1,7,40.0,112.27,1,0
user_034,user_034_s00,1,8,134.26,98.18,0,0
user_034,user_034_s00,1,9,141.31,144.28,0,0
user_034,user_034_s00,1,10,1368.65,78.77,0,0
user_034,user_034_s00,1,11,217.71,98.48,0,0
user_034,user_034_s00,1,12,223.68,116.35,1,0
user_034,user_034_s00,1,13,167.45,86.42,0,0
user_034,user_034_s00,1,14,170.63,73.64,0,0
user_034,user_034_s00,1,15,290.57,88.46,0,0
user_034,user_034_s00,1,16,62.15,23.23,1,0
user_034,user_034_s00,1,17,350.09,73.29,0,0
user_034,user_034_s00,1,18,144.74,144.4,1,0
user_034,user_034_s00,1,19,1466.26,49.13,1,0
user_034,user_034_s00,1,20,836.12,69.27,0,1
user_034,user_034_s00,1,21,83.45,104.83,0,0
user_034,user_034_s00,1,22,328.63,148.65,0,0
user_034,user_034_s00,1,23,122.33,60.94,0,0
user_034,user_034_s00,1,24,273.15,87.95,0,0
user_034,user_034_s00,1,25,260.9,177.54,0,0
user_034,user_034_s00,1,26,187.35,124.48,0,0
user_034,user_034_s00,1,27,340.4,147.06,0,0
user_034,user_034_s00,1,28,226.55,70.02,0,0
user_034,user_034_s00,1,29,40.0,88.66,1,0
user_034,user_034_s00,1,30,143.65,162.55,0,1
user_034,user_034_s00,1,31,525.21,132.99,0,0
user_034,user_034_s00,1,32,220.61,143.5,0,0
user_034,user_034_s00,1,33,1472.85,148.34,0,0
user_034,user_034_s00,1,34,1116.79,155.35,0,0
user_034,user_034_s00,1,35,377.51,100.34,0,0
user_034,user_034_s00,1,36,110.06,69.19,0,1
user_034,user_034_s00,1,37,217.45,86.58,0,0
user_034,user_034_s00,1,38,215.22,98.98,0,0
user_034,user_034_s00,1,39,52.84,20.0,0,0
user_034,user_034_s01,1,0,91.62,52.98,0,0
user_034,user_034_s01,1,1,194.16,96.67,0,0
user_034,user_034_s01,1,2,332.89,153.05,0,0
user_034,user_034_s01,1,3,1043.9,95.49,0,0
user_034,user_034_s01,1,4,116.78,116.93,0,0
user_034,user_034_s01,1,5,299.05,132.25,0,0
user_034,user_034_s01,1,6,220.91,161.9,0,0
user_034,user_034_s01,1,7,198.66,20.0,0,0
user_034,user_034_s01,1,8,248.97,143.8,0,0
user_034,user_034_s01,1,9,216.11,96.99,0,0
user_034,user_034_s01,1,10,1220.11,130.76,1,0
user_034,user_034_s01,1,11,99.65,46.08,0,1
user_034,user_034_s01,1,12,360.67,86.34,0,0
user_034,user_034_s01,1,13,243.45,154.46,0,0
user_034,user_034_s01,1,14,340.48,154.5,0,0
user_034,user_034_s01,1,15,180.3,106.07,0,0
user_034,user_034_s01,1,16,311.71,173.25,1,0
user_034,user_034_s01,1,17,132.16,112.75,0,0
user_034,user_034_s01,1,18,62.03,124.49,0,0
user_034,user_034_s01,1,19,243.64,83.44,0,0
user_034,user_034_s01,1,20,284.94,96.58,0,0
user_034,user_034_s01,1,21,295.14,127.54,0,1
user_034,user_034_s01,1,22,1428.42,30.53,0,0
user_034,user_034_s01,1,23,141.67,116.4,0,0
user_034,user_034_s01,1,24,236.19,128.5,0,1
user_034,user_034_s01,1,25,234.82,113.05,0,0
user_034,user_034_s01,1,26,1237.07,163.94,0,0
user_034,user_034_s01,1,27,161.88,95.84,0,0
user_034,user_034_s01,1,28,101.88,104.49,0,0
user_034,user_034_s01,1,29,220.12,98.66,0,0
user_034,user_034_s01,1,30,223.2,102.21,0,0
user_034,user_034_s01,1,31,71.88,107.18,0,0
user_034,user_034_s01,1,32,374.39,93.07,0,0
user_034,user_034_s01,1,33,74.91,152.74,0,0
user_034,user_034_s01,1,34,142.17,162.35,0,1
user_034,user_034_s01,1,35,223.99,153.5,1,0
user_034,user_034_s01,1,36,235.8,138.17,0,0
user_034,user_034_s01,1,37,128.94,78.35,0,0
user_034,user_034_s01,1,38,1267.63,110.13,0,0
user_034,user_034_s01,1,39,192.42,186.81,0,0
user_034,user_034_s02,0,0,180.71,107.23,0,0
user_034,user_034_s02,0,1,97.55,121.09,0,0
user_034,user_034_s02,0,2,93.31,97.78,0,0
user_034,user_034_s02,0,3,118.48,62.4,0,0
user_034,user_034_s02,0,4,141.74,83.9,0,0
user_034,user_034_s02,0,5,168.55,76.7,0,0
user_034,user_034_s02,0,6,134.83,87.38,0,0
user_034,user_034_s02,0,7,158.01,95.12,0,0
user_034,user_034_s02,0,8,80.91,79.28,0,0
user_034,user_034_s02,0,9,226.07,79.85,0,0
user_034,user_034_s02,0,10,83.2,91.24,0,0
user_034,user_034_s02,0,11,176.3,54.58,0,0
user_034,user_034_s02,0,12,103.09,80.49,0,0
user_034,user_034_s02,0,13,181.39,93.98,0,0
user_034,user_034_s02,0,14,245.3,91.77,0,0
user_034,user_034_s02,0,15,204.43,71.1,0,0
user_034,user_034_s02,0,16,110.45,76.6,0,0
user_034,user_034_s02,0,17,172.28,54.48,0,0
user_034,user_034_s02,0,18,139.47,70.53,0,0
user_034,user_034_s02,0,19,86.77,46.42,0,0
user_034,user_034_s02,0,20,214.08,82.31,0,0
user_034,user_034_s02,0,21,287.84,97.72,0,0
user_034,user_034_s02,0,22,230.7,71.5,0,0
user_034,user_034_s02,0,23,92.29,37.69,1,0
user_034,user_034_s02,0,24,273.8,106.63,1,0
user_034,user_034_s02,0,25,125.26,92.27,0,0
user_034,user_034_s02,0,26,136.74,68.37,0,0
user_034,user_034_s02,0,27,118.35,67.38,0,0
user_034,user_034_s02,0,28,168.16,107.41,0,0
user_034,user_034_s02,0,29,46.29,97.25,0,0
user_034,user_034_s02,0,30,105.68,103.17,0,0
user_034,user_034_s02,0,31,223.9,54.25,0,0
user_034,user_034_s02,0,32,302.25,99.63,1,0
user_034,user_034_s02,0,33,40.0,64.45,0,0
user_034,user_034_s02,0,34,217.54,56.4,0,0
user_034,user_034_s02,0,35,92.8,86.96,0,0
user_034,user_034_s02,0,36,1163.94,98.29,0,0
user_034,user_034_s02,0,37,89.62,88.39,0,0
user_034,user_034_s02,0,38,214.59,89.4,0,0
user_034,user_034_s02,0,39,190.97,61.91,0,0
user_034,user_034_s03,0,0,197.73,88.77,0,0
user_034,user_034_s03,0,1,93.41,63.81,0,0
user_034,user_034_s03,0,2,73.17,102.42,0,0
user_034,user_034_s03,0,3,88.39,121.92,0,0
user_034,user_034_s03,0,4,146.13,41.77,0,0
user_034,user_034_s03,0,5,101.82,66.8,0,0
user_034,user_034_s03,0,6,245.15,102.27,0,0
user_034,user_034_s03,0,7,204.3,102.41,0,0
user_034,user_034_s03,0,8,149.53,76.27,0,0
user_034,user_034_s03,0,9,92.05,99.96,0,0
user_034,user_034_s03,0,10,196.22,89.97,0,0
user_034,user_034_s03,0,11,160.68,101.22,0,0
user_034,user_034_s03,0,12,104.9,102.74,0,0
user_034,user_034_s03,0,13,156.74,76.82,0,0
user_034,user_034_s03,0,14,155.33,97.99,0,0
user_034,user_034_s03,0,15,101.73,77.09,0,0
user_034,user_034_s03,0,16,66.69,98.84,0,0
user_034,user_034_s03,0,17,210.08,63.18,0,1
user_034,user_034_s03,0,18,183.68,89.4,0,0
user_034,user_034_s03,0,19,136.28,88.91,0,0
user_034,user_034_s03,0,20,172.92,100.48,0,0
user_034,user_034_s03,0,21,193.1,77.09,0,0
user_034,user_034_s03,0,22,121.21,58.81,0,0
user_034,user_034_s03,0,23,126.06,77.88,0,0
user_034,user_034_s03,0,24,240.32,47.61,0,0
user_034,user_034_s03,0,25,575.03,70.29,0,0
user_034,user_034_s03,0,26,247.81,44.89,0,0
user_034,user_034_s03,0,27,329.04,81.26,0,1
user_034,user_034_s03,0,28,159.14,103.75,0,0
user_034,user_034_s03,0,29,49.84,100.35,0,0
user_034,user_034_s03,0,30,139.11,42.16,0,0
user_034,user_034_s03,0,31,148.81,85.08,0,0
user_034,user_034_s03,0,32,140.08,134.88,0,0
user_034,user_034_s03,0,33,216.48,67.24,0,0
user_034,user_034_s03,0,34,117.94,89.92,0,0
user_034,user_034_s03,0,35,169.5,106.31,0,0
user_034,user_034_s03,0,36,166.61,46.62,0,0
user_034,user_034_s03,0,37,168.43,87.71,0,0
user_034,user_034_s03,0,38,92.81,100.65,0,0
user_034,user_034_s03,0,39,712.49,72.29,0,0
user_034,user_034_s04,0,0,238.51,87.29,0,0
user_034,user_034_s04,0,1,189.2,36.63,0,0
user_034,user_034_s04,0,2,203.12,35.89,0,0
user_034,user_034_s04,0,3,100.44,61.75,0,0
user_034,user_034_s04,0,4,64.12,35.73,0,0
user_034,user_034_s04,0,5,228.59,88.53,0,0
user_034,user_034_s04,0,6,118.77,58.0,0,0
user_034,user_034_s04,0,7,98.77,78.31,0,0
user_034,user_034_s04,0,8,57.56,86.23,0,0
user_034,user_034_s04,0,9,48.27,76.22,0,0
user_034,user_034_s04,0,10,823.53,94.26,0,0
user_034,user_034_s04,0,11,196.7,69.18,0,0
user_034,user_034_s04,0,12,162.37,78.16,0,0
user_034,user_034_s04,0,13,137.73,68.3,0,0
user_034,user_034_s04,0,14,220.88,100.15,0,0
user_034,user_034_s04,0,15,228.62,50.02,0,0
user_034,user_034_s04,0,16,93.96,87.77,0,0
user_034,user_034_s04,0,17,156.24,113.36,0,0
user_034,user_034_s04,0,18,152.66,89.94,0,1
user_034,user_034_s04,0,19,128.36,66.3,0,0
user_034,user_034_s04,0,20,171.4,86.87,0,0
user_034,user_034_s04,0,21,227.79,65.04,0,0
user_034,user_034_s04,0,22,40.0,103.48,0,0
user_034,user_034_s04,0,23,158.53,89.54,0,0
user_034,user_034_s04,0,24,153.83,83.12,0,0
user_034,user_034_s04,0,25,132.12,110.59,0,0
user_034,user_034_s04,0,26,187.96,81.06,0,0
user_034,user_034_s04,0,27,130.89,47.29,0,0
user_034,user_034_s04,0,28,105.47,80.84,0,0
user_034,user_034_s04,0,29,189.52,73.34,0,0
user_034,user_034_s04,0,30,75.8,78.86,0,0
user_034,user_034_s04,0,31,107.04,90.42,0,0
user_034,user_034_s04,0,32,99.11,94.88,0,0
user_034,user_034_s04,0,33,239.19,55.55,0,0
user_034,user_034_s04,0,34,153.74,79.88,0,0
user_034,user_034_s04,0,35,69.35,75.11,0,0
user_034,user_034_s04,0,36,159.6,84.15,0,0
user_034,user_034_s04,0,37,83.49,88.67,0,0
user_034,user_034_s04,0,38,161.29,77.97,0,0
user_034,user_034_s04,0,39,71.79,52.6,0,0
user_034,user_034_s05,0,0,163.03,51.03,0,0
user_034,user_034_s05,0,1,85.53,67.71,0,0
user_034,user_034_s05,0,2,77.57,114.99,0,0
user_034,user_034_s05,0,3,117.11,104.5,0,0
user_034,user_034_s05,0,4,192.63,95.94,0,0
user_034,user_034_s05,0,5,127.18,31.27,0,0
user_034,user_034_s05,0,6,61.16,77.08,0,0
user_034,user_034_s05,0,7,93.33,73.77,0,0
user_034,user_034_s05,0,8,153.18,63.83,0,0
user_034,user_034_s05,0,9,209.1,80.42,0,0
user_034,user_034_s05,0,10,177.46,59.31,0,0
user_034,user_034_s05,0,11,95.81,67.33,0,0
user_034,user_034_s05,0,12,140.92,60.07,0,0
user_034,user_034_s05,0,13,198.59,65.12,0,0
user_034,user_034_s05,0,14,139.83,20.0,0,0
user_034,user_034_s05,0,15,53.93,80.83,0,0
user_034,user_034_s05,0,16,104.88,92.99,1,0
user_034,user_034_s05,0,17,40.0,61.46,0,0
user_034,user_034_s05,0,18,159.61,103.85,0,0
user_034,user_034_s05,0,19,215.24,60.0,0,0
user_034,user_034_s05,0,20,224.29,52.24,0,0
user_034,user_034_s05,0,21,139.33,102.33,0,0
user_034,user_034_s05,0,22,94.07,67.52,0,0
user_034,user_034_s05,0,23,131.02,84.31,0,0
user_034,user_034_s05,0,24,151.02,46.9,0,1
user_034,user_034_s05,0,25,211.54,75.66,0,0
user_034,user_034_s05,0,26,163.17,72.05,0,0
user_034,user_034_s05,0,27,50.59,70.78,0,0
user_034,user_034_s05,0,28,187.42,71.19,0,0
user_034,user_034_s05,0,29,40.0,83.24,0,0
user_034,user_034_s05,0,30,153.76,81.71,0,0
user_034,user_034_s05,0,31,235.78,90.53,0,0
user_034,user_034_s05,0,32,53.48,35.38,0,0
user_034,user_034_s05,0,33,136.46,112.2,0,0
user_034,user_034_s05,0,34,139.58,74.3,0,0
user_034,user_034_s05,0,35,143.49,67.66,0,0
user_034,user_034_s05,0,36,188.6,86.71,0,0
user_034,user_034_s05,0,37,105.99,75.12,0,0
user_034,user_034_s05,0,38,180.5,81.7,0,0
user_034,user_034_s05,0,39,128.59,70.86,0,0
user_034,user_034_s06,0,0,181.39,69.1,0,0
user_034,user_034_s06,0,1,206.42,84.41,0,0
user_034,user_034_s06,0,2,154.51,55.88,0,0
user_034,user_034_s06,0,3,131.38,90.28,0,0
user_034,user_034_s06,0,4,139.73,73.93,0,0
user_034,user_034_s06,0,5,61.97,77.57,0,0
user_034,user_034_s06,0,6,138.28,91.05,0,0
user_034,user_034_s06,0,7,871.42,77.73,0,0
user_034,user_034_s06,0,8,343.54,51.37,0,0
user_034,user_034_s06,0,9,211.97,111.91,0,0
user_034,user_034_s06,0,10,132.03,89.51,0,0
user_034,user_034_s06,0,11,85.98,52.92,0,0
user_034,user_034_s06,0,12,159.9,72.78,0,0
user_034,user_034_s06,0,13,137.98,81.28,0,0
user_034,user_034_s06,0,14,161.26,51.17,0,0
user_034,user_034_s06,0,15,83.83,94.72,0,0
user_034,user_034_s06,0,16,49.38,52.84,0,0
user_034,user_034_s06,0,17,162.52,115.01,0,0
user_034,user_034_s06,0,18,114.21,98.17,0,0
user_034,user_034_s06,0,19,140.17,62.54,0,0
user_034,user_034_s06,0,20,81.42,54.04,0,0
user_034,user_034_s06,0,21,1218.91,80.67,0,0
user_034,user_034_s06,0,22,70.3,46.72,0,0
user_034,user_034_s06,0,23,187.49,73.73,0,0
user_034,user_034_s06,0,24,137.55,77.09,0,0
user_034,user_034_s06,0,25,128.01,85.83,0,0
user_034,user_034_s06,0,26,150.29,99.18,0,0
user_034,user_034_s06,0,27,129.19,96.21,0,0
user_034,user_034_s06,0,28,123.93,98.82,0,0
user_034,user_034_s06,0,29,139.21,85.87,0,0
user_034,user_034_s06,0,30,113.54,81.07,0,0
user_034,user_034_s06,0,31,158.01,62.99,0,0
user_034,user_034_s06,0,32,212.21,34.08,0,0
user_034,user_034_s06,0,33,1633.01,80.69,0,0
user_034,user_034_s06,0,34,196.45,50.75,0,0
user_034,user_034_s06,0,35,178.47,80.12,0,0
user_034,user_034_s06,0,36,40.0,27.81,0,0
user_034,user_034_s06,0,37,132.8,50.78,0,0
user_034,user_034_s06,0,38,103.81,60.82,0,0
user_034,user_034_s06,0,39,56.85,147.34,0,0
user_034,user_034_s07,1,0,181.03,120.03,0,0
user_034,user_034_s07,1,1,149.05,20.97,0,0
user_034,user_034_s07,1,2,280.71,56.37,1,0
user_034,user_034_s07,1,3,265.57,103.9,0,0
user_034,user_034_s07,1,4,710.91,98.21,0,0
user_034,user_034_s07,1,5,1109.1,115.55,0,0
user_034,user_034_s07,1,6,121.23,107.35,0,0
user_034,user_034_s07,1,7,123.15,112.58,1,0
user_034,user_034_s07,1,8,182.69,73.83,0,0
user_034,user_034_s07,1,9,354.73,149.67,0,0
user_034,user_034_s07,1,10,40.0,55.01,1,0
user_034,user_034_s07,1,11,123.71,87.39,0,0
user_034,user_034_s07,1,12,114.92,98.13,0,0
user_034,user_034_s07,1,13,225.17,122.09,0,0
user_034,user_034_s07,1,14,62.84,59.95,0,0
user_034,user_034_s07,1,15,182.73,93.54,1,0
user_034,user_034_s07,1,16,345.57,138.08,0,0
user_034,user_034_s07,1,17,53.77,96.66,0,0
user_034,user_034_s07,1,18,90.73,103.39,0,0
user_034,user_034_s07,1,19,188.64,81.69,0,0
user_034,user_034_s07,1,20,266.8,96.94,0,0
user_034,user_034_s07,1,21,194.86,95.7,0,0
user_034,user_034_s07,1,22,270.96,113.11,0,0
user_034,user_034_s07,1,23,269.56,48.05,0,1
user_034,user_034_s07,1,24,63.89,91.41,1,0
user_034,user_034_s07,1,25,986.69,102.39,0,0
user_034,user_034_s07,1,26,40.0,128.53,0,0
user_034,user_034_s07,1,27,228.32,123.33,0,0
user_034,user_034_s07,1,28,386.94,152.12,0,0
user_034,user_034_s07,1,29,117.71,97.77,0,0
user_034,user_034_s07,1,30,144.87,45.29,0,0
user_034,user_034_s07,1,31,106.51,93.91,0,0
user_034,user_034_s07,1,32,323.61,32.72,0,0
user_034,user_034_s07,1,33,239.78,32.43,0,1
user_034,user_034_s07,1,34,146.73,71.66,0,0
user_034,user_034_s07,1,35,40.25,106.11,0,0
user_034,user_034_s07,1,36,148.37,54.4,0,0
user_034,user_034_s07,1,37,70.91,149.52,1,0
user_034,user_034_s07,1,38,165.78,105.61,0,0
user_034,user_034_s07,1,39,190.39,145.94,0,0
user_034,user_034_s08,0,0,154.81,78.17,0,0
user_034,user_034_s08,0,1,154.74,73.45,0,0
user_034,user_034_s08,0,2,175.68,116.71,0,0
user_034,user_034_s08,0,3,1455.39,59.58,0,0
user_034,user_034_s08,0,4,240.08,90.18,0,0
user_034,user_034_s08,0,5,188.53,88.62,0,0
user_034,user_034_s08,0,6,40.0,86.43,0,0
user_034,user_034_s08,0,7,67.47,54.89,0,0
user_034,user_034_s08,0,8,40.12,80.46,0,0
user_034,user_034_s08,0,9,147.4,67.04,1,0
user_034,user_034_s08,0,10,153.61,99.33,0,0
user_034,user_034_s08,0,11,237.31,84.37,0,0
user_034,user_034_s08,0,12,102.35,111.49,0,0
user_034,user_034_s08,0,13,93.6,110.45,0,0
user_034,user_034_s08,0,14,157.05,70.02,0,0
user_034,user_034_s08,0,15,86.29,110.45,0,0
user_034,user_034_s08,0,16,129.08,65.19,1,0
user_034,user_034_s08,0,17,193.99,108.21,0,0
user_034,user_034_s08,0,18,185.91,52.89,0,0
user_034,user_034_s08,0,19,201.78,111.58,0,0
user_034,user_034_s08,0,20,71.13,63.22,0,0
user_034,user_034_s08,0,21,173.85,71.32,0,0
user_034,user_034_s08,0,22,143.62,74.97,0,0
user_034,user_034_s08,0,23,273.65,65.63,0,0
user_034,user_034_s08,0,24,182.76,108.81,0,0
user_034,user_034_s08,0,25,143.53,41.15,0,0
user_034,user_034_s08,0,26,199.8,90.07,0,0
user_034,user_034_s08,0,27,175.22,92.04,0,0
user_034,user_034_s08,0,28,185.06,55.66,0,0
user_034,user_034_s08,0,29,171.33,68.81,0,0
user_034,user_034_s08,0,30,122.43,56.77,0,0
user_034,user_034_s08,0,31,121.95,71.66,0,0
user_034,user_034_s08,0,32,181.91,98.75,0,0
user_034,user_034_s08,0,33,108.96,70.36,0,0
user_034,user_034_s08,0,34,153.1,85.04,0,0
user_034,user_034_s08,0,35,171.29,76.47,0,0
user_034,user_034_s08,0,36,112.08,122.98,0,0
user_034,user_034_s08,0,37,168.28,81.59,0,0
user_034,user_034_s08,0,38,145.22,59.81,0,0
user_034,user_034_s08,0,39,122.65,84.01,0,0
user_034,user_034_s09,1,0,176.55,143.06,1,0
user_034,user_034_s09,1,1,145.03,131.32,0,0
user_034,user_034_s09,1,2,163.15,52.44,0,0
user_034,user_034_s09,1,3,173.0,195.71,0,0
user_034,user_034_s09,1,4,231.46,143.32,0,0
user_034,user_034_s09,1,5,119.72,70.09,0,0
user_034,user_034_s09,1,6,131.0,20.0,1,0
user_034,user_034_s09,1,7,929.69,52.29,0,0
user_034,user_034_s09,1,8,340.07,115.8,0,0
user_034,user_034_s09,1,9,413.32,97.96,0,0
user_034,user_034_s09,1,10,202.82,180.15,0,0
user_034,user_034_s09,1,11,1720.72,56.88,0,0
user_034,user_034_s09,1,12,161.23,122.99,0,0
user_034,user_034_s09,1,13,253.95,158.57,0,0
user_034,user_034_s09,1,14,210.34,44.96,1,0
user_034,user_034_s09,1,15,407.4,137.61,1,0
user_034,user_034_s09,1,16,123.32,107.48,0,0
user_034,user_034_s09,1,17,99.39,81.77,0,0
user_034,user_034_s09,1,18,203.39,20.0,0,0
user_034,user_034_s09,1,19,40.0,130.09,0,0
user_034,user_034_s09,1,20,206.07,75.82,0,0
user_034,user_034_s09,1,21,1401.47,89.94,0,0
user_034,user_034_s09,1,22,92.25,175.57,0,0
user_034,user_034_s09,1,23,1200.45,106.73,0,0
user_034,user_034_s09,1,24,40.0,119.92,0,0
user_034,user_034_s09,1,25,227.78,202.01,0,0
user_034,user_034_s09,1,26,40.0,116.37,0,0
user_034,user_034_s09,1,27,188.23,69.94,0,0
user_034,user_034_s09,1,28,285.44,169.16,0,0
user_034,user_034_s09,1,29,337.21,111.61,0,0
user_034,user_034_s09,1,30,380.7,83.52,0,0
user_034,user_034_s09,1,31,91.09,65.11,0,0
user_034,user_034_s09,1,32,148.01,94.47,0,0
user_034,user_034_s09,1,33,113.61,153.84,0,0
user_034,user_034_s09,1,34,299.65,81.38,0,0
user_034,user_034_s09,1,35,221.75,116.29,0,0
user_034,user_034_s09,1,36,195.5,67.85,0,0
user_034,user_034_s09,1,37,189.25,176.68,0,0
user_034,user_034_s09,1,38,265.08,42.03,0,0
user_034,user_034_s09,1,39,94.03,61.1,0,0
user_034,user_034_s10,0,0,159.15,123.89,0,1
user_034,user_034_s10,0,1,166.05,120.88,0,0
user_034,user_034_s10,0,2,109.06,91.97,0,0
user_034,user_034_s10,0,3,195.95,66.22,1,0
user_034,user_034_s10,0,4,186.12,110.46,0,0
user_034,user_034_s10,0,5,185.01,68.98,0,0
user_034,user_034_s10,0,6,244.1,117.42,0,0
user_034,user_034_s10,0,7,84.39,80.47,0,0
user_034,user_034_s10,0,8,166.11,112.62,0,0
user_034,user_034_s10,0,9,79.57,105.24,0,0
user_034,user_034_s10,0,10,225.99,62.24,0,0
user_034,user_034_s10,0,11,201.95,57.8,0,0
user_034,user_034_s10,0,12,148.59,92.59,0,0
user_034,user_034_s10,0,13,210.58,78.16,0,0
user_034,user_034_s10,0,14,189.16,103.48,0,0
user_034,user_034_s10,0,15,79.74,83.72,1,0
user_034,user_034_s10,0,16,197.8,69.73,0,0
user_034,user_034_s10,0,17,114.46,96.51,0,0
user_034,user_034_s10,0,18,170.31,43.15,0,0
user_034,user_034_s10,0,19,213.44,59.59,0,0
user_034,user_034_s10,0,20,164.28,66.02,0,0
user_034,user_034_s10,0,21,158.0,36.04,0,0
user_034,user_034_s10,0,22,837.9,96.88,0,1
user_034,user_034_s10,0,23,171.35,70.03,0,0
user_034,user_034_s10,0,24,147.39,94.07,0,0
user_034,user_034_s10,0,25,74.38,105.33,0,0
user_034,user_034_s10,0,26,1526.33,116.82,0,0
user_034,user_034_s10,0,27,200.13,106.47,0,0
user_034,user_034_s10,0,28,243.98,53.55,0,0
user_034,user_034_s10,0,29,75.42,68.97,0,0
user_034,user_034_s10,0,30,186.34,50.55,0,0
user_034,user_034_s10,0,31,849.23,68.65,0,0
user_034,user_034_s10,0,32,138.28,121.19,0,0
user_034,user_034_s10,0,33,253.08,95.45,0,0
user_034,user_034_s10,0,34,115.37,110.81,0,0
user_034,user_034_s10,0,35,262.58,59.42,0,0
user_034,user_034_s10,0,36,169.25,84.33,0,0
user_034,user_034_s10,0,37,204.07,102.05,0,0
user_034,user_034_s10,0,38,139.18,66.66,0,0
user_034,user_034_s10,0,39,77.03,83.94,0,0
user_034,user_034_s11,0,0,1452.97,91.08,0,0
user_034,user_034_s11,0,1,92.09,22.67,0,0
user_034,user_034_s11,0,2,218.3,67.43,0,0
user_034,user_034_s11,0,3,58.17,82.93,0,0
user_034,user_034_s11,0,4,110.77,135.72,0,0
user_034,user_034_s11,0,5,202.71,93.39,0,0
user_034,user_034_s11,0,6,250.3,116.2,0,0
user_034,user_034_s11,0,7,215.72,79.85,0,0
user_034,user_034_s11,0,8,145.0,93.94,0,0
user_034,user_034_s11,0,9,90.39,62.84,0,0
user_034,user_034_s11,0,10,224.13,51.38,0,0
user_034,user_034_s11,0,11,144.23,59.03,0,0
user_034,user_034_s11,0,12,233.88,74.14,0,0
user_034,user_034_s11,0,13,217.19,81.73,0,0
user_034,user_034_s11,0,14,183.19,69.71,0,0
user_034,user_034_s11,0,15,109.4,31.78,0,0
user_034,user_034_s11,0,16,112.73,98.27,0,0
user_034,user_034_s11,0,17,187.39,63.97,0,0
user_034,user_034_s11,0,18,163.04,82.92,0,0
user_034,user_034_s11,0,19,258.56,65.81,0,0
user_034,user_034_s11,0,20,188.59,104.09,0,0
user_034,user_034_s11,0,21,183.97,43.21,0,0
user_034,user_034_s11,0,22,240.56,101.71,0,0
user_034,user_034_s11,0,23,120.05,71.61,0,0
user_034,user_034_s11,0,24,184.05,74.06,0,0
user_034,user_034_s11,0,25,894.75,82.12,0,0
user_034,user_034_s11,0,26,204.89,79.62,0,0
user_034,user_034_s11,0,27,242.73,111.92,0,0
user_034,user_034_s11,0,28,166.14,95.43,0,0
user_034,user_034_s11,0,29,62.64,110.49,0,1
user_034,user_034_s11,0,30,211.49,92.05,0,0
user_034,user_034_s11,0,31,239.05,78.05,0,0
user_034,user_034_s11,0,32,114.8,78.42,0,0
user_034,user_034_s11,0,33,118.95,45.77,1,0
user_034,user_034_s11,0,34,209.81,122.88,0,0
user_034,user_034_s11,0,35,104.91,78.09,0,0
user_034,user_034_s11,0,36,94.38,41.74,0,0
user_034,user_034_s11,0,37,106.24,58.28,0,0
user_034,user_034_s11,0,38,131.17,46.28,0,0
user_034,user_034_s11,0,39,197.06,64.99,0,0
user_034,user_034_s12,1,0,273.22,142.07,1,0
user_034,user_034_s12,1,1,298.89,112.62,0,0
user_034,user_034_s12,1,2,134.34,98.25,0,0
user_034,user_034_s12,1,3,322.03,76.94,1,0
user_034,user_034_s12,1,4,83.66,125.15,0,0
user_034,user_034_s12,1,5,260.88,134.61,0,0
user_034,user_034_s12,1,6,1131.85,105.34,0,0
user_034,user_034_s12,1,7,234.68,120.14,0,1
user_034,user_034_s12,1,8,253.0,129.65,0,0
user_034,user_034_s12,1,9,181.57,147.72,0,0
user_034,user_034_s12,1,10,1126.08,71.1,0,0
user_034,user_034_s12,1,11,272.32,78.03,0,0
user_034,user_034_s12,1,12,1193.55,91.3,0,0
user_034,user_034_s12,1,13,95.69,109.67,1,0
user_034,user_034_s12,1,14,286.35,88.65,0,0
user_034,user_034_s12,1,15,40.0,96.44,0,0
user_034,user_034_s12,1,16,68.51,139.07,0,0
user_034,user_034_s12,1,17,353.66,46.74,1,0
user_034,user_034_s12,1,18,149.71,74.69,0,0
user_034,user_034_s12,1,19,210.7,79.26,0,0
user_034,user_034_s12,1,20,233.09,161.61,0,0
user_034,user_034_s12,1,21,237.95,111.66,0,0
user_034,user_034_s12,1,22,135.41,117.97,0,0
user_034,user_034_s12,1,23,152.27,72.7,0,0
user_034,user_034_s12,1,24,419.0,87.37,0,0
user_034,user_034_s12,1,25,48.95,20.0,0,0
user_034,user_034_s12,1,26,116.24,110.57,0,0
user_034,user_034_s12,1,27,66.19,79.47,1,0
user_034,user_034_s12,1,28,168.85,39.15,1,0
user_034,user_034_s12,1,29,91.32,120.88,0,0
user_034,user_034_s12,1,30,325.03,68.2,0,0
user_034,user_034_s12,1,31,358.93,112.04,1,0
user_034,user_034_s12,1,32,185.84,120.0,0,0
user_034,user_034_s12,1,33,1017.19,226.06,0,0
user_034,user_034_s12,1,34,383.93,91.15,0,0
user_034,user_034_s12,1,35,108.71,115.95,0,0
user_034,user_034_s12,1,36,213.05,105.76,0,0
user_034,user_034_s12,1,37,1415.39,75.25,0,0
user_034,user_034_s12,1,38,84.79,116.44,0,0
user_034,user_034_s12,1,39,144.56,140.61,0,0
user_034,user_034_s13,0,0,199.87,62.46,0,0
user_034,user_034_s13,0,1,196.19,109.29,0,0
user_034,user_034_s13,0,2,42.4,56.62,0,1
user_034,user_034_s13,0,3,96.96,50.12,0,0
user_034,user_034_s13,0,4,146.1,88.59,1,0
user_034,user_034_s13,0,5,123.09,74.56,0,0
user_034,user_034_s13,0,6,174.71,99.34,0,0
user_034,user_034_s13,0,7,177.3,119.7,0,0
user_034,user_034_s13,0,8,40.0,113.82,0,0
user_034,user_034_s13,0,9,137.65,106.61,0,0
user_034,user_034_s13,0,10,107.96,65.4,0,0
user_034,user_034_s13,0,11,161.42,108.56,0,0
user_034,user_034_s13,0,12,191.9,75.49,0,0
user_034,user_034_s13,0,13,143.51,60.36,0,0
user_034,user_034_s13,0,14,84.58,97.48,0,0
user_034,user_034_s13,0,15,228.0,75.98,0,0
user_034,user_034_s13,0,16,111.94,82.03,0,0
user_034,user_034_s13,0,17,126.39,100.38,0,0
user_034,user_034_s13,0,18,50.45,102.68,0,0
user_034,user_034_s13,0,19,184.76,78.76,0,0
user_034,user_034_s13,0,20,156.32,88.51,0,0
user_034,user_034_s13,0,21,182.55,105.85,0,0
user_034,user_034_s13,0,22,110.93,69.55,1,0
user_034,user_034_s13,0,23,191.28,50.53,0,0
user_034,user_034_s13,0,24,233.5,74.68,0,0
user_034,user_034_s13,0,25,40.0,78.33,0,0
user_034,user_034_s13,0,26,1519.36,82.6,0,0
user_034,user_034_s13,0,27,74.8,135.39,0,0
user_034,user_034_s13,0,28,180.35,69.48,0,0
user_034,user_034_s13,0,29,214.5,81.86,0,0
user_034,user_034_s13,0,30,98.43,66.49,0,0
user_034,user_034_s13,0,31,110.79,90.7,0,0
user_034,user_034_s13,0,32,162.97,97.02,0,0
user_034,user_034_s13,0,33,154.62,101.98,0,0
user_034,user_034_s13,0,34,80.07,91.06,0,0
user_034,user_034_s13,0,35,794.62,87.59,0,0
user_034,user_034_s13,0,36,112.94,32.04,0,0
user_034,user_034_s13,0,37,142.87,101.3,0,0
user_034,user_034_s13,0,38,252.18,115.84,0,0
user_034,user_034_s13,0,39,164.14,68.25,0,0
user_035,user_035_s00,0,0,202.96,103.7,0,0
user_035,user_035_s00,0,1,219.34,125.88,0,0
user_035,user_035_s00,0,2,187.29,129.14,0,0
user_035,user_035_s00,0,3,236.8,117.63,0,0
user_035,user_035_s00,0,4,195.87,108.0,0,0
user_035,user_035_s00,0,5,250.72,110.97,0,0
user_035,user_035_s00,0,6,155.02,123.56,0,0
user_035,user_035_s00,0,7,218.86,98.63,0,0
user_035,user_035_s00,0,8,236.35,137.2,0,0
user_035,user_035_s00,0,9,269.18,146.19,0,0
user_035,user_035_s00,0,10,191.85,93.01,0,0
user_035,user_035_s00,0,11,265.73,128.69,0,0
user_035,user_035_s00,0,12,667.39,132.8,0,0
user_035,user_035_s00,0,13,289.83,134.19,0,0
user_035,user_035_s00,0,14,151.09,90.38,0,0
user_035,user_035_s00,0,15,225.05,113.42,0,1
user_035,user_035_s00,0,16,213.19,109.18,0,0
user_035,user_035_s00,0,17,221.8,114.82,0,0
user_035,user_035_s00,0,18,252.52,97.62,0,0
user_035,user_035_s00,0,19,275.16,148.98,0,0
user_035,user_035_s00,0,20,228.97,126.61,0,0
user_035,user_035_s00,0,21,145.04,101.41,0,0
user_035,user_035_s00,0,22,198.26,109.48,0,0
user_035,user_035_s00,0,23,351.55,143.36,0,0
user_035,user_035_s00,0,24,173.28,117.3,0,0
user_035,user_035_s00,0,25,222.46,141.23,0,0
user_035,user_035_s00,0,26,246.24,130.77,0,0
user_035,user_035_s00,0,27,257.9,95.49,0,0
user_035,user_035_s00,0,28,620.74,101.88,0,0
user_035,user_035_s00,0,29,277.25,98.69,0,0
user_035,user_035_s00,0,30,267.61,127.13,1,0
user_035,user_035_s00,0,31,233.64,152.12,0,0
user_035,user_035_s00,0,32,174.91,122.05,0,0
user_035,user_035_s00,0,33,190.28,117.18,0,0
user_035,user_035_s00,0,34,185.76,128.36,0,0
user_035,user_035_s00,0,35,203.93,117.73,0,0
user_035,user_035_s00,0,36,274.13,113.19,0,0
user_035,user_035_s00,0,37,227.1,122.39,0,0
user_035,user_035_s00,0,38,241.32,132.22,0,0
user_035,user_035_s00,0,39,221.19,110.21,0,0
user_035,user_035_s01,0,0,218.16,91.58,0,0
user_035,user_035_s01,0,1,213.37,159.3,0,0
user_035,user_035_s01,0,2,162.26,108.03,0,0
user_035,user_035_s01,0,3,788.79,96.16,0,0
user_035,user_035_s01,0,4,222.6,109.76,0,0
user_035,user_035_s01,0,5,190.78,148.31,0,0
user_035,user_035_s01,0,6,212.75,136.14,0,0
user_035,user_035_s01,0,7,251.34,104.42,0,0
user_035,user_035_s01,0,8,181.32,114.82,0,0
user_035,user_035_s01,0,9,247.39,124.63,0,0
user_035,user_035_s01,0,10,206.78,127.77,0,0
user_035,user_035_s01,0,11,203.28,124.9,0,0
user_035,user_035_s01,0,12,150.15,99.66,0,0
user_035,user_035_s01,0,13,242.81,112.13,0,0
user_035,user_035_s01,0,14,294.38,96.94,0,0
user_035,user_035_s01,0,15,164.47,132.72,0,0
user_035,user_035_s01,0,16,169.17,114.51,0,0
user_035,user_035_s01,0,17,277.15,122.0,0,0
user_035,user_035_s01,0,18,238.05,104.63,0,0
user_035,user_035_s01,0,19,1176.82,127.29,0,0
user_035,user_035_s01,0,20,283.39,127.88,0,0
user_035,user_035_s01,0,21,190.78,91.47,0,0
user_035,user_035_s01,0,22,211.92,129.96,0,0
user_035,user_035_s01,0,23,225.36,96.13,0,0
user_035,user_035_s01,0,24,243.72,104.38,0,0
user_035,user_035_s01,0,25,229.86,132.16,0,0
user_035,user_035_s01,0,26,300.24,104.94,0,0
user_035,user_035_s01,0,27,270.27,118.29,0,1
user_035,user_035_s01,0,28,278.84,114.64,0,0
user_035,user_035_s01,0,29,182.03,91.3,0,0
user_035,user_035_s01,0,30,224.77,140.78,0,0
user_035,user_035_s01,0,31,283.79,141.01,0,0
user_035,user_035_s01,0,32,193.52,124.32,0,0
user_035,user_035_s01,0,33,193.86,111.08,0,0
user_035,user_035_s01,0,34,250.73,117.96,0,0
user_035,user_035_s01,0,35,231.04,139.52,0,0
user_035,user_035_s01,0,36,209.92,107.31,0,0
user_035,user_035_s01,0,37,222.58,108.9,0,0
user_035,user_035_s01,0,38,131.74,112.48,0,0
user_035,user_035_s01,0,39,196.21,78.49,0,0
user_035,user_035_s02,1,0,360.17,198.35,1,0
user_035,user_035_s02,1,1,298.48,157.26,0,0
user_035,user_035_s02,1,2,1022.01,237.8,0,0
user_035,user_035_s02,1,3,215.04,160.93,0,0
user_035,user_035_s02,1,4,1632.36,125.24,0,0
user_035,user_035_s02,1,5,369.76,86.91,0,0
user_035,user_035_s02,1,6,121.55,173.59,0,0
user_035,user_035_s02,1,7,154.99,150.66,0,0
user_035,user_035_s02,1,8,196.32,125.04,0,0
user_035,user_035_s02,1,9,171.55,182.39,0,0
user_035,user_035_s02,1,10,911.61,167.55,0,0
user_035,user_035_s02,1,11,287.82,141.86,0,0
user_035,user_035_s02,1,12,283.67,168.81,0,0
user_035,user_035_s02,1,13,253.73,153.21,0,0
user_035,user_035_s02,1,14,304.68,190.58,0,1
user_035,user_035_s02,1,15,280.04,161.23,1,0
user_035,user_035_s02,1,16,1360.27,144.58,0,0
user_035,user_035_s02,1,17,248.98,201.9,0,0
user_035,user_035_s02,1,18,306.02,120.42,0,0
user_035,user_035_s02,1,19,180.07,108.48,0,0
user_035,user_035_s02,1,20,313.14,136.98,0,0
user_035,user_035_s02,1,21,40.0,95.21,0,0
user_035,user_035_s02,1,22,1397.92,103.95,0,0
user_035,user_035_s02,1,23,315.14,149.64,0,0
user_035,user_035_s02,1,24,1449.58,160.14,0,0
user_035,user_035_s02,1,25,380.88,148.75,0,0
user_035,user_035_s02,1,26,387.98,175.77,0,0
user_035,user_035_s02,1,27,885.97,141.58,0,0
user_035,user_035_s02,1,28,429.81,91.22,0,0
user_035,user_035_s02,1,29,216.79,184.33,0,0
user_035,user_035_s02,1,30,1274.81,155.12,1,0
user_035,user_035_s02,1,31,813.49,182.58,0,0
user_035,user_035_s02,1,32,186.83,180.06,0,0
user_035,user_035_s02,1,33,294.1,196.14,0,0
user_035,user_035_s02,1,34,157.22,126.84,0,0
user_035,user_035_s02,1,35,360.84,116.22,0,0
user_035,user_035_s02,1,36,434.02,154.87,0,0
user_035,user_035_s02,1,37,239.21,152.77,0,0
user_035,user_035_s02,1,38,284.35,201.97,0,0
user_035,user_035_s02,1,39,242.33,176.04,0,0
user_035,user_035_s03,1,0,240.16,80.97,0,0
user_035,user_035_s03,1,1,265.21,126.83,0,0
user_035,user_035_s03,1,2,374.1,156.86,0,0
user_035,user_035_s03,1,3,313.39,159.07,0,1
user_035,user_035_s03,1,4,263.79,142.34,0,0
user_035,user_035_s03,1,5,245.56,134.45,0,0
user_035,user_035_s03,1,6,376.85,220.65,0,0
user_035,user_035_s03,1,7,245.29,147.11,0,0
user_035,user_035_s03,1,8,245.15,234.92,0,0
user_035,user_035_s03,1,9,220.99,195.75,0,0
user_035,user_035_s03,1,10,408.22,129.46,0,0
user_035,user_035_s03,1,11,177.53,134.97,0,0
user_035,user_035_s03,1,12,293.7,198.28,0,1
user_035,user_035_s03,1,13,297.3,107.73,0,0
user_035,user_035_s03,1,14,181.92,191.79,0,0
user_035,user_035_s03,1,15,251.69,146.2,0,0
user_035,user_035_s03,1,16,244.06,74.88,0,0
user_035,user_035_s03,1,17,226.61,115.5,0,0
user_035,user_035_s03,1,18,280.03,142.39,0,0
user_035,user_035_s03,1,19,295.62,134.07,0,0
user_035,user_035_s03,1,20,250.41,127.95,0,1
user_035,user_035_s03,1,21,423.13,105.0,0,0
user_035,user_035_s03,1,22,222.56,148.54,0,0
user_035,user_035_s03,1,23,291.6,195.55,0,0
user_035,user_035_s03,1,24,1329.55,194.84,0,0
user_035,user_035_s03,1,25,317.92,185.94,0,0
user_035,user_035_s03,1,26,288.04,144.27,0,0
user_035,user_035_s03,1,27,209.1,186.2,0,0
user_035,user_035_s03,1,28,321.12,102.12,0,0
user_035,user_035_s03,1,29,273.65,168.11,0,0
user_035,user_035_s03,1,30,345.95,197.54,0,0
user_035,user_035_s03,1,31,331.18,171.95,1,0
user_035,user_035_s03,1,32,317.48,100.78,0,0
user_035,user_035_s03,1,33,342.41,122.66,0,0
user_035,user_035_s03,1,34,229.67,130.0,0,0
user_035,user_035_s03,1,35,279.19,117.08,0,1
user_035,user_035_s03,1,36,355.87,139.68,0,0
user_035,user_035_s03,1,37,289.93,146.57,0,0
user_035,user_035_s03,1,38,214.31,142.66,0,0
user_035,user_035_s03,1,39,194.1,122.41,0,0
user_035,user_035_s04,0,0,195.2,124.68,0,0
user_035,user_035_s04,0,1,259.41,94.41,0,0
user_035,user_035_s04,0,2,132.08,127.78,0,0
user_035,user_035_s04,0,3,199.48,122.4,0,0
user_035,user_035_s04,0,4,271.59,125.85,0,0
user_035,user_035_s04,0,5,224.54,112.38,0,0
user_035,user_035_s04,0,6,153.57,122.15,0,0
user_035,user_035_s04,0,7,214.66,124.82,0,0
user_035,user_035_s04,0,8,204.76,157.47,0,0
user_035,user_035_s04,0,9,260.86,84.62,0,0
user_035,user_035_s04,0,10,238.16,121.62,0,0
user_035,user_035_s04,0,11,218.4,127.11,0,0
user_035,user_035_s04,0,12,230.5,119.65,0,0
user_035,user_035_s04,0,13,207.87,132.07,1,0
user_035,user_035_s04,0,14,172.78,131.15,0,0
user_035,user_035_s04,0,15,237.27,120.74,0,0
user_035,user_035_s04,0,16,176.72,112.79,0,0
user_035,user_035_s04,0,17,221.52,78.82,0,0
user_035,user_035_s04,0,18,236.21,152.21,0,0
user_035,user_035_s04,0,19,151.5,74.56,0,0
user_035,user_035_s04,0,20,1136.08,126.09,0,0
user_035,user_035_s04,0,21,273.27,121.4,0,0
user_035,user_035_s04,0,22,263.64,92.47,0,0
user_035,user_035_s04,0,23,224.41,154.74,0,0
user_035,user_035_s04,0,24,197.87,131.21,0,0
user_035,user_035_s04,0,25,193.85,120.87,0,0
user_035,user_035_s04,0,26,176.57,93.08,0,0
user_035,user_035_s04,0,27,202.53,142.38,0,0
user_035,user_035_s04,0,28,261.59,143.56,0,0
user_035,user_035_s04,0,29,178.25,118.51,0,0
user_035,user_035_s04,0,30,150.3,147.71,0,1
user_035,user_035_s04,0,31,247.94,119.49,0,0
user_035,user_035_s04,0,32,189.61,122.53,0,0
user_035,user_035_s04,0,33,162.69,114.62,0,0
user_035,user_035_s04,0,34,206.83,128.7,0,0
user_035,user_035_s04,0,35,190.91,125.28,0,0
user_035,user_035_s04,0,36,207.65,106.22,0,0
user_035,user_035_s04,0,37,226.59,95.51,0,0
user_035,user_035_s04,0,38,220.67,111.76,0,0
user_035,user_035_s04,0,39,224.68,127.79,0,0
user_035,user_035_s05,0,0,261.83,125.18,0,0
user_035,user_035_s05,0,1,314.32,128.68,0,0
user_035,user_035_s05,0,2,270.7,140.91,0,0
user_035,user_035_s05,0,3,204.74,186.3,0,0
user_035,user_035_s05,0,4,192.67,95.54,0,0
user_035,user_035_s05,0,5,178.81,112.91,0,0
user_035,user_035_s05,0,6,176.19,130.47,0,0
user_035,user_035_s05,0,7,241.7,157.4,0,0
user_035,user_035_s05,0,8,147.53,119.59,0,0
user_035,user_035_s05,0,9,231.6,123.14,0,0
user_035,user_035_s05,0,10,140.94,116.39,0,0
user_035,user_035_s05,0,11,235.76,132.69,0,0
user_035,user_035_s05,0,12,200.86,122.99,0,0
user_035,user_035_s05,0,13,252.06,137.67,0,0
user_035,user_035_s05,0,14,107.45,144.74,1,0
user_035,user_035_s05,0,15,265.67,116.89,0,0
user_035,user_035_s05,0,16,225.07,140.06,0,0
user_035,user_035_s05,0,17,204.3,110.45,0,0
user_035,user_035_s05,0,18,247.3,127.31,0,0
user_035,user_035_s05,0,19,243.92,111.81,0,0
user_035,user_035_s05,0,20,164.87,94.66,1,0
user_035,user_035_s05,0,21,231.42,139.44,1,0
user_035,user_035_s05,0,22,256.36,105.71,0,1
user_035,user_035_s05,0,23,155.52,110.64,0,0
user_035,user_035_s05,0,24,233.46,117.24,0,0
user_035,user_035_s05,0,25,276.83,156.46,0,0
user_035,user_035_s05,0,26,232.02,151.69,0,0
user_035,user_035_s05,0,27,204.21,94.36,0,0
user_035,user_035_s05,0,28,165.22,102.04,0,0
user_035,user_035_s05,0,29,1423.7,156.08,0,0
user_035,user_035_s05,0,30,207.04,161.45,0,0
user_035,user_035_s05,0,31,258.29,131.83,0,0
user_035,user_035_s05,0,32,1086.28,125.91,0,0
user_035,user_035_s05,0,33,207.25,122.45,0,0
user_035,user_035_s05,0,34,188.75,119.73,0,0
user_035,user_035_s05,0,35,598.27,101.88,0,0
user_035,user_035_s05,0,36,274.7,137.89,0,0
user_035,user_035_s05,0,37,158.37,107.18,0,0
user_035,user_035_s05,0,38,225.3,134.86,0,0
user_035,user_035_s05,0,39,200.95,124.13,0,0
user_035,user_035_s06,1,0,271.79,177.72,0,0
user_035,user_035_s06,1,1,242.5,137.7,0,0
user_035,user_035_s06,1,2,154.9,166.66,0,0
user_035,user_035_s06,1,3,337.07,182.29,0,0
user_035,user_035_s06,1,4,1532.42,194.06,0,0
user_035,user_035_s06,1,5,315.19,173.95,0,0
user_035,user_035_s06,1,6,327.02,169.59,0,0
user_035,user_035_s06,1,7,280.44,156.68,1,0
user_035,user_035_s06,1,8,445.17,151.21,0,0
user_035,user_035_s06,1,9,365.52,170.19,0,0
user_035,user_035_s06,1,10,451.09,167.49,0,0
user_035,user_035_s06,1,11,240.56,177.78,0,0
user_035,user_035_s06,1,12,289.45,139.68,0,0
user_035,user_035_s06,1,13,289.45,185.15,0,0
user_035,user_035_s06,1,14,411.4,115.26,0,0
user_035,user_035_s06,1,15,126.99,186.49,0,0
user_035,user_035_s06,1,16,1619.78,157.55,0,0
user_035,user_035_s06,1,17,311.8,127.82,0,0
user_035,user_035_s06,1,18,383.42,128.02,0,0
user_035,user_035_s06,1,19,253.67,182.18,1,0
user_035,user_035_s06,1,20,158.45,168.44,0,0
user_035,user_035_s06,1,21,452.04,171.08,0,0
user_035,user_035_s06,1,22,298.0,158.25,0,0
user_035,user_035_s06,1,23,376.2,151.25,0,0
user_035,user_035_s06,1,24,274.04,168.28,0,0
user_035,user_035_s06,1,25,391.01,163.28,0,0
user_035,user_035_s06,1,26,361.56,139.71,0,0
user_035,user_035_s06,1,27,397.82,110.1,0,0
user_035,user_035_s06,1,28,272.39,141.7,0,0
user_035,user_035_s06,1,29,408.5,169.35,0,0
user_035,user_035_s06,1,30,341.8,191.15,0,0
user_035,user_035_s06,1,31,152.39,99.73,0,0
user_035,user_035_s06,1,32,409.44,148.11,0,0
user_035,user_035_s06,1,33,345.96,171.21,0,0
user_035,user_035_s06,1,34,275.17,168.27,0,0
user_035,user_035_s06,1,35,288.6,166.04,0,0
user_035,user_035_s06,1,36,217.83,147.32,0,0
user_035,user_035_s06,1,37,311.25,139.13,0,0
user_035,user_035_s06,1,38,344.06,178.79,0,0
user_035,user_035_s06,1,39,308.51,171.72,0,0
user_035,user_035_s07,0,0,284.58,122.12,0,0
user_035,user_035_s07,0,1,312.86,119.06,0,0
user_035,user_035_s07,0,2,232.6,128.67,0,0
user_035,user_035_s07,0,3,226.93,126.97,0,0
user_035,user_035_s07,0,4,234.99,148.24,0,0
user_035,user_035_s07,0,5,202.24,136.61,0,0
user_035,user_035_s07,0,6,178.43,103.7,0,1
user_035,user_035_s07,0,7,208.61,135.34,0,0
user_035,user_035_s07,0,8,200.17,128.34,0,0
user_035,user_035_s07,0,9,256.44,131.62,0,0
user_035,user_035_s07,0,10,266.07,122.41,0,0
user_035,user_035_s07,0,11,147.33,127.35,0,0
user_035,user_035_s07,0,12,197.77,155.29,0,0
user_035,user_035_s07,0,13,249.18,120.37,0,0
user_035,user_035_s07,0,14,238.49,115.68,0,0
user_035,user_035_s07,0,15,223.25,114.57,0,0
user_035,user_035_s07,0,16,221.99,108.2,0,0
user_035,user_035_s07,0,17,246.99,137.15,0,0
user_035,user_035_s07,0,18,249.54,147.1,0,0
user_035,user_035_s07,0,19,175.62,116.4,0,0
user_035,user_035_s07,0,20,154.65,135.91,0,0
user_035,user_035_s07,0,21,228.47,144.68,0,0
user_035,user_035_s07,0,22,263.8,130.62,0,0
user_035,user_035_s07,0,23,212.93,127.01,0,0
user_035,user_035_s07,0,24,326.51,115.27,0,0
user_035,user_035_s07,0,25,267.93,137.46,0,0
user_035,user_035_s07,0,26,211.79,122.56,0,1
user_035,user_035_s07,0,27,157.02,137.1,0,0
user_035,user_035_s07,0,28,263.79,117.77,0,0
user_035,user_035_s07,0,29,195.7,132.29,0,0
user_035,user_035_s07,0,30,207.07,145.56,0,0
user_035,user_035_s07,0,31,198.63,135.04,0,0
user_035,user_035_s07,0,32,176.68,115.61,0,0
user_035,user_035_s07,0,33,208.84,107.65,0,0
user_035,user_035_s07,0,34,208.32,127.89,0,0
user_035,user_035_s07,0,35,194.99,150.73,0,0
user_035,user_035_s07,0,36,203.91,140.38,0,0
user_035,user_035_s07,0,37,308.75,160.96,0,0
user_035,user_035_s07,0,38,262.31,174.19,0,0
user_035,user_035_s07,0,39,224.6,124.92,0,0
user_035,user_035_s08,0,0,179.07,125.96,0,0
user_035,user_035_s08,0,1,220.41,125.51,0,0
user_035,user_035_s08,0,2,181.4,87.93,0,0
user_035,user_035_s08,0,3,211.42,102.95,0,0
user_035,user_035_s08,0,4,275.04,100.7,0,0
user_035,user_035_s08,0,5,197.26,100.09,0,0
user_035,user_035_s08,0,6,217.56,91.83,0,0
user_035,user_035_s08,0,7,197.71,111.79,0,0
user_035,user_035_s08,0,8,157.19,111.99,0,0
user_035,user_035_s08,0,9,183.4,90.01,0,0
user_035,user_035_s08,0,10,145.41,93.02,0,0
user_035,user_035_s08,0,11,229.45,109.31,0,0
user_035,user_035_s08,0,12,232.96,105.31,0,0
user_035,user_035_s08,0,13,188.64,95.42,0,0
user_035,user_035_s08,0,14,269.41,102.35,0,0
user_035,user_035_s08,0,15,182.85,83.1,0,0
user_035,user_035_s08,0,16,230.51,117.44,0,0
user_035,user_035_s08,0,17,181.93,99.03,0,0
user_035,user_035_s08,0,18,212.04,98.43,0,0
user_035,user_035_s08,0,19,132.2,114.19,0,0
user_035,user_035_s08,0,20,171.19,124.09,0,0
user_035,user_035_s08,0,21,1198.38,105.99,0,0
user_035,user_035_s08,0,22,229.53,95.07,0,0
user_035,user_035_s08,0,23,194.7,112.89,0,0
user_035,user_035_s08,0,24,251.92,106.96,0,0
user_035,user_035_s08,0,25,176.95,111.37,0,0
user_035,user_035_s08,0,26,152.51,119.99,0,0
user_035,user_035_s08,0,27,273.77,102.89,1,0
user_035,user_035_s08,0,28,126.87,123.68,0,0
user_035,user_035_s08,0,29,160.79,95.92,0,0
user_035,user_035_s08,0,30,192.3,94.05,0,0
user_035,user_035_s08,0,31,179.92,121.49,0,0
user_035,user_035_s08,0,32,198.14,113.61,0,0
user_035,user_035_s08,0,33,196.92,103.2,0,0
user_035,user_035_s08,0,34,287.91,105.68,0,0
user_035,user_035_s08,0,35,182.3,100.78,0,0
user_035,user_035_s08,0,36,208.27,102.48,0,0
user_035,user_035_s08,0,37,194.92,84.58,0,0
user_035,user_035_s08,0,38,87.25,92.52,0,0
user_035,user_035_s08,0,39,140.59,103.28,0,0
user_035,user_035_s09,0,0,269.68,106.04,0,0
user_035,user_035_s09,0,1,224.23,133.78,0,0
user_035,user_035_s09,0,2,276.35,111.71,0,0
user_035,user_035_s09,0,3,184.22,113.35,0,0
user_035,user_035_s09,0,4,313.85,126.45,0,0
user_035,user_035_s09,0,5,310.17,93.09,0,0
user_035,user_035_s09,0,6,244.14,91.99,0,0
user_035,user_035_s09,0,7,218.08,98.66,0,0
user_035,user_035_s09,0,8,230.24,111.15,0,0
user_035,user_035_s09,0,9,256.73,134.08,0,0
user_035,user_035_s09,0,10,222.36,104.5,0,0
user_035,user_035_s09,0,11,196.4,107.18,0,0
user_035,user_035_s09,0,12,166.9,119.24,0,0
user_035,user_035_s09,0,13,967.43,99.98,0,0
user_035,user_035_s09,0,14,198.64,107.97,0,0
user_035,user_035_s09,0,15,122.11,115.55,0,0
user_035,user_035_s09,0,16,204.83,126.1,0,0
user_035,user_035_s09,0,17,279.15,132.62,0,0
user_035,user_035_s09,0,18,208.35,113.49,0,0
user_035,user_035_s09,0,19,170.51,111.12,0,0
user_035,user_035_s09,0,20,1574.83,112.56,0,0
user_035,user_035_s09,0,21,176.1,119.82,0,1
user_035,user_035_s09,0,22,285.21,141.75,0,0
user_035,user_035_s09,0,23,182.95,154.01,0,0
user_035,user_035_s09,0,24,133.9,148.36,0,0
user_035,user_035_s09,0,25,321.92,134.78,0,0
user_035,user_035_s09,0,26,203.16,98.55,0,0
user_035,user_035_s09,0,27,173.27,120.06,0,0
user_035,user_035_s09,0,28,211.81,109.94,0,0
user_035,user_035_s09,0,29,201.16,113.91,0,0
user_035,user_035_s09,0,30,231.78,146.47,0,0
user_035,user_035_s09,0,31,204.37,139.33,0,0
user_035,user_035_s09,0,32,118.53,130.98,0,0
user_035,user_035_s09,0,33,203.65,161.66,0,0
user_035,user_035_s09,0,34,1405.84,130.62,0,0
user_035,user_035_s09,0,35,188.11,142.09,0,0
user_035,user_035_s09,0,36,242.99,125.93,0,0
user_035,user_035_s09,0,37,252.38,119.72,0,0
user_035,user_035_s09,0,38,262.57,151.51,0,0
user_035,user_035_s09,0,39,166.46,102.69,0,0
user_035,user_035_s10,0,0,203.05,108.62,0,0
user_035,user_035_s10,0,1,247.0,123.81,0,0
user_035,user_035_s10,0,2,176.88,127.97,0,0
user_035,user_035_s10,0,3,194.93,132.29,0,0
user_035,user_035_s10,0,4,278.36,115.51,0,0
user_035,user_035_s10,0,5,260.7,111.94,0,1
user_035,user_035_s10,0,6,282.41,107.88,0,0
user_035,user_035_s10,0,7,321.52,120.58,0,0
user_035,user_035_s10,0,8,264.33,133.95,0,0
user_035,user_035_s10,0,9,234.18,136.29,0,0
user_035,user_035_s10,0,10,199.28,145.48,0,0
user_035,user_035_s10,0,11,200.11,129.61,0,0
user_035,user_035_s10,0,12,224.22,137.05,0,0
user_035,user_035_s10,0,13,220.96,98.64,0,0
user_035,user_035_s10,0,14,261.11,141.08,0,0
user_035,user_035_s10,0,15,185.24,143.06,0,0
user_035,user_035_s10,0,16,802.91,154.17,0,0
user_035,user_035_s10,0,17,238.98,160.03,0,0
user_035,user_035_s10,0,18,159.33,103.47,0,1
user_035,user_035_s10,0,19,286.9,139.5,0,0
user_035,user_035_s10,0,20,260.8,117.33,0,0
user_035,user_035_s10,0,21,232.24,115.23,0,0
user_035,user_035_s10,0,22,178.96,117.24,0,0
user_035,user_035_s10,0,23,217.23,115.18,0,0
user_035,user_035_s10,0,24,254.22,120.97,0,0
user_035,user_035_s10,0,25,195.99,116.21,0,0
user_035,user_035_s10,0,26,152.03,131.8,0,0
user_035,user_035_s10,0,27,243.51,135.71,0,0
user_035,user_035_s10,0,28,236.9,144.23,0,0
user_035,user_035_s10,0,29,202.15,133.02,0,1
user_035,user_035_s10,0,30,324.89,122.2,0,0
user_035,user_035_s10,0,31,187.61,135.84,0,0
user_035,user_035_s10,0,32,283.58,141.38,1,0
user_035,user_035_s10,0,33,252.36,134.12,0,0
user_035,user_035_s10,0,34,239.13,133.1,0,0
user_035,user_035_s10,0,35,324.16,171.27,0,0
user_035,user_035_s10,0,36,273.64,113.51,0,0
user_035,user_035_s10,0,37,194.55,139.62,0,0
user_035,user_035_s10,0,38,198.78,126.56,0,0
user_035,user_035_s10,0,39,190.32,94.99,0,0
user_035,user_035_s11,0,0,210.73,104.8,0,0
user_035,user_035_s11,0,1,263.21,115.04,0,0
user_035,user_035_s11,0,2,242.33,129.96,0,0
user_035,user_035_s11,0,3,222.29,140.91,0,0
user_035,user_035_s11,0,4,308.13,124.58,0,0
user_035,user_035_s11,0,5,201.85,151.22,0,0
user_035,user_035_s11,0,6,169.19,110.71,0,0
user_035,user_035_s11,0,7,236.53,150.06,0,0
user_035,user_035_s11,0,8,204.9,111.9,0,0
user_035,user_035_s11,0,9,237.77,134.83,0,0
user_035,user_035_s11,0,10,217.37,130.2,0,0
user_035,user_035_s11,0,11,199.47,146.96,0,0
user_035,user_035_s11,0,12,220.6,152.11,0,0
user_035,user_035_s11,0,13,163.93,108.91,0,0
user_035,user_035_s11,0,14,806.22,86.47,0,1
user_035,user_035_s11,0,15,219.07,122.85,0,0
user_035,user_035_s11,0,16,247.1,133.28,0,0
user_035,user_035_s11,0,17,157.31,126.32,0,0
user_035,user_035_s11,0,18,249.76,176.99,0,0
user_035,user_035_s11,0,19,209.08,135.97,0,0
user_035,user_035_s11,0,20,247.04,135.91,0,0
user_035,user_035_s11,0,21,240.3,103.98,0,0
user_035,user_035_s11,0,22,272.42,117.0,0,0
user_035,user_035_s11,0,23,223.69,134.79,0,0
user_035,user_035_s11,0,24,158.94,131.96,0,0
user_035,user_035_s11,0,25,318.41,127.72,0,0
user_035,user_035_s11,0,26,234.42,148.39,0,0
user_035,user_035_s11,0,27,236.68,114.79,0,0
user_035,user_035_s11,0,28,224.19,133.87,0,0
user_035,user_035_s11,0,29,290.95,115.24,0,0
user_035,user_035_s11,0,30,177.04,175.86,0,0
user_035,user_035_s11,0,31,170.15,113.36,0,0
user_035,user_035_s11,0,32,837.41,162.7,0,0
user_035,user_035_s11,0,33,247.11,122.37,0,0
user_035,user_035_s11,0,34,198.75,115.39,0,0
user_035,user_035_s11,0,35,196.96,125.96,1,0
user_035,user_035_s11,0,36,181.76,106.8,0,0
user_035,user_035_s11,0,37,267.2,110.68,0,0
user_035,user_035_s11,0,38,245.6,154.98,0,0
user_035,user_035_s11,0,39,264.6,134.52,0,0
user_035,user_035_s12,0,0,216.44,149.18,0,0
user_035,user_035_s12,0,1,223.79,150.24,0,0
user_035,user_035_s12,0,2,207.71,110.42,0,0
user_035,user_035_s12,0,3,242.06,97.37,0,0
user_035,user_035_s12,0,4,1228.23,148.84,0,0
user_035,user_035_s12,0,5,146.78,132.39,0,0
user_035,user_035_s12,0,6,286.67,155.47,0,0
user_035,user_035_s12,0,7,153.07,137.0,0,0
user_035,user_035_s12,0,8,225.37,158.63,1,0
user_035,user_035_s12,0,9,1193.12,144.28,0,0
user_035,user_035_s12,0,10,193.39,137.81,0,0
user_035,user_035_s12,0,11,177.99,124.07,0,0
user_035,user_035_s12,0,12,255.14,121.9,0,0
user_035,user_035_s12,0,13,218.69,100.1,0,0
user_035,user_035_s12,0,14,261.3,141.89,0,0
user_035,user_035_s12,0,15,266.71,116.61,0,0
user_035,user_035_s12,0,16,226.12,126.23,0,0
user_035,user_035_s12,0,17,266.54,130.27,0,0
user_035,user_035_s12,0,18,241.3,121.37,0,0
user_035,user_035_s12,0,19,217.32,134.1,0,0
user_035,user_035_s12,0,20,277.85,88.5,0,0
user_035,user_035_s12,0,21,302.12,131.38,0,0
user_035,user_035_s12,0,22,292.68,142.43,0,0
user_035,user_035_s12,0,23,164.34,100.09,0,0
user_035,user_035_s12,0,24,240.9,118.69,0,0
user_035,user_035_s12,0,25,294.7,155.25,0,0
user_035,user_035_s12,0,26,184.94,129.26,0,0
user_035,user_035_s12,0,27,234.04,118.4,0,0
user_035,user_035_s12,0,28,205.61,144.26,0,0
user_035,user_035_s12,0,29,249.83,110.99,0,0
user_035,user_035_s12,0,30,364.86,112.56,0,0
user_035,user_035_s12,0,31,237.79,114.18,0,0
user_035,user_035_s12,0,32,230.9,155.35,0,0
user_035,user_035_s12,0,33,334.66,112.65,0,0
user_035,user_035_s12,0,34,246.76,129.61,0,0
user_035,user_035_s12,0,35,210.94,151.28,0,0
user_035,user_035_s12,0,36,166.57,112.97,0,0
user_035,user_035_s12,0,37,285.24,99.65,0,0
user_035,user_035_s12,0,38,186.62,168.53,0,0
user_035,user_035_s12,0,39,1309.88,133.29,0,0
user_035,user_035_s13,1,0,311.19,134.26,1,0
user_035,user_035_s13,1,1,129.24,90.66,0,0
user_035,user_035_s13,1,2,286.13,119.71,1,0
user_035,user_035_s13,1,3,264.38,152.32,0,0
user_035,user_035_s13,1,4,207.97,138.03,0,0
user_035,user_035_s13,1,5,299.12,164.65,0,0
user_035,user_035_s13,1,6,189.36,138.41,0,0
user_035,user_035_s13,1,7,133.07,128.76,0,0
user_035,user_035_s13,1,8,56.0,148.28,0,0
user_035,user_035_s13,1,9,117.5,108.84,0,0
user_035,user_035_s13,1,10,164.21,157.06,0,0
user_035,user_035_s13,1,11,278.49,113.95,0,0
user_035,user_035_s13,1,12,305.91,143.72,0,0
user_035,user_035_s13,1,13,220.02,162.25,0,0
user_035,user_035_s13,1,14,331.47,137.04,0,0
user_035,user_035_s13,1,15,304.6,149.59,0,0
user_035,user_035_s13,1,16,192.41,175.96,0,0
user_035,user_035_s13,1,17,186.75,123.84,0,0
user_035,user_035_s13,1,18,388.57,212.51,1,0
user_035,user_035_s13,1,19,1596.47,103.9,0,0
user_035,user_035_s13,1,20,435.65,195.82,0,0
user_035,user_035_s13,1,21,158.16,166.32,0,0
user_035,user_035_s13,1,22,251.57,167.75,0,1
user_035,user_035_s13,1,23,134.52,187.79,0,1
user_035,user_035_s13,1,24,91.09,151.28,0,0
user_035,user_035_s13,1,25,211.35,158.02,0,0
user_035,user_035_s13,1,26,340.56,153.81,0,0
user_035,user_035_s13,1,27,214.96,182.59,0,0
user_035,user_035_s13,1,28,327.76,189.2,0,0
user_035,user_035_s13,1,29,192.61,151.24,0,0
user_035,user_035_s13,1,30,398.45,138.29,0,0
user_035,user_035_s13,1,31,197.59,112.9,0,0
user_035,user_035_s13,1,32,1306.01,158.66,1,0
user_035,user_035_s13,1,33,278.44,133.61,0,1
user_035,user_035_s13,1,34,178.16,85.81,0,0
user_035,user_035_s13,1,35,194.36,146.59,1,0
user_035,user_035_s13,1,36,309.11,153.27,0,0
user_035,user_035_s13,1,37,168.64,180.8,0,0
user_035,user_035_s13,1,38,299.06,150.38,0,0
user_035,user_035_s13,1,39,206.47,113.17,0,0
user_036,user_036_s00,0,0,258.21,114.0,0,0
user_036,user_036_s00,0,1,326.29,140.14,0,0
user_036,user_036_s00,0,2,229.87,155.22,0,0
user_036,user_036_s00,0,3,311.69,125.76,0,0
user_036,user_036_s00,0,4,177.61,133.92,0,0
user_036,user_036_s00,0,5,195.14,130.82,0,0
user_036,user_036_s00,0,6,179.35,141.45,0,0
user_036,user_036_s00,0,7,238.34,120.21,0,0
user_036,user_036_s00,0,8,282.7,136.18,0,0
user_036,user_036_s00,0,9,221.05,111.64,0,0
user_036,user_036_s00,0,10,186.63,144.34,0,0
user_036,user_036_s00,0,11,257.21,105.26,0,0
user_036,user_036_s00,0,12,223.31,115.91,0,0
user_036,user_036_s00,0,13,258.02,112.85,0,0
user_036,user_036_s00,0,14,225.08,131.12,0,0
user_036,user_036_s00,0,15,224.87,138.01,0,0
user_036,user_036_s00,0,16,319.86,133.84,0,0
user_036,user_036_s00,0,17,182.0,114.79,0,0
user_036,user_036_s00,0,18,247.72,150.48,0,0
user_036,user_036_s00,0,19,261.27,145.22,0,0
user_036,user_036_s00,0,20,276.3,129.1,0,0
user_036,user_036_s00,0,21,179.97,113.4,0,0
user_036,user_036_s00,0,22,246.59,100.11,0,0
user_036,user_036_s00,0,23,207.58,136.85,1,0
user_036,user_036_s00,0,24,225.51,118.75,0,0
user_036,user_036_s00,0,25,209.17,141.45,0,0
user_036,user_036_s00,0,26,205.18,142.77,0,0
user_036,user_036_s00,0,27,1189.61,116.41,0,0
user_036,user_036_s00,0,28,274.01,124.56,0,0
user_036,user_036_s00,0,29,166.16,123.82,1,0
user_036,user_036_s00,0,30,215.96,150.25,0,0
user_036,user_036_s00,0,31,728.68,117.75,0,0
user_036,user_036_s00,0,32,289.09,135.99,0,0
user_036,user_036_s00,0,33,176.21,125.61,0,0
user_036,user_036_s00,0,34,196.94,152.04,0,0
user_036,user_036_s00,0,35,194.26,112.46,0,0
user_036,user_036_s00,0,36,139.54,105.69,0,0
user_036,user_036_s00,0,37,140.06,90.66,0,0
user_036,user_036_s00,0,38,238.47,127.31,0,0
user_036,user_036_s00,0,39,193.32,128.61,0,0
user_036,user_036_s01,1,0,240.2,154.99,1,0
user_036,user_036_s01,1,1,236.25,157.8,0,0
user_036,user_036_s01,1,2,374.15,180.07,0,0
user_036,user_036_s01,1,3,373.43,153.7,1,0
user_036,user_036_s01,1,4,274.92,230.07,0,0
user_036,user_036_s01,1,5,1109.62,205.64,0,0
user_036,user_036_s01,1,6,228.08,180.34,0,0
user_036,user_036_s01,1,7,369.12,253.89,0,0
user_036,user_036_s01,1,8,1132.66,176.48,0,0
user_036,user_036_s01,1,9,180.85,198.11,0,0
user_036,user_036_s01,1,10,1397.54,148.77,0,0
user_036,user_036_s01,1,11,296.88,179.36,0,0
user_036,user_036_s01,1,12,379.26,204.95,0,0
user_036,user_036_s01,1,13,234.89,203.78,0,0
user_036,user_036_s01,1,14,421.07,149.22,0,0
user_036,user_036_s01,1,15,329.25,135.41,0,0
user_036,user_036_s01,1,16,415.84,183.48,0,0
user_036,user_036_s01,1,17,205.32,194.44,0,0
user_036,user_036_s01,1,18,348.66,112.04,0,0
user_036,user_036_s01,1,19,339.65,255.9,0,0
user_036,user_036_s01,1,20,342.58,191.55,0,0
user_036,user_036_s01,1,21,355.1,110.05,0,0
user_036,user_036_s01,1,22,348.78,195.31,0,0
user_036,user_036_s01,1,23,131.85,124.48,0,0
user_036,user_036_s01,1,24,469.86,144.83,0,0
user_036,user_036_s01,1,25,270.11,196.73,0,0
user_036,user_036_s01,1,26,275.41,136.69,0,0
user_036,user_036_s01,1,27,332.33,147.41,0,0
user_036,user_036_s01,1,28,368.62,210.22,0,0
user_036,user_036_s01,1,29,212.19,176.64,0,0
user_036,user_036_s01,1,30,196.96,164.72,0,0
user_036,user_036_s01,1,31,455.68,174.52,0,1
user_036,user_036_s01,1,32,297.03,239.75,0,0
user_036,user_036_s01,1,33,353.2,209.84,1,0
user_036,user_036_s01,1,34,238.67,132.23,0,0
user_036,user_036_s01,1,35,467.62,232.74,1,0
user_036,user_036_s01,1,36,399.86,165.6,0,0
user_036,user_036_s01,1,37,278.58,177.39,0,0
user_036,user_036_s01,1,38,460.88,146.52,1,0
user_036,user_036_s01,1,39,385.39,164.15,0,0
user_036,user_036_s02,0,0,190.25,135.14,0,0
user_036,user_036_s02,0,1,218.1,127.61,0,0
user_036,user_036_s02,0,2,216.33,85.8,0,0
user_036,user_036_s02,0,3,968.28,114.48,0,0
user_036,user_036_s02,0,4,198.12,163.2,0,0
user_036,user_036_s02,0,5,250.27,132.99,0,0
user_036,user_036_s02,0,6,251.56,98.06,0,0
user_036,user_036_s02,0,7,242.36,109.39,0,0
user_036,user_036_s02,0,8,214.57,132.67,0,0
user_036,user_036_s02,0,9,327.58,123.9,0,0
user_036,user_036_s02,0,10,176.28,90.7,0,0
user_036,user_036_s02,0,11,235.99,86.32,0,0
user_036,user_036_s02,0,12,246.75,130.57,0,0
user_036,user_036_s02,0,13,140.65,112.79,0,0
user_036,user_036_s02,0,14,151.08,136.99,0,0
user_036,user_036_s02,0,15,269.56,123.98,0,0
user_036,user_036_s02,0,16,227.73,103.18,0,0
user_036,user_036_s02,0,17,162.85,117.13,0,0
user_036,user_036_s02,0,18,268.68,110.2,0,0
user_036,user_036_s02,0,19,206.3,123.01,0,0
user_036,user_036_s02,0,20,1486.05,101.75,0,0
user_036,user_036_s02,0,21,290.23,90.64,0,0
user_036,user_036_s02,0,22,205.62,114.97,0,0
user_036,user_036_s02,0,23,127.67,102.48,0,0
user_036,user_036_s02,0,24,179.53,134.77,0,0
user_036,user_036_s02,0,25,124.4,113.56,0,0
user_036,user_036_s02,0,26,173.61,122.52,0,0
user_036,user_036_s02,0,27,276.08,111.09,0,0
user_036,user_036_s02,0,28,181.36,120.71,0,0
user_036,user_036_s02,0,29,164.38,128.71,0,0
user_036,user_036_s02,0,30,283.54,122.12,0,0
user_036,user_036_s02,0,31,205.33,88.54,0,0
user_036,user_036_s02,0,32,224.24,109.87,0,0
user_036,user_036_s02,0,33,165.08,154.42,0,0
user_036,user_036_s02,0,34,269.03,124.51,0,0
user_036,user_036_s02,0,35,215.62,109.82,0,0
user_036,user_036_s02,0,36,249.13,108.7,0,0
user_036,user_036_s02,0,37,148.87,142.97,0,0
user_036,user_036_s02,0,38,271.88,127.3,0,0
user_036,user_036_s02,0,39,228.26,95.21,0,0
user_036,user_036_s03,0,0,210.08,158.41,0,0
user_036,user_036_s03,0,1,223.37,130.6,0,0
user_036,user_036_s03,0,2,151.26,152.58,0,0
user_036,user_036_s03,0,3,241.38,90.64,0,0
user_036,user_036_s03,0,4,239.13,151.84,0,0
user_036,user_036_s03,0,5,221.56,132.66,0,0
user_036,user_036_s03,0,6,846.25,119.32,0,0
user_036,user_036_s03,0,7,235.41,119.6,0,0
user_036,user_036_s03,0,8,206.35,160.2,0,0
user_036,user_036_s03,0,9,198.67,114.07,0,0
user_036,user_036_s03,0,10,268.07,115.0,0,0
user_036,user_036_s03,0,11,161.94,157.9,1,0
user_036,user_036_s03,0,12,204.83,134.36,0,0
user_036,user_036_s03,0,13,228.84,137.87,0,0
user_036,user_036_s03,0,14,216.14,110.52,0,0
user_036,user_036_s03,0,15,231.23,110.25,0,0
user_036,user_036_s03,0,16,285.17,160.5,0,0
user_036,user_036_s03,0,17,222.41,134.97,0,0
user_036,user_036_s03,0,18,189.89,128.48,0,0
user_036,user_036_s03,0,19,303.43,123.0,0,0
user_036,user_036_s03,0,20,222.11,126.1,0,0
user_036,user_036_s03,0,21,253.48,114.79,0,0
user_036,user_036_s03,0,22,300.7,135.87,0,0
user_036,user_036_s03,0,23,202.29,116.9,0,0
user_036,user_036_s03,0,24,314.39,121.29,0,0
user_036,user_036_s03,0,25,314.37,137.13,0,0
user_036,user_036_s03,0,26,201.8,154.12,0,0
user_036,user_036_s03,0,27,208.87,150.88,1,0
user_036,user_036_s03,0,28,267.46,117.09,0,0
user_036,user_036_s03,0,29,299.43,124.94,0,0
user_036,user_036_s03,0,30,271.63,98.34,0,0
user_036,user_036_s03,0,31,232.67,139.9,0,0
user_036,user_036_s03,0,32,258.47,141.92,0,0
user_036,user_036_s03,0,33,266.43,128.78,0,0
user_036,user_036_s03,0,34,248.6,151.35,0,0
user_036,user_036_s03,0,35,214.34,117.86,0,0
user_036,user_036_s03,0,36,271.13,130.23,0,0
user_036,user_036_s03,0,37,222.8,107.7,0,0
user_036,user_036_s03,0,38,149.93,126.07,0,0
user_036,user_036_s03,0,39,173.5,119.91,0,1
user_036,user_036_s04,0,0,285.93,97.59,1,0
user_036,user_036_s04,0,1,183.32,141.61,0,0
user_036,user_036_s04,0,2,241.34,108.13,0,0
user_036,user_036_s04,0,3,186.53,96.64,0,0
user_036,user_036_s04,0,4,220.65,114.52,0,0
user_036,user_036_s04,0,5,263.18,119.8,0,0
user_036,user_036_s04,0,6,264.46,95.77,0,0
user_036,user_036_s04,0,7,199.45,113.03,0,0
user_036,user_036_s04,0,8,260.87,120.74,0,0
user_036,user_036_s04,0,9,232.9,97.9,0,0
user_036,user_036_s04,0,10,225.65,140.95,0,0
user_036,user_036_s04,0,11,232.58,97.75,0,0
user_036,user_036_s04,0,12,219.14,132.66,0,0
user_036,user_036_s04,0,13,181.24,123.79,0,0
user_036,user_036_s04,0,14,213.99,166.57,0,0
user_036,user_036_s04,0,15,284.28,122.15,0,0
user_036,user_036_s04,0,16,192.4,95.95,0,0
user_036,user_036_s04,0,17,365.16,98.37,0,0
user_036,user_036_s04,0,18,186.58,115.37,0,0
user_036,user_036_s04,0,19,259.3,76.39,0,0
user_036,user_036_s04,0,20,154.91,96.89,0,0
user_036,user_036_s04,0,21,238.89,132.26,0,0
user_036,user_036_s04,0,22,145.81,159.85,0,0
user_036,user_036_s04,0,23,260.03,119.27,0,0
user_036,user_036_s04,0,24,221.62,102.11,0,0
user_036,user_036_s04,0,25,264.76,139.53,0,0
user_036,user_036_s04,0,26,166.37,144.48,0,0
user_036,user_036_s04,0,27,949.56,112.98,0,0
user_036,user_036_s04,0,28,247.73,132.29,0,0
user_036,user_036_s04,0,29,247.34,144.49,0,0
user_036,user_036_s04,0,30,180.44,127.03,0,1
user_036,user_036_s04,0,31,226.82,108.74,0,0
user_036,user_036_s04,0,32,197.33,111.74,0,0
user_036,user_036_s04,0,33,229.18,99.02,0,0
user_036,user_036_s04,0,34,145.45,107.06,1,0
user_036,user_036_s04,0,35,286.56,132.26,0,0
user_036,user_036_s04,0,36,193.1,117.15,0,0
user_036,user_036_s04,0,37,241.96,93.84,0,0
user_036,user_036_s04,0,38,168.2,127.23,0,0
user_036,user_036_s04,0,39,145.77,140.85,0,0
user_036,user_036_s05,0,0,329.57,147.51,0,1
user_036,user_036_s05,0,1,208.94,108.07,0,0
user_036,user_036_s05,0,2,196.7,110.05,0,0
user_036,user_036_s05,0,3,222.93,108.39,0,0
user_036,user_036_s05,0,4,275.82,145.22,0,0
user_036,user_036_s05,0,5,190.38,172.72,0,0
user_036,user_036_s05,0,6,135.06,133.76,0,0
user_036,user_036_s05,0,7,281.78,127.98,0,0
user_036,user_036_s05,0,8,232.18,136.22,0,0
user_036,user_036_s05,0,9,220.93,137.41,0,0
user_036,user_036_s05,0,10,233.58,149.89,0,0
user_036,user_036_s05,0,11,194.35,116.72,0,0
user_036,user_036_s05,0,12,222.44,135.41,0,0
user_036,user_036_s05,0,13,242.77,141.87,0,0
user_036,user_036_s05,0,14,252.79,131.75,0,0
user_036,user_036_s05,0,15,1607.88,99.23,0,0
user_036,user_036_s05,0,16,122.89,93.49,1,0
user_036,user_036_s05,0,17,216.4,102.5,0,0
user_036,user_036_s05,0,18,1607.96,147.07,0,0
user_036,user_036_s05,0,19,236.81,155.42,0,0
user_036,user_036_s05,0,20,211.54,107.52,0,0
user_036,user_036_s05,0,21,318.55,141.8,0,0
user_036,user_036_s05,0,22,210.73,90.76,0,0
user_036,user_036_s05,0,23,250.72,116.12,0,0
user_036,user_036_s05,0,24,209.96,133.84,0,0
user_036,user_036_s05,0,25,251.84,142.25,0,1
user_036,user_036_s05,0,26,164.48,115.11,0,0
user_036,user_036_s05,0,27,1534.16,125.33,1,0
user_036,user_036_s05,0,28,245.69,125.97,0,0
user_036,user_036_s05,0,29,206.95,103.31,0,0
user_036,user_036_s05,0,30,212.67,146.03,0,0
user_036,user_036_s05,0,31,197.62,130.68,0,0
user_036,user_036_s05,0,32,214.74,112.94,0,0
user_036,user_036_s05,0,33,229.73,126.07,0,0
user_036,user_036_s05,0,34,205.51,146.91,0,0
user_036,user_036_s05,0,35,263.56,112.81,0,0
user_036,user_036_s05,0,36,330.17,106.63,0,0
user_036,user_036_s05,0,37,220.63,107.41,0,0
user_036,user_036_s05,0,38,130.82,170.24,0,0
user_036,user_036_s05,0,39,215.16,143.14,0,0
user_036,user_036_s06,0,0,197.71,91.44,0,0
user_036,user_036_s06,0,1,198.1,121.47,0,0
user_036,user_036_s06,0,2,310.85,125.5,0,0
user_036,user_036_s06,0,3,271.08,115.89,0,0
user_036,user_036_s06,0,4,237.26,112.35,0,0
user_036,user_036_s06,0,5,227.51,105.91,0,0
user_036,user_036_s06,0,6,297.09,120.27,0,0
user_036,user_036_s06,0,7,206.47,96.86,0,0
user_036,user_036_s06,0,8,201.01,102.35,0,0
user_036,user_036_s06,0,9,211.04,126.11,0,0
user_036,user_036_s06,0,10,208.41,112.27,0,0
user_036,user_036_s06,0,11,227.72,110.17,0,0
user_036,user_036_s06,0,12,217.1,135.63,0,0
user_036,user_036_s06,0,13,117.98,117.74,0,0
user_036,user_036_s06,0,14,225.69,110.05,0,0
user_036,user_036_s06,0,15,235.31,130.62,0,0
user_036,user_036_s06,0,16,234.73,102.45,0,0
user_036,user_036_s06,0,17,184.5,61.41,0,0
user_036,user_036_s06,0,18,151.87,143.06,0,0
user_036,user_036_s06,0,19,265.38,97.36,0,0
user_036,user_036_s06,0,20,199.04,148.36,0,0
user_036,user_036_s06,0,21,194.2,108.55,0,0
user_036,user_036_s06,0,22,187.7,84.82,0,0
user_036,user_036_s06,0,23,237.12,101.86,0,0
user_036,user_036_s06,0,24,255.48,125.24,0,1
user_036,user_036_s06,0,25,232.71,146.47,0,0
user_036,user_036_s06,0,26,231.17,134.63,0,0
user_036,user_036_s06,0,27,198.22,136.74,0,0
user_036,user_036_s06,0,28,194.94,95.97,0,0
user_036,user_036_s06,0,29,197.37,133.31,0,0
user_036,user_036_s06,0,30,232.25,114.37,0,0
user_036,user_036_s06,0,31,190.14,150.04,0,0
user_036,user_036_s06,0,32,239.78,126.82,0,0
user_036,user_036_s06,0,33,242.81,125.59,0,0
user_036,user_036_s06,0,34,244.72,93.8,1,0
user_036,user_036_s06,0,35,196.57,129.99,0,0
user_036,user_036_s06,0,36,176.67,107.67,0,0
user_036,user_036_s06,0,37,215.86,130.77,0,0
user_036,user_036_s06,0,38,194.02,115.26,0,0
user_036,user_036_s06,0,39,187.67,109.68,0,0
user_036,user_036_s07,0,0,125.96,126.53,1,0
user_036,user_036_s07,0,1,247.67,143.38,0,0
user_036,user_036_s07,0,2,176.85,124.14,0,0
user_036,user_036_s07,0,3,206.93,134.24,0,0
user_036,user_036_s07,0,4,220.41,93.22,0,0
user_036,user_036_s07,0,5,225.06,126.93,0,0
user_036,user_036_s07,0,6,201.79,127.11,0,0
user_036,user_036_s07,0,7,281.47,119.0,0,0
user_036,user_036_s07,0,8,255.37,153.09,0,0
user_036,user_036_s07,0,9,209.55,126.02,0,0
user_036,user_036_s07,0,10,300.63,124.13,1,0
user_036,user_036_s07,0,11,198.08,120.27,0,0
user_036,user_036_s07,0,12,195.18,119.12,0,0
user_036,user_036_s07,0,13,234.48,124.31,0,0
user_036,user_036_s07,0,14,203.86,121.77,0,0
user_036,user_036_s07,0,15,247.57,134.79,0,0
user_036,user_036_s07,0,16,216.43,136.82,1,0
user_036,user_036_s07,0,17,244.58,153.03,0,0
user_036,user_036_s07,0,18,189.58,118.96,0,0
user_036,user_036_s07,0,19,310.6,109.01,0,0
user_036,user_036_s07,0,20,207.37,129.82,0,0
user_036,user_036_s07,0,21,293.81,130.26,0,0
user_036,user_036_s07,0,22,169.21,143.77,0,0
user_036,user_036_s07,0,23,310.16,102.15,0,0
user_036,user_036_s07,0,24,224.0,125.59,0,0
user_036,user_036_s07,0,25,219.08,147.62,0,0
user_036,user_036_s07,0,26,116.41,142.83,0,0
user_036,user_036_s07,0,27,1060.7,148.06,0,0
user_036,user_036_s07,0,28,186.32,120.58,0,0
user_036,user_036_s07,0,29,179.22,87.45,0,0
user_036,user_036_s07,0,30,257.06,131.4,0,0
user_036,user_036_s07,0,31,209.3,135.31,0,0
user_036,user_036_s07,0,32,228.94,115.09,0,0
user_036,user_036_s07,0,33,237.74,133.3,0,0
user_036,user_036_s07,0,34,85.93,129.02,0,1
user_036,user_036_s07,0,35,215.41,100.49,0,0
user_036,user_036_s07,0,36,320.99,145.43,0,0
user_036,user_036_s07,0,37,276.6,99.87,0,0
user_036,user_036_s07,0,38,249.81,139.61,0,0
user_036,user_036_s07,0,39,234.77,110.91,0,0
user_036,user_036_s08,1,0,224.08,124.86,0,0
user_036,user_036_s08,1,1,1082.98,181.27,0,0
user_036,user_036_s08,1,2,272.39,186.13,0,0
user_036,user_036_s08,1,3,429.0,103.52,0,0
user_036,user_036_s08,1,4,1637.24,166.37,0,0
user_036,user_036_s08,1,5,269.79,279.39,1,0
user_036,user_036_s08,1,6,285.84,199.88,1,0
user_036,user_036_s08,1,7,127.58,119.51,0,0
user_036,user_036_s08,1,8,400.19,165.96,0,1
user_036,user_036_s08,1,9,288.56,167.4,0,0
user_036,user_036_s08,1,10,255.43,153.25,0,0
user_036,user_036_s08,1,11,363.14,194.98,0,0
user_036,user_036_s08,1,12,271.66,200.09,0,1
user_036,user_036_s08,1,13,1539.91,141.51,0,0
user_036,user_036_s08,1,14,214.2,182.34,0,0
user_036,user_036_s08,1,15,1387.23,135.41,0,0
user_036,user_036_s08,1,16,314.65,156.19,0,0
user_036,user_036_s08,1,17,240.19,216.07,0,0
user_036,user_036_s08,1,18,152.86,128.06,0,0
user_036,user_036_s08,1,19,415.44,189.08,0,0
user_036,user_036_s08,1,20,167.87,115.43,0,0
user_036,user_036_s08,1,21,365.6,139.38,0,0
user_036,user_036_s08,1,22,815.08,137.05,0,0
user_036,user_036_s08,1,23,388.32,129.99,0,0
user_036,user_036_s08,1,24,295.61,111.24,0,0
user_036,user_036_s08,1,25,281.94,115.37,0,0
user_036,user_036_s08,1,26,332.44,96.85,1,0
user_036,user_036_s08,1,27,294.74,131.43,0,0
user_036,user_036_s08,1,28,310.74,128.08,0,0
user_036,user_036_s08,1,29,283.39,158.52,0,0
user_036,user_036_s08,1,30,368.22,206.74,0,0
user_036,user_036_s08,1,31,234.18,177.14,0,0
user_036,user_036_s08,1,32,414.16,171.17,0,0
user_036,user_036_s08,1,33,324.01,135.5,0,0
user_036,user_036_s08,1,34,1025.95,176.09,0,0
user_036,user_036_s08,1,35,232.51,180.8,0,0
user_036,user_036_s08,1,36,465.42,138.17,0,0
user_036,user_036_s08,1,37,345.34,196.85,0,0
user_036,user_036_s08,1,38,460.82,147.83,0,0
user_036,user_036_s08,1,39,262.42,148.54,0,0
user_036,user_036_s09,1,0,356.39,192.92,0,0
user_036,user_036_s09,1,1,177.03,158.41,0,0
user_036,user_036_s09,1,2,341.81,129.56,0,0
user_036,user_036_s09,1,3,374.26,162.31,0,0
user_036,user_036_s09,1,4,374.92,139.8,0,0
user_036,user_036_s09,1,5,950.18,190.68,0,0
user_036,user_036_s09,1,6,293.15,132.74,1,0
user_036,user_036_s09,1,7,257.9,128.17,0,0
user_036,user_036_s09,1,8,320.62,184.87,0,0
user_036,user_036_s09,1,9,144.64,127.5,0,0
user_036,user_036_s09,1,10,1009.31,185.01,0,0
user_036,user_036_s09,1,11,330.72,231.65,0,0
user_036,user_036_s09,1,12,285.42,191.75,0,0
user_036,user_036_s09,1,13,465.22,201.88,0,1
user_036,user_036_s09,1,14,293.37,198.28,0,0
user_036,user_036_s09,1,15,318.15,114.12,0,0
user_036,user_036_s09,1,16,181.47,104.6,1,0
user_036,user_036_s09,1,17,1090.2,193.06,0,0
user_036,user_036_s09,1,18,394.36,201.05,0,0
user_036,user_036_s09,1,19,1355.41,193.85,0,0
user_036,user_036_s09,1,20,314.41,188.31,0,0
user_036,user_036_s09,1,21,278.53,155.41,0,1
user_036,user_036_s09,1,22,381.29,191.55,0,0
user_036,user_036_s09,1,23,223.79,207.9,0,0
user_036,user_036_s09,1,24,712.79,162.13,0,0
user_036,user_036_s09,1,25,1715.55,151.27,0,0
user_036,user_036_s09,1,26,296.49,132.76,0,0
user_036,user_036_s09,1,27,161.93,134.32,0,0
user_036,user_036_s09,1,28,316.74,163.94,0,0
user_036,user_036_s09,1,29,182.01,184.2,0,0
user_036,user_036_s09,1,30,318.39,225.09,0,0
user_036,user_036_s09,1,31,952.29,158.4,0,0
user_036,user_036_s09,1,32,272.84,137.9,0,0
user_036,user_036_s09,1,33,407.39,187.1,0,1
user_036,user_036_s09,1,34,378.54,160.3,0,0
user_036,user_036_s09,1,35,391.74,219.5,0,0
user_036,user_036_s09,1,36,181.9,202.47,0,0
user_036,user_036_s09,1,37,299.06,197.45,0,1
user_036,user_036_s09,1,38,375.33,131.69,0,1
user_036,user_036_s09,1,39,1674.18,157.97,0,0
user_036,user_036_s10,1,0,1057.32,104.77,0,0
user_036,user_036_s10,1,1,125.93,195.67,0,0
user_036,user_036_s10,1,2,280.32,183.1,0,0
user_036,user_036_s10,1,3,259.55,174.29,0,0
user_036,user_036_s10,1,4,379.94,84.66,0,0
user_036,user_036_s10,1,5,327.93,173.04,0,1
user_036,user_036_s10,1,6,453.28,147.91,0,0
user_036,user_036_s10,1,7,460.85,149.38,0,0
user_036,user_036_s10,1,8,1728.16,171.14,0,0
user_036,user_036_s10,1,9,337.06,213.79,0,0
user_036,user_036_s10,1,10,190.23,236.28,0,0
user_036,user_036_s10,1,11,363.28,214.01,0,0
user_036,user_036_s10,1,12,497.9,167.33,0,0
user_036,user_036_s10,1,13,1086.65,228.57,0,0
user_036,user_036_s10,1,14,264.53,223.71,0,0
user_036,user_036_s10,1,15,287.61,174.5,0,0
user_036,user_036_s10,1,16,468.77,107.16,0,0
user_036,user_036_s10,1,17,213.9,142.17,0,0
user_036,user_036_s10,1,18,1371.93,95.85,0,0
user_036,user_036_s10,1,19,254.82,155.53,0,0
user_036,user_036_s10,1,20,271.57,174.48,0,0
user_036,user_036_s10,1,21,347.86,112.17,0,0
user_036,user_036_s10,1,22,364.08,203.13,0,0
user_036,user_036_s10,1,23,1329.29,178.38,0,0
user_036,user_036_s10,1,24,789.12,107.89,1,0
user_036,user_036_s10,1,25,376.62,179.57,0,1
user_036,user_036_s10,1,26,380.29,109.6,0,0
user_036,user_036_s10,1,27,331.5,244.79,0,0
user_036,user_036_s10,1,28,443.6,127.13,0,0
user_036,user_036_s10,1,29,225.34,138.96,0,0
user_036,user_036_s10,1,30,328.06,156.25,0,0
user_036,user_036_s10,1,31,281.5,175.87,0,0
user_036,user_036_s10,1,32,343.23,157.41,0,0
user_036,user_036_s10,1,33,410.03,116.69,0,0
user_036,user_036_s10,1,34,199.01,174.62,0,0
user_036,user_036_s10,1,35,313.14,151.31,0,0
user_036,user_036_s10,1,36,264.88,150.65,0,0
user_036,user_036_s10,1,37,417.25,227.45,0,0
user_036,user_036_s10,1,38,450.54,157.55,0,1
user_036,user_036_s10,1,39,212.12,159.88,0,0
user_036,user_036_s11,0,0,203.22,112.73,0,0
user_036,user_036_s11,0,1,265.54,110.64,0,0
user_036,user_036_s11,0,2,238.6,100.33,0,0
user_036,user_036_s11,0,3,167.88,143.57,0,0
user_036,user_036_s11,0,4,203.48,120.32,0,0
user_036,user_036_s11,0,5,229.26,136.05,0,0
user_036,user_036_s11,0,6,187.46,79.42,0,1
user_036,user_036_s11,0,7,235.43,135.36,0,0
user_036,user_036_s11,0,8,221.28,98.25,0,0
user_036,user_036_s11,0,9,265.76,113.69,1,0
user_036,user_036_s11,0,10,249.46,122.0,0,0
user_036,user_036_s11,0,11,195.58,154.03,0,0
user_036,user_036_s11,0,12,217.66,151.13,0,0
user_036,user_036_s11,0,13,181.45,117.38,0,0
user_036,user_036_s11,0,14,308.16,126.18,0,0
user_036,user_036_s11,0,15,246.17,107.87,0,0
user_036,user_036_s11,0,16,153.34,119.38,0,0
user_036,user_036_s11,0,17,205.19,118.27,0,0
user_036,user_036_s11,0,18,142.95,124.43,0,0
user_036,user_036_s11,0,19,895.31,108.62,0,0
user_036,user_036_s11,0,20,219.18,127.47,0,1
user_036,user_036_s11,0,21,254.34,125.22,0,0
user_036,user_036_s11,0,22,260.7,99.45,0,0
user_036,user_036_s11,0,23,154.42,116.72,0,0
user_036,user_036_s11,0,24,223.62,109.15,0,0
user_036,user_036_s11,0,25,230.1,155.16,0,0
user_036,user_036_s11,0,26,219.58,141.59,0,0
user_036,user_036_s11,0,27,148.39,136.28,0,1
user_036,user_036_s11,0,28,179.28,109.76,0,0
user_036,user_036_s11,0,29,207.43,151.68,0,0
user_036,user_036_s11,0,30,250.4,112.51,0,0
user_036,user_036_s11,0,31,174.12,105.95,0,0
user_036,user_036_s11,0,32,190.83,159.26,0,0
user_036,user_036_s11,0,33,203.93,130.62,0,0
user_036,user_036_s11,0,34,142.54,104.6,0,0
user_036,user_036_s11,0,35,198.05,111.75,0,0
user_036,user_036_s11,0,36,232.73,132.64,0,0
user_036,user_036_s11,0,37,171.98,113.27,0,0
user_036,user_036_s11,0,38,194.02,117.08,0,0
user_036,user_036_s11,0,39,189.23,148.79,0,0
user_036,user_036_s12,0,0,177.07,97.09,0,0
user_036,user_036_s12,0,1,159.32,78.77,0,0
user_036,user_036_s12,0,2,872.54,99.51,0,0
user_036,user_036_s12,0,3,187.82,105.72,0,0
user_036,user_036_s12,0,4,213.31,115.27,0,0
user_036,user_036_s12,0,5,199.53,108.04,0,0
user_036,user_036_s12,0,6,177.87,103.26,0,0
user_036,user_036_s12,0,7,203.36,102.47,0,0
user_036,user_036_s12,0,8,125.56,108.94,0,0
user_036,user_036_s12,0,9,234.37,130.98,0,0
user_036,user_036_s12,0,10,202.93,123.65,0,0
user_036,user_036_s12,0,11,219.05,99.55,0,0
user_036,user_036_s12,0,12,206.11,105.5,0,0
user_036,user_036_s12,0,13,131.02,146.56,0,0
user_036,user_036_s12,0,14,183.22,100.71,1,0
user_036,user_036_s12,0,15,264.57,123.12,0,0
user_036,user_036_s12,0,16,229.89,129.12,0,0
user_036,user_036_s12,0,17,193.84,111.89,0,0
user_036,user_036_s12,0,18,239.75,99.84,0,0
user_036,user_036_s12,0,19,248.79,77.88,0,0
user_036,user_036_s12,0,20,265.4,122.3,0,0
user_036,user_036_s12,0,21,238.85,115.55,0,0
user_036,user_036_s12,0,22,1035.78,98.48,1,0
user_036,user_036_s12,0,23,205.9,121.18,0,0
user_036,user_036_s12,0,24,245.06,113.96,0,0
user_036,user_036_s12,0,25,158.1,97.62,0,0
user_036,user_036_s12,0,26,238.62,85.91,0,0
user_036,user_036_s12,0,27,212.21,103.76,0,0
user_036,user_036_s12,0,28,230.49,137.09,0,0
user_036,user_036_s12,0,29,259.34,123.58,0,0
user_036,user_036_s12,0,30,162.59,118.35,0,0
user_036,user_036_s12,0,31,268.17,119.15,0,0
user_036,user_036_s12,0,32,233.56,96.27,1,0
user_036,user_036_s12,0,33,216.33,102.85,0,0
user_036,user_036_s12,0,34,149.42,112.62,0,0
user_036,user_036_s12,0,35,176.15,110.37,0,0
user_036,user_036_s12,0,36,245.27,92.47,0,0
user_036,user_036_s12,0,37,203.25,91.49,0,0
user_036,user_036_s12,0,38,255.8,110.0,0,0
user_036,user_036_s12,0,39,240.23,102.62,0,0
user_036,user_036_s13,1,0,484.77,121.36,0,0
user_036,user_036_s13,1,1,133.94,200.09,1,0
user_036,user_036_s13,1,2,167.26,162.09,0,0
user_036,user_036_s13,1,3,252.67,195.79,0,0
user_036,user_036_s13,1,4,383.82,144.77,1,0
user_036,user_036_s13,1,5,352.54,229.38,0,0
user_036,user_036_s13,1,6,476.02,177.42,0,0
user_036,user_036_s13,1,7,392.39,121.92,0,0
user_036,user_036_s13,1,8,313.28,101.84,0,0
user_036,user_036_s13,1,9,411.7,175.18,0,0
user_036,user_036_s13,1,10,270.61,180.06,0,0
user_036,user_036_s13,1,11,308.47,190.62,0,0
user_036,user_036_s13,1,12,250.95,96.17,0,0
user_036,user_036_s13,1,13,398.48,97.25,0,0
user_036,user_036_s13,1,14,263.33,95.41,1,0
user_036,user_036_s13,1,15,171.95,128.54,0,0
user_036,user_036_s13,1,16,171.16,186.6,0,0
user_036,user_036_s13,1,17,191.48,164.26,0,0
user_036,user_036_s13,1,18,342.12,99.33,1,0
user_036,user_036_s13,1,19,281.25,106.23,0,0
user_036,user_036_s13,1,20,298.95,176.34,0,0
user_036,user_036_s13,1,21,333.6,206.88,0,0
user_036,user_036_s13,1,22,344.75,182.97,0,0
user_036,user_036_s13,1,23,265.88,222.37,0,0
user_036,user_036_s13,1,24,287.03,178.74,1,0
user_036,user_036_s13,1,25,253.13,221.62,0,0
user_036,user_036_s13,1,26,330.77,255.18,0,0
user_036,user_036_s13,1,27,286.59,155.98,0,0
user_036,user_036_s13,1,28,213.07,190.62,0,0
user_036,user_036_s13,1,29,305.02,82.14,0,0
user_036,user_036_s13,1,30,360.03,191.18,0,0
user_036,user_036_s13,1,31,462.96,123.37,0,0
user_036,user_036_s13,1,32,185.35,186.88,0,0
user_036,user_036_s13,1,33,174.76,146.71,0,1
user_036,user_036_s13,1,34,161.24,180.69,0,0
user_036,user_036_s13,1,35,236.55,118.89,0,1
user_036,user_036_s13,1,36,278.52,150.18,0,0
user_036,user_036_s13,1,37,253.8,192.14,0,0
user_036,user_036_s13,1,38,160.47,177.13,0,0
user_036,user_036_s13,1,39,432.05,90.41,0,0
user_037,user_037_s00,0,0,184.98,95.06,0,0
user_037,user_037_s00,0,1,108.93,86.22,0,0
user_037,user_037_s00,0,2,230.82,111.49,0,0
user_037,user_037_s00,0,3,203.44,111.79,0,0
user_037,user_037_s00,0,4,142.56,112.11,0,0
user_037,user_037_s00,0,5,185.68,92.85,0,0
user_037,user_037_s00,0,6,180.29,120.66,0,0
user_037,user_037_s00,0,7,159.06,96.6,0,0
user_037,user_037_s00,0,8,214.53,91.14,0,0
user_037,user_037_s00,0,9,240.98,90.63,0,0
user_037,user_037_s00,0,10,176.42,95.42,0,0
user_037,user_037_s00,0,11,177.53,107.23,0,0
user_037,user_037_s00,0,12,159.45,91.13,0,0
user_037,user_037_s00,0,13,115.16,94.43,0,0
user_037,user_037_s00,0,14,206.75,127.66,0,0
user_037,user_037_s00,0,15,257.92,96.8,0,0
user_037,user_037_s00,0,16,186.72,117.88,0,0
user_037,user_037_s00,0,17,185.9,106.85,0,0
user_037,user_037_s00,0,18,189.82,118.9,0,0
user_037,user_037_s00,0,19,174.51,108.62,0,0
user_037,user_037_s00,0,20,152.5,105.85,0,0
user_037,user_037_s00,0,21,280.69,101.15,0,0
user_037,user_037_s00,0,22,208.3,94.71,0,0
user_037,user_037_s00,0,23,212.61,109.22,0,0
user_037,user_037_s00,0,24,270.3,98.13,0,0
user_037,user_037_s00,0,25,199.13,78.75,0,1
user_037,user_037_s00,0,26,162.89,110.49,0,0
user_037,user_037_s00,0,27,154.51,104.22,0,0
user_037,user_037_s00,0,28,258.62,110.93,0,0
user_037,user_037_s00,0,29,219.75,105.7,0,0
user_037,user_037_s00,0,30,188.71,116.55,0,0
user_037,user_037_s00,0,31,173.22,111.94,0,0
user_037,user_037_s00,0,32,182.22,103.93,0,0
user_037,user_037_s00,0,33,205.85,111.22,0,0
user_037,user_037_s00,0,34,255.53,123.99,0,0
user_037,user_037_s00,0,35,189.87,93.92,0,0
user_037,user_037_s00,0,36,162.5,78.14,0,0
user_037,user_037_s00,0,37,147.8,118.86,0,0
user_037,user_037_s00,0,38,213.98,114.21,0,0
user_037,user_037_s00,0,39,229.6,144.21,0,0
user_037,user_037_s01,0,0,220.42,93.47,0,0
user_037,user_037_s01,0,1,186.0,119.86,0,0
user_037,user_037_s01,0,2,211.39,92.75,0,0
user_037,user_037_s01,0,3,172.15,115.13,0,0
user_037,user_037_s01,0,4,165.77,126.91,0,0
user_037,user_037_s01,0,5,237.86,117.86,0,0
user_037,user_037_s01,0,6,150.26,127.9,0,0
user_037,user_037_s01,0,7,1280.19,87.32,0,0
user_037,user_037_s01,0,8,225.89,76.24,0,0
user_037,user_037_s01,0,9,171.26,92.2,0,0
user_037,user_037_s01,0,10,251.44,103.15,0,0
user_037,user_037_s01,0,11,156.43,90.44,0,0
user_037,user_037_s01,0,12,209.29,92.3,1,0
user_037,user_037_s01,0,13,246.43,101.1,0,0
user_037,user_037_s01,0,14,193.93,96.67,0,0
user_037,user_037_s01,0,15,201.47,114.62,0,0
user_037,user_037_s01,0,16,215.98,103.28,0,0
user_037,user_037_s01,0,17,98.92,94.87,1,0
user_037,user_037_s01,0,18,236.82,116.28,0,0
user_037,user_037_s01,0,19,199.21,142.62,0,0
user_037,user_037_s01,0,20,189.51,109.45,1,0
user_037,user_037_s01,0,21,192.84,95.66,0,0
user_037,user_037_s01,0,22,116.61,80.09,0,0
user_037,user_037_s01,0,23,218.73,99.27,0,0
user_037,user_037_s01,0,24,200.41,86.5,0,0
user_037,user_037_s01,0,25,154.32,109.99,0,0
user_037,user_037_s01,0,26,201.64,126.23,0,0
user_037,user_037_s01,0,27,206.32,91.11,0,0
user_037,user_037_s01,0,28,168.26,94.93,0,0
user_037,user_037_s01,0,29,231.58,112.93,0,0
user_037,user_037_s01,0,30,183.14,92.91,0,0
user_037,user_037_s01,0,31,177.8,78.75,0,0
user_037,user_037_s01,0,32,210.6,119.46,0,0
user_037,user_037_s01,0,33,157.33,83.61,0,0
user_037,user_037_s01,0,34,171.3,101.67,0,0
user_037,user_037_s01,0,35,147.71,100.98,0,0
user_037,user_037_s01,0,36,181.37,96.93,0,0
user_037,user_037_s01,0,37,175.95,111.23,0,0
user_037,user_037_s01,0,38,191.91,81.7,0,0
user_037,user_037_s01,0,39,222.68,107.74,0,0
user_037,user_037_s02,0,0,221.78,127.45,0,0
user_037,user_037_s02,0,1,247.41,111.98,0,0
user_037,user_037_s02,0,2,188.23,116.53,0,0
user_037,user_037_s02,0,3,218.85,115.73,0,0
user_037,user_037_s02,0,4,246.58,122.57,0,0
user_037,user_037_s02,0,5,178.97,101.69,0,0
user_037,user_037_s02,0,6,166.91,89.14,0,0
user_037,user_037_s02,0,7,196.98,100.79,0,0
user_037,user_037_s02,0,8,201.62,99.02,1,0
user_037,user_037_s02,0,9,208.25,110.26,0,0
user_037,user_037_s02,0,10,227.71,109.84,0,0
user_037,user_037_s02,0,11,218.75,102.94,0,0
user_037,user_037_s02,0,12,290.77,100.47,0,0
user_037,user_037_s02,0,13,244.58,119.38,0,0
user_037,user_037_s02,0,14,179.39,95.36,0,0
user_037,user_037_s02,0,15,231.37,120.59,0,0
user_037,user_037_s02,0,16,199.1,109.39,0,0
user_037,user_037_s02,0,17,222.66,102.36,0,0
user_037,user_037_s02,0,18,211.55,96.26,0,0
user_037,user_037_s02,0,19,779.73,129.42,0,0
user_037,user_037_s02,0,20,175.79,86.03,0,0
user_037,user_037_s02,0,21,205.65,116.16,0,0
user_037,user_037_s02,0,22,226.49,108.28,0,0
user_037,user_037_s02,0,23,1168.76,106.51,0,0
user_037,user_037_s02,0,24,248.4,92.32,0,0
user_037,user_037_s02,0,25,231.51,99.49,0,0
user_037,user_037_s02,0,26,166.42,142.32,0,0
user_037,user_037_s02,0,27,200.19,125.29,0,0
user_037,user_037_s02,0,28,231.65,124.1,0,0
user_037,user_037_s02,0,29,241.54,120.02,0,0
user_037,user_037_s02,0,30,153.59,113.84,0,0
user_037,user_037_s02,0,31,177.85,130.25,0,0
user_037,user_037_s02,0,32,236.22,113.3,0,0
user_037,user_037_s02,0,33,161.09,142.97,0,0
user_037,user_037_s02,0,34,1596.23,127.99,0,0
user_037,user_037_s02,0,35,200.13,115.29,0,0
user_037,user_037_s02,0,36,193.24,119.4,0,0
user_037,user_037_s02,0,37,119.23,109.58,0,0
user_037,user_037_s02,0,38,237.26,134.53,0,0
user_037,user_037_s02,0,39,174.84,102.35,0,0
user_037,user_037_s03,0,0,783.18,116.71,0,0
user_037,user_037_s03,0,1,214.05,92.48,0,0
user_037,user_037_s03,0,2,162.83,116.49,0,0
user_037,user_037_s03,0,3,179.48,114.55,0,0
user_037,user_037_s03,0,4,1247.88,100.8,0,0
user_037,user_037_s03,0,5,1238.52,112.05,0,0
user_037,user_037_s03,0,6,155.68,118.7,0,0
user_037,user_037_s03,0,7,248.38,83.3,0,0
user_037,user_037_s03,0,8,158.03,111.26,0,0
user_037,user_037_s03,0,9,185.42,113.61,0,0
user_037,user_037_s03,0,10,160.86,103.94,0,0
user_037,user_037_s03,0,11,173.12,128.82,0,0
user_037,user_037_s03,0,12,144.22,109.93,0,0
user_037,user_037_s03,0,13,149.73,137.74,0,0
user_037,user_037_s03,0,14,181.75,127.27,0,0
user_037,user_037_s03,0,15,182.79,132.39,0,0
user_037,user_037_s03,0,16,203.55,117.46,0,0
user_037,user_037_s03,0,17,266.89,123.14,0,0
user_037,user_037_s03,0,18,201.97,103.58,0,0
user_037,user_037_s03,0,19,176.75,136.27,0,0
user_037,user_037_s03,0,20,112.47,91.98,0,0
user_037,user_037_s03,0,21,149.15,132.26,0,0
user_037,user_037_s03,0,22,255.22,105.05,1,0
user_037,user_037_s03,0,23,219.24,88.32,0,0
user_037,user_037_s03,0,24,1212.68,115.68,0,0
user_037,user_037_s03,0,25,213.3,106.04,0,0
user_037,user_037_s03,0,26,153.74,116.04,0,0
user_037,user_037_s03,0,27,206.28,134.33,0,0
user_037,user_037_s03,0,28,186.06,91.14,0,0
user_037,user_037_s03,0,29,232.78,128.71,0,0
user_037,user_037_s03,0,30,188.99,117.68,0,0
user_037,user_037_s03,0,31,166.22,119.1,0,0
user_037,user_037_s03,0,32,204.86,82.46,0,0
user_037,user_037_s03,0,33,178.76,114.37,0,0
user_037,user_037_s03,0,34,214.51,122.69,1,0
user_037,user_037_s03,0,35,195.0,135.32,0,0
user_037,user_037_s03,0,36,228.18,85.74,0,0
user_037,user_037_s03,0,37,161.67,102.95,0,0
user_037,user_037_s03,0,38,248.23,145.69,0,0
user_037,user_037_s03,0,39,207.99,78.53,0,0
user_037,user_037_s04,0,0,152.22,108.33,0,0
user_037,user_037_s04,0,1,203.02,123.4,0,0
user_037,user_037_s04,0,2,176.2,72.76,0,0
user_037,user_037_s04,0,3,252.21,105.51,0,0
user_037,user_037_s04,0,4,175.16,122.86,0,0
user_037,user_037_s04,0,5,272.37,88.27,0,0
user_037,user_037_s04,0,6,208.47,84.6,0,0
user_037,user_037_s04,0,7,978.23,85.19,0,0
user_037,user_037_s04,0,8,167.01,106.8,0,0
user_037,user_037_s04,0,9,184.45,95.62,0,0
user_037,user_037_s04,0,10,175.75,110.56,0,0
user_037,user_037_s04,0,11,191.08,118.46,0,0
user_037,user_037_s04,0,12,749.19,96.06,0,0
user_037,user_037_s04,0,13,245.29,112.34,0,0
user_037,user_037_s04,0,14,216.22,106.23,0,0
user_037,user_037_s04,0,15,225.35,77.17,0,0
user_037,user_037_s04,0,16,231.88,91.69,0,0
user_037,user_037_s04,0,17,176.2,112.24,0,0
user_037,user_037_s04,0,18,148.1,113.39,0,0
user_037,user_037_s04,0,19,204.68,85.62,0,0
user_037,user_037_s04,0,20,191.55,103.17,0,0
user_037,user_037_s04,0,21,186.06,75.24,0,0
user_037,user_037_s04,0,22,272.92,104.67,0,0
user_037,user_037_s04,0,23,211.73,113.31,0,0
user_037,user_037_s04,0,24,155.38,83.23,0,0
user_037,user_037_s04,0,25,200.77,91.01,0,0
user_037,user_037_s04,0,26,207.16,86.37,0,0
user_037,user_037_s04,0,27,166.58,107.48,0,0
user_037,user_037_s04,0,28,218.32,115.66,0,0
user_037,user_037_s04,0,29,151.7,127.95,0,0
user_037,user_037_s04,0,30,163.07,84.03,0,0
user_037,user_037_s04,0,31,180.49,104.44,0,0
user_037,user_037_s04,0,32,176.66,118.84,0,0
user_037,user_037_s04,0,33,195.0,109.06,0,0
user_037,user_037_s04,0,34,165.06,85.92,0,0
user_037,user_037_s04,0,35,204.79,102.45,0,0
user_037,user_037_s04,0,36,202.51,118.97,0,0
user_037,user_037_s04,0,37,79.63,105.25,1,0
user_037,user_037_s04,0,38,237.15,114.4,0,0
user_037,user_037_s04,0,39,208.17,118.06,0,0
user_037,user_037_s05,1,0,246.76,125.0,0,0
user_037,user_037_s05,1,1,219.74,153.32,0,0
user_037,user_037_s05,1,2,211.15,201.06,0,0
user_037,user_037_s05,1,3,352.21,113.74,0,0
user_037,user_037_s05,1,4,308.49,136.13,0,0
user_037,user_037_s05,1,5,317.47,127.49,0,1
user_037,user_037_s05,1,6,360.81,122.67,0,0
user_037,user_037_s05,1,7,329.72,104.79,0,0
user_037,user_037_s05,1,8,178.97,141.91,0,0
user_037,user_037_s05,1,9,292.27,111.72,0,0
user_037,user_037_s05,1,10,119.98,185.25,0,0
user_037,user_037_s05,1,11,195.23,147.03,1,0
user_037,user_037_s05,1,12,320.05,102.08,0,0
user_037,user_037_s05,1,13,206.15,148.4,0,0
user_037,user_037_s05,1,14,282.24,140.85,0,0
user_037,user_037_s05,1,15,1294.92,105.81,0,0
user_037,user_037_s05,1,16,245.79,136.82,0,0
user_037,user_037_s05,1,17,231.41,144.07,0,0
user_037,user_037_s05,1,18,1167.42,199.28,0,0
user_037,user_037_s05,1,19,222.97,106.63,0,0
user_037,user_037_s05,1,20,217.46,148.24,0,1
user_037,user_037_s05,1,21,242.03,104.55,0,0
user_037,user_037_s05,1,22,275.63,128.09,1,0
user_037,user_037_s05,1,23,1390.04,109.34,0,0
user_037,user_037_s05,1,24,231.15,179.31,0,0
user_037,user_037_s05,1,25,1557.27,174.57,0,1
user_037,user_037_s05,1,26,922.85,169.82,1,0
user_037,user_037_s05,1,27,236.17,120.01,0,1
user_037,user_037_s05,1,28,298.22,114.01,0,0
user_037,user_037_s05,1,29,167.1,138.39,0,0
user_037,user_037_s05,1,30,286.14,191.11,0,0
user_037,user_037_s05,1,31,1367.42,166.62,0,0
user_037,user_037_s05,1,32,379.46,208.02,0,0
user_037,user_037_s05,1,33,274.3,128.89,0,0
user_037,user_037_s05,1,34,197.56,137.61,0,0
user_037,user_037_s05,1,35,246.68,158.41,0,0
user_037,user_037_s05,1,36,213.32,136.12,0,0
user_037,user_037_s05,1,37,237.06,136.16,0,1
user_037,user_037_s05,1,38,157.34,108.7,0,0
user_037,user_037_s05,1,39,245.49,113.12,0,0
user_037,user_037_s06,1,0,211.99,109.41,0,0
user_037,user_037_s06,1,1,1276.18,118.39,0,0
user_037,user_037_s06,1,2,275.98,160.54,0,0
user_037,user_037_s06,1,3,322.1,147.81,0,0
user_037,user_037_s06,1,4,1154.0,149.45,0,0
user_037,user_037_s06,1,5,279.3,165.17,0,0
user_037,user_037_s06,1,6,370.79,120.16,1,0
user_037,user_037_s06,1,7,286.16,132.99,0,0
user_037,user_037_s06,1,8,305.19,138.58,0,0
user_037,user_037_s06,1,9,277.32,152.67,1,0
user_037,user_037_s06,1,10,1522.98,128.1,0,0
user_037,user_037_s06,1,11,312.4,137.78,0,0
user_037,user_037_s06,1,12,223.39,136.11,0,0
user_037,user_037_s06,1,13,190.65,111.44,0,0
user_037,user_037_s06,1,14,305.94,136.56,0,0
user_037,user_037_s06,1,15,273.65,158.9,0,0
user_037,user_037_s06,1,16,384.0,121.12,0,0
user_037,user_037_s06,1,17,186.45,113.62,0,0
user_037,user_037_s06,1,18,326.65,140.36,0,0
user_037,user_037_s06,1,19,211.87,132.12,0,0
user_037,user_037_s06,1,20,1663.76,103.09,0,0
user_037,user_037_s06,1,21,310.96,102.48,0,0
user_037,user_037_s06,1,22,271.0,171.74,0,0
user_037,user_037_s06,1,23,277.15,130.12,0,0
user_037,user_037_s06,1,24,1152.68,169.46,0,0
user_037,user_037_s06,1,25,273.46,163.36,0,1
user_037,user_037_s06,1,26,197.16,188.45,0,0
user_037,user_037_s06,1,27,215.35,154.92,0,0
user_037,user_037_s06,1,28,1456.83,133.26,0,0
user_037,user_037_s06,1,29,274.46,164.37,0,0
user_037,user_037_s06,1,30,264.89,96.6,0,0
user_037,user_037_s06,1,31,755.92,171.18,1,0
user_037,user_037_s06,1,32,329.65,192.69,0,0
user_037,user_037_s06,1,33,289.62,120.09,0,0
user_037,user_037_s06,1,34,287.48,142.74,0,0
user_037,user_037_s06,1,35,273.1,151.2,0,0
user_037,user_037_s06,1,36,208.49,139.69,0,0
user_037,user_037_s06,1,37,945.73,145.98,0,0
user_037,user_037_s06,1,38,1109.42,129.46,0,1
user_037,user_037_s06,1,39,231.47,133.76,0,0
user_037,user_037_s07,0,0,179.86,110.71,0,0
user_037,user_037_s07,0,1,188.67,92.77,0,0
user_037,user_037_s07,0,2,216.87,81.39,0,0
user_037,user_037_s07,0,3,241.28,99.81,0,0
user_037,user_037_s07,0,4,197.12,80.37,0,0
user_037,user_037_s07,0,5,163.37,95.3,0,0
user_037,user_037_s07,0,6,198.08,106.03,0,0
user_037,user_037_s07,0,7,885.68,85.57,0,0
user_037,user_037_s07,0,8,199.88,108.73,0,0
user_037,user_037_s07,0,9,226.76,85.44,0,0
user_037,user_037_s07,0,10,166.72,91.13,0,0
user_037,user_037_s07,0,11,168.66,89.67,0,0
user_037,user_037_s07,0,12,196.24,112.87,0,0
user_037,user_037_s07,0,13,230.04,107.13,0,0
user_037,user_037_s07,0,14,825.71,97.7,0,0
user_037,user_037_s07,0,15,208.84,74.41,0,0
user_037,user_037_s07,0,16,201.43,103.32,0,0
user_037,user_037_s07,0,17,157.41,87.68,0,0
user_037,user_037_s07,0,18,215.36,86.74,0,0
user_037,user_037_s07,0,19,151.12,112.81,0,0
user_037,user_037_s07,0,20,227.5,92.38,0,0
user_037,user_037_s07,0,21,196.12,105.13,0,0
user_037,user_037_s07,0,22,195.1,91.61,0,0
user_037,user_037_s07,0,23,235.35,116.56,0,0
user_037,user_037_s07,0,24,195.1,111.65,0,0
user_037,user_037_s07,0,25,177.73,118.24,0,0
user_037,user_037_s07,0,26,199.93,120.77,0,0
user_037,user_037_s07,0,27,160.9,83.73,0,0
user_037,user_037_s07,0,28,198.75,131.74,0,0
user_037,user_037_s07,0,29,184.69,70.23,1,0
user_037,user_037_s07,0,30,166.96,96.23,0,0
user_037,user_037_s07,0,31,273.16,98.29,0,0
user_037,user_037_s07,0,32,183.82,80.22,0,0
user_037,user_037_s07,0,33,170.03,97.31,0,0
user_037,user_037_s07,0,34,131.76,117.49,0,0
user_037,user_037_s07,0,35,164.64,106.13,0,0
user_037,user_037_s07,0,36,216.39,82.13,0,0
user_037,user_037_s07,0,37,137.0,99.82,0,0
user_037,user_037_s07,0,38,150.45,117.14,0,0
user_037,user_037_s07,0,39,224.0,93.3,1,0
user_037,user_037_s08,1,0,133.02,128.25,0,0
user_037,user_037_s08,1,1,229.67,143.17,0,1
user_037,user_037_s08,1,2,199.4,145.4,0,1
user_037,user_037_s08,1,3,213.93,107.79,0,0
user_037,user_037_s08,1,4,237.66,174.55,0,1
user_037,user_037_s08,1,5,297.39,172.69,1,0
user_037,user_037_s08,1,6,704.38,101.66,0,0
user_037,user_037_s08,1,7,307.71,125.03,0,0
user_037,user_037_s08,1,8,231.37,128.8,0,0
user_037,user_037_s08,1,9,198.03,109.4,0,0
user_037,user_037_s08,1,10,240.07,115.48,0,0
user_037,user_037_s08,1,11,248.5,179.91,0,0
user_037,user_037_s08,1,12,292.64,113.03,1,0
user_037,user_037_s08,1,13,214.7,169.3,0,0
user_037,user_037_s08,1,14,150.4,152.66,0,0
user_037,user_037_s08,1,15,145.53,134.99,0,0
user_037,user_037_s08,1,16,266.42,155.33,0,0
user_037,user_037_s08,1,17,254.64,145.8,0,0
user_037,user_037_s08,1,18,329.97,138.48,0,0
user_037,user_037_s08,1,19,142.72,148.51,0,0
user_037,user_037_s08,1,20,252.03,113.1,0,1
user_037,user_037_s08,1,21,275.43,120.25,1,0
user_037,user_037_s08,1,22,243.12,92.4,1,0
user_037,user_037_s08,1,23,1191.93,141.92,0,1
user_037,user_037_s08,1,24,207.38,110.15,0,0
user_037,user_037_s08,1,25,207.35,90.41,1,0
user_037,user_037_s08,1,26,932.23,138.77,0,0
user_037,user_037_s08,1,27,1677.6,118.65,0,0
user_037,user_037_s08,1,28,152.41,163.09,0,0
user_037,user_037_s08,1,29,1361.95,145.27,0,0
user_037,user_037_s08,1,30,312.54,157.15,0,0
user_037,user_037_s08,1,31,150.3,123.02,0,0
user_037,user_037_s08,1,32,250.95,132.08,0,0
user_037,user_037_s08,1,33,68.4,147.14,0,0
user_037,user_037_s08,1,34,1471.28,67.47,0,1
user_037,user_037_s08,1,35,172.15,88.24,0,0
user_037,user_037_s08,1,36,754.65,123.3,1,0
user_037,user_037_s08,1,37,157.43,85.63,0,0
user_037,user_037_s08,1,38,160.7,106.13,0,0
user_037,user_037_s08,1,39,173.86,138.55,0,0
user_037,user_037_s09,0,0,229.5,96.47,0,0
user_037,user_037_s09,0,1,193.24,100.02,1,0
user_037,user_037_s09,0,2,177.04,127.42,0,0
user_037,user_037_s09,0,3,243.04,144.65,0,0
user_037,user_037_s09,0,4,220.05,125.37,0,0
user_037,user_037_s09,0,5,178.51,118.98,0,0
user_037,user_037_s09,0,6,211.15,99.01,0,0
user_037,user_037_s09,0,7,200.2,113.86,0,0
user_037,user_037_s09,0,8,195.18,94.43,0,0
user_037,user_037_s09,0,9,210.6,120.3,0,0
user_037,user_037_s09,0,10,183.99,107.33,0,0
user_037,user_037_s09,0,11,164.35,96.13,0,0
user_037,user_037_s09,0,12,270.3,106.24,0,0
user_037,user_037_s09,0,13,198.66,117.95,0,0
user_037,user_037_s09,0,14,226.53,115.25,0,0
user_037,user_037_s09,0,15,151.86,113.21,0,0
user_037,user_037_s09,0,16,159.08,117.09,0,0
user_037,user_037_s09,0,17,173.77,97.38,0,0
user_037,user_037_s09,0,18,172.95,98.4,0,0
user_037,user_037_s09,0,19,1553.53,100.17,0,0
user_037,user_037_s09,0,20,172.88,93.97,0,0
user_037,user_037_s09,0,21,232.55,112.35,0,0
user_037,user_037_s09,0,22,179.56,91.87,0,0
user_037,user_037_s09,0,23,130.08,115.58,0,0
user_037,user_037_s09,0,24,209.23,90.59,0,0
user_037,user_037_s09,0,25,188.24,122.53,0,0
user_037,user_037_s09,0,26,257.57,115.99,0,0
user_037,user_037_s09,0,27,202.41,91.45,0,0
user_037,user_037_s09,0,28,248.47,118.84,0,0
user_037,user_037_s09,0,29,196.11,110.87,0,0
user_037,user_037_s09,0,30,183.91,128.14,0,0
user_037,user_037_s09,0,31,225.25,110.65,0,0
user_037,user_037_s09,0,32,1123.02,89.3,1,0
user_037,user_037_s09,0,33,243.59,106.32,0,1
user_037,user_037_s09,0,34,191.34,109.77,0,0
user_037,user_037_s09,0,35,150.83,105.1,0,0
user_037,user_037_s09,0,36,222.55,119.72,0,0
user_037,user_037_s09,0,37,197.26,126.62,0,0
user_037,user_037_s09,0,38,162.91,119.08,0,0
user_037,user_037_s09,0,39,218.68,98.32,0,0
user_037,user_037_s10,0,0,235.6,133.84,1,0
user_037,user_037_s10,0,1,254.42,112.98,0,0
user_037,user_037_s10,0,2,267.23,137.4,0,0
user_037,user_037_s10,0,3,188.41,132.22,0,0
user_037,user_037_s10,0,4,251.83,103.27,0,0
user_037,user_037_s10,0,5,239.24,133.45,0,0
user_037,user_037_s10,0,6,172.51,123.82,0,0
user_037,user_037_s10,0,7,218.33,107.46,0,0
user_037,user_037_s10,0,8,133.41,114.93,0,0
user_037,user_037_s10,0,9,163.97,111.01,0,0
user_037,user_037_s10,0,10,179.32,127.16,0,0
user_037,user_037_s10,0,11,172.94,149.01,0,0
user_037,user_037_s10,0,12,272.17,122.07,0,0
user_037,user_037_s10,0,13,181.59,114.83,0,0
user_037,user_037_s10,0,14,232.54,122.06,0,0
user_037,user_037_s10,0,15,218.81,120.72,0,0
user_037,user_037_s10,0,16,218.02,129.92,0,0
user_037,user_037_s10,0,17,206.48,116.29,0,0
user_037,user_037_s10,0,18,197.87,82.06,0,0
user_037,user_037_s10,0,19,248.54,123.63,0,0
user_037,user_037_s10,0,20,137.2,118.12,0,0
user_037,user_037_s10,0,21,258.05,107.11,0,0
user_037,user_037_s10,0,22,207.41,118.66,0,0
user_037,user_037_s10,0,23,229.95,139.35,0,0
user_037,user_037_s10,0,24,245.72,110.3,0,0
user_037,user_037_s10,0,25,267.64,120.6,0,0
user_037,user_037_s10,0,26,196.74,116.28,0,0
user_037,user_037_s10,0,27,207.58,103.19,0,0
user_037,user_037_s10,0,28,167.98,125.88,0,0
user_037,user_037_s10,0,29,235.7,121.46,0,0
user_037,user_037_s10,0,30,292.91,153.64,0,0
user_037,user_037_s10,0,31,204.0,132.12,0,0
user_037,user_037_s10,0,32,214.09,133.65,1,0
user_037,user_037_s10,0,33,238.95,110.78,0,0
user_037,user_037_s10,0,34,219.4,132.62,0,0
user_037,user_037_s10,0,35,250.3,130.0,0,0
user_037,user_037_s10,0,36,220.85,88.86,0,0
user_037,user_037_s10,0,37,256.38,137.98,0,0
user_037,user_037_s10,0,38,206.4,120.8,0,0
user_037,user_037_s10,0,39,225.78,109.87,1,0
user_037,user_037_s11,0,0,130.96,104.81,0,0
user_037,user_037_s11,0,1,171.25,109.21,0,0
user_037,user_037_s11,0,2,205.91,97.85,0,0
user_037,user_037_s11,0,3,162.58,100.27,0,0
user_037,user_037_s11,0,4,193.64,88.29,0,0
user_037,user_037_s11,0,5,151.2,94.54,0,0
user_037,user_037_s11,0,6,115.7,110.78,0,0
user_037,user_037_s11,0,7,179.08,123.77,1,0
user_037,user_037_s11,0,8,1073.47,108.84,0,0
user_037,user_037_s11,0,9,171.33,117.48,0,0
user_037,user_037_s11,0,10,154.84,75.55,0,0
user_037,user_037_s11,0,11,1307.18,110.65,0,0
user_037,user_037_s11,0,12,188.09,108.66,0,0
user_037,user_037_s11,0,13,211.45,93.27,0,0
user_037,user_037_s11,0,14,254.87,103.1,0,0
user_037,user_037_s11,0,15,205.24,122.44,0,0
user_037,user_037_s11,0,16,205.55,109.88,0,0
user_037,user_037_s11,0,17,164.36,99.46,0,0
user_037,user_037_s11,0,18,188.31,129.4,0,0
user_037,user_037_s11,0,19,146.36,104.33,0,0
user_037,user_037_s11,0,20,154.81,124.98,0,0
user_037,user_037_s11,0,21,199.18,98.63,0,0
user_037,user_037_s11,0,22,178.67,104.51,0,0
user_037,user_037_s11,0,23,168.78,124.52,0,0
user_037,user_037_s11,0,24,193.4,90.45,0,0
user_037,user_037_s11,0,25,169.95,136.77,0,0
user_037,user_037_s11,0,26,180.24,93.62,0,0
user_037,user_037_s11,0,27,1452.14,113.29,0,0
user_037,user_037_s11,0,28,172.85,111.43,0,0
user_037,user_037_s11,0,29,156.41,88.45,0,0
user_037,user_037_s11,0,30,232.31,82.83,0,0
user_037,user_037_s11,0,31,256.15,86.29,0,0
user_037,user_037_s11,0,32,189.06,101.21,0,0
user_037,user_037_s11,0,33,183.28,113.5,0,0
user_037,user_037_s11,0,34,190.3,100.08,0,0
user_037,user_037_s11,0,35,165.05,96.47,0,0
user_037,user_037_s11,0,36,229.21,95.12,0,0
user_037,user_037_s11,0,37,221.79,101.12,0,0
user_037,user_037_s11,0,38,172.94,99.23,0,0
user_037,user_037_s11,0,39,177.66,97.63,0,0
user_037,user_037_s12,0,0,198.61,117.44,0,0
user_037,user_037_s12,0,1,182.79,100.09,0,0
user_037,user_037_s12,0,2,214.74,113.85,0,0
user_037,user_037_s12,0,3,228.21,122.07,0,0
user_037,user_037_s12,0,4,179.3,98.06,0,0
user_037,user_037_s12,0,5,1042.26,118.5,0,0
user_037,user_037_s12,0,6,216.17,90.73,0,0
user_037,user_037_s12,0,7,173.91,107.67,0,0
user_037,user_037_s12,0,8,153.04,109.4,0,0
user_037,user_037_s12,0,9,218.94,108.57,0,0
user_037,user_037_s12,0,10,176.33,110.14,0,0
user_037,user_037_s12,0,11,212.43,109.53,0,0
user_037,user_037_s12,0,12,148.83,64.96,0,0
user_037,user_037_s12,0,13,202.97,109.18,0,0
user_037,user_037_s12,0,14,194.87,83.71,0,0
user_037,user_037_s12,0,15,222.64,98.47,0,0
user_037,user_037_s12,0,16,134.57,117.85,0,0
user_037,user_037_s12,0,17,149.75,113.7,0,0
user_037,user_037_s12,0,18,236.9,126.97,0,0
user_037,user_037_s12,0,19,191.26,112.07,0,0
user_037,user_037_s12,0,20,154.82,95.82,0,0
user_037,user_037_s12,0,21,208.57,88.53,0,0
user_037,user_037_s12,0,22,177.07,123.08,0,0
user_037,user_037_s12,0,23,170.03,91.62,1,0
user_037,user_037_s12,0,24,251.85,90.3,0,0
user_037,user_037_s12,0,25,178.7,107.36,0,0
user_037,user_037_s12,0,26,125.63,123.06,0,0
user_037,user_037_s12,0,27,182.74,107.44,0,0
user_037,user_037_s12,0,28,166.78,102.13,0,0
user_037,user_037_s12,0,29,112.41,96.1,0,0
user_037,user_037_s12,0,30,217.3,111.77,0,0
user_037,user_037_s12,0,31,237.72,81.68,0,0
user_037,user_037_s12,0,32,206.41,86.77,0,0
user_037,user_037_s12,0,33,188.15,95.37,0,0
user_037,user_037_s12,0,34,178.39,95.77,0,0
user_037,user_037_s12,0,35,187.29,98.28,0,0
user_037,user_037_s12,0,36,223.77,119.76,0,0
user_037,user_037_s12,0,37,121.57,124.49,0,0
user_037,user_037_s12,0,38,193.01,93.68,0,0
user_037,user_037_s12,0,39,230.27,102.74,0,0
user_037,user_037_s13,0,0,162.38,93.96,0,0
user_037,user_037_s13,0,1,215.45,120.48,0,0
user_037,user_037_s13,0,2,219.45,72.82,0,0
user_037,user_037_s13,0,3,210.08,97.53,0,0
user_037,user_037_s13,0,4,217.42,118.73,0,0
user_037,user_037_s13,0,5,168.18,86.83,0,0
user_037,user_037_s13,0,6,188.0,86.66,0,0
user_037,user_037_s13,0,7,151.28,96.62,0,0
user_037,user_037_s13,0,8,159.83,88.95,0,0
user_037,user_037_s13,0,9,184.8,98.84,0,0
user_037,user_037_s13,0,10,232.47,73.21,0,0
user_037,user_037_s13,0,11,161.58,120.85,0,0
user_037,user_037_s13,0,12,202.33,115.4,0,0
user_037,user_037_s13,0,13,161.19,96.78,0,0
user_037,user_037_s13,0,14,150.02,78.78,0,0
user_037,user_037_s13,0,15,238.98,91.93,0,0
user_037,user_037_s13,0,16,230.79,114.48,0,0
user_037,user_037_s13,0,17,164.29,115.0,0,0
user_037,user_037_s13,0,18,179.77,95.51,0,0
user_037,user_037_s13,0,19,197.3,110.49,0,0
user_037,user_037_s13,0,20,156.56,83.0,0,0
user_037,user_037_s13,0,21,208.82,102.96,0,0
user_037,user_037_s13,0,22,135.92,86.32,0,0
user_037,user_037_s13,0,23,173.01,109.18,0,1
user_037,user_037_s13,0,24,178.98,98.07,0,0
user_037,user_037_s13,0,25,1090.76,100.45,0,0
user_037,user_037_s13,0,26,234.54,103.95,0,0
user_037,user_037_s13,0,27,154.56,79.38,0,0
user_037,user_037_s13,0,28,185.83,104.52,0,0
user_037,user_037_s13,0,29,210.48,120.11,0,0
user_037,user_037_s13,0,30,187.61,105.82,0,0
user_037,user_037_s13,0,31,1256.67,119.15,0,0
user_037,user_037_s13,0,32,218.26,99.12,0,0
user_037,user_037_s13,0,33,125.71,108.13,0,0
user_037,user_037_s13,0,34,182.54,109.76,0,0
user_037,user_037_s13,0,35,192.09,113.58,0,0
user_037,user_037_s13,0,36,189.19,117.84,0,0
user_037,user_037_s13,0,37,162.91,85.63,0,0
user_037,user_037_s13,0,38,220.83,94.2,0,0
user_037,user_037_s13,0,39,200.19,111.75,0,0
user_038,user_038_s00,0,0,228.67,122.97,0,0
user_038,user_038_s00,0,1,249.38,106.15,0,0
user_038,user_038_s00,0,2,295.15,170.46,0,0
user_038,user_038_s00,0,3,213.96,86.86,0,0
user_038,user_038_s00,0,4,259.5,143.58,0,0
user_038,user_038_s00,0,5,237.96,128.07,0,0
user_038,user_038_s00,0,6,306.81,136.9,0,0
user_038,user_038_s00,0,7,232.39,124.99,0,0
user_038,user_038_s00,0,8,279.62,131.38,1,0
user_038,user_038_s00,0,9,200.52,117.03,0,0
user_038,user_038_s00,0,10,195.21,158.05,0,0
user_038,user_038_s00,0,11,189.31,110.96,0,0
user_038,user_038_s00,0,12,293.02,132.74,0,0
user_038,user_038_s00,0,13,277.39,180.75,1,0
user_038,user_038_s00,0,14,309.76,150.56,0,0
user_038,user_038_s00,0,15,276.76,112.49,0,0
user_038,user_038_s00,0,16,253.14,159.8,0,0
user_038,user_038_s00,0,17,234.02,141.7,0,0
user_038,user_038_s00,0,18,295.32,127.22,0,0
user_038,user_038_s00,0,19,276.39,150.8,0,0
user_038,user_038_s00,0,20,209.29,160.69,0,0
user_038,user_038_s00,0,21,220.44,121.9,0,0
user_038,user_038_s00,0,22,254.7,127.06,0,0
user_038,user_038_s00,0,23,1249.02,126.3,0,0
user_038,user_038_s00,0,24,284.3,146.34,0,0
user_038,user_038_s00,0,25,278.85,152.42,0,0
user_038,user_038_s00,0,26,211.01,147.79,0,0
user_038,user_038_s00,0,27,196.11,117.57,0,0
user_038,user_038_s00,0,28,169.4,171.41,0,0
user_038,user_038_s00,0,29,246.93,120.22,0,0
user_038,user_038_s00,0,30,332.07,140.81,0,0
user_038,user_038_s00,0,31,237.15,132.43,0,0
user_038,user_038_s00,0,32,1367.62,115.96,0,0
user_038,user_038_s00,0,33,259.05,140.4,0,1
user_038,user_038_s00,0,34,247.76,137.24,0,0
user_038,user_038_s00,0,35,189.67,149.04,0,0
user_038,user_038_s00,0,36,214.51,135.12,0,0
user_038,user_038_s00,0,37,235.18,140.2,0,0
user_038,user_038_s00,0,38,321.09,169.86,0,0
user_038,user_038_s00,0,39,303.58,132.35,0,0
user_038,user_038_s01,0,0,247.95,96.12,0,0
user_038,user_038_s01,0,1,156.59,124.49,0,0
user_038,user_038_s01,0,2,681.95,117.09,0,0
user_038,user_038_s01,0,3,244.15,127.16,0,0
user_038,user_038_s01,0,4,188.77,172.48,0,0
user_038,user_038_s01,0,5,268.68,126.08,0,0
user_038,user_038_s01,0,6,175.62,122.22,0,0
user_038,user_038_s01,0,7,228.2,107.56,0,0
user_038,user_038_s01,0,8,300.13,145.5,0,0
user_038,user_038_s01,0,9,194.86,127.36,0,0
user_038,user_038_s01,0,10,236.34,113.54,0,0
user_038,user_038_s01,0,11,192.63,141.94,0,0
user_038,user_038_s01,0,12,163.02,122.85,0,1
user_038,user_038_s01,0,13,264.68,125.74,0,0
user_038,user_038_s01,0,14,233.35,110.38,0,0
user_038,user_038_s01,0,15,239.12,93.36,0,0
user_038,user_038_s01,0,16,249.73,144.89,0,0
user_038,user_038_s01,0,17,196.49,137.28,0,0
user_038,user_038_s01,0,18,178.85,135.39,0,0
user_038,user_038_s01,0,19,244.44,126.95,0,0
user_038,user_038_s01,0,20,305.44,118.98,0,1
user_038,user_038_s01,0,21,250.75,131.44,0,0
user_038,user_038_s01,0,22,169.19,142.42,0,0
user_038,user_038_s01,0,23,374.11,136.91,0,0
user_038,user_038_s01,0,24,177.6,116.31,0,0
user_038,user_038_s01,0,25,149.55,147.78,0,0
user_038,user_038_s01,0,26,318.61,130.68,0,0
user_038,user_038_s01,0,27,197.49,130.28,0,0
user_038,user_038_s01,0,28,212.46,119.25,0,0
user_038,user_038_s01,0,29,290.37,120.97,0,0
user_038,user_038_s01,0,30,314.29,133.56,0,0
user_038,user_038_s01,0,31,227.22,104.53,0,0
user_038,user_038_s01,0,32,270.67,121.9,0,0
user_038,user_038_s01,0,33,321.06,119.58,0,0
user_038,user_038_s01,0,34,180.18,125.77,0,0
user_038,user_038_s01,0,35,249.41,134.86,0,0
user_038,user_038_s01,0,36,217.64,103.37,0,0
user_038,user_038_s01,0,37,178.85,161.41,0,0
user_038,user_038_s01,0,38,279.58,129.02,0,0
user_038,user_038_s01,0,39,292.09,140.45,0,0
user_038,user_038_s02,1,0,1806.9,238.36,0,0
user_038,user_038_s02,1,1,373.35,138.96,1,0
user_038,user_038_s02,1,2,404.66,183.16,0,0
user_038,user_038_s02,1,3,1511.49,193.79,0,0
user_038,user_038_s02,1,4,321.92,179.45,0,0
user_038,user_038_s02,1,5,753.1,209.45,0,0
user_038,user_038_s02,1,6,421.45,212.88,0,0
user_038,user_038_s02,1,7,484.44,186.2,0,0
user_038,user_038_s02,1,8,255.16,141.33,0,0
user_038,user_038_s02,1,9,491.03,182.74,0,0
user_038,user_038_s02,1,10,212.03,224.8,0,0
user_038,user_038_s02,1,11,330.56,173.65,1,0
user_038,user_038_s02,1,12,1097.95,121.4,0,0
user_038,user_038_s02,1,13,143.61,223.51,0,0
user_038,user_038_s02,1,14,302.76,160.61,0,0
user_038,user_038_s02,1,15,373.94,213.24,0,0
user_038,user_038_s02,1,16,853.45,157.21,0,0
user_038,user_038_s02,1,17,508.45,198.83,0,0
user_038,user_038_s02,1,18,206.1,168.42,0,0
user_038,user_038_s02,1,19,324.76,154.38,0,0
user_038,user_038_s02,1,20,253.84,197.93,0,0
user_038,user_038_s02,1,21,283.0,147.7,0,0
user_038,user_038_s02,1,22,261.95,110.54,0,0
user_038,user_038_s02,1,23,284.24,206.99,0,0
user_038,user_038_s02,1,24,310.5,156.01,1,0
user_038,user_038_s02,1,25,200.6,189.88,0,0
user_038,user_038_s02,1,26,426.04,188.34,0,1
user_038,user_038_s02,1,27,444.13,205.4,1,0
user_038,user_038_s02,1,28,337.57,214.01,0,1
user_038,user_038_s02,1,29,306.34,197.82,0,0
user_038,user_038_s02,1,30,298.04,203.03,0,0
user_038,user_038_s02,1,31,418.45,214.43,0,0
user_038,user_038_s02,1,32,225.8,157.57,0,0
user_038,user_038_s02,1,33,378.84,154.51,0,0
user_038,user_038_s02,1,34,288.46,202.13,0,0
user_038,user_038_s02,1,35,280.83,111.97,0,0
user_038,user_038_s02,1,36,312.11,129.06,0,0
user_038,user_038_s02,1,37,340.0,113.32,0,0
user_038,user_038_s02,1,38,1288.56,222.15,0,0
user_038,user_038_s02,1,39,231.35,221.27,1,0
user_038,user_038_s03,0,0,205.75,135.1,0,0
user_038,user_038_s03,0,1,130.59,108.94,0,0
user_038,user_038_s03,0,2,194.08,88.76,0,0
user_038,user_038_s03,0,3,216.36,130.32,0,0
user_038,user_038_s03,0,4,216.65,120.91,0,0
user_038,user_038_s03,0,5,161.02,117.98,0,0
user_038,user_038_s03,0,6,204.7,99.08,0,0
user_038,user_038_s03,0,7,236.2,139.29,0,0
user_038,user_038_s03,0,8,261.8,121.85,0,0
user_038,user_038_s03,0,9,345.69,105.85,0,0
user_038,user_038_s03,0,10,280.1,112.46,0,0
user_038,user_038_s03,0,11,184.15,104.87,0,0
user_038,user_038_s03,0,12,202.43,119.3,0,0
user_038,user_038_s03,0,13,245.16,125.04,0,0
user_038,user_038_s03,0,14,287.53,134.32,0,0
user_038,user_038_s03,0,15,309.84,90.86,0,0
user_038,user_038_s03,0,16,146.38,127.87,1,0
user_038,user_038_s03,0,17,274.42,96.1,0,0
user_038,user_038_s03,0,18,167.14,117.25,0,0
user_038,user_038_s03,0,19,214.53,133.12,0,0
user_038,user_038_s03,0,20,273.75,120.93,0,0
user_038,user_038_s03,0,21,188.59,86.47,0,0
user_038,user_038_s03,0,22,1064.41,116.35,0,0
user_038,user_038_s03,0,23,318.26,154.7,0,0
user_038,user_038_s03,0,24,303.8,144.66,0,0
user_038,user_038_s03,0,25,249.46,171.27,0,0
user_038,user_038_s03,0,26,140.67,126.54,0,0
user_038,user_038_s03,0,27,150.43,111.62,0,0
user_038,user_038_s03,0,28,233.9,117.68,0,0
user_038,user_038_s03,0,29,249.81,128.31,1,0
user_038,user_038_s03,0,30,240.08,119.59,0,0
user_038,user_038_s03,0,31,179.14,138.53,0,0
user_038,user_038_s03,0,32,225.07,135.48,0,0
user_038,user_038_s03,0,33,276.41,98.18,0,0
user_038,user_038_s03,0,34,220.18,141.65,0,0
user_038,user_038_s03,0,35,184.86,128.41,0,0
user_038,user_038_s03,0,36,231.79,155.08,0,0
user_038,user_038_s03,0,37,250.26,144.37,0,0
user_038,user_038_s03,0,38,210.86,146.26,0,0
user_038,user_038_s03,0,39,242.25,123.85,0,0
user_038,user_038_s04,0,0,254.84,130.98,0,0
user_038,user_038_s04,0,1,258.54,131.72,0,0
user_038,user_038_s04,0,2,207.81,107.14,0,0
user_038,user_038_s04,0,3,357.3,171.21,0,0
user_038,user_038_s04,0,4,309.97,139.56,0,0
user_038,user_038_s04,0,5,295.73,156.24,0,0
user_038,user_038_s04,0,6,323.25,124.01,0,0
user_038,user_038_s04,0,7,255.05,136.05,0,0
user_038,user_038_s04,0,8,296.24,150.27,0,0
user_038,user_038_s04,0,9,288.1,113.69,0,0
user_038,user_038_s04,0,10,254.88,185.56,0,0
user_038,user_038_s04,0,11,244.82,159.75,0,0
user_038,user_038_s04,0,12,247.59,140.65,0,0
user_038,user_038_s04,0,13,257.5,125.52,0,0
user_038,user_038_s04,0,14,187.19,140.7,0,0
user_038,user_038_s04,0,15,278.76,95.95,0,0
user_038,user_038_s04,0,16,304.34,143.72,0,0
user_038,user_038_s04,0,17,222.06,164.65,0,0
user_038,user_038_s04,0,18,224.71,109.47,0,0
user_038,user_038_s04,0,19,216.64,125.8,0,0
user_038,user_038_s04,0,20,231.72,119.8,0,0
user_038,user_038_s04,0,21,194.46,158.2,0,0
user_038,user_038_s04,0,22,227.32,146.34,0,0
user_038,user_038_s04,0,23,296.61,125.49,0,0
user_038,user_038_s04,0,24,197.83,136.12,0,0
user_038,user_038_s04,0,25,238.77,139.64,0,0
user_038,user_038_s04,0,26,282.85,114.49,0,0
user_038,user_038_s04,0,27,266.04,116.25,0,0
user_038,user_038_s04,0,28,794.76,127.35,0,0
user_038,user_038_s04,0,29,1181.19,119.77,0,0
user_038,user_038_s04,0,30,257.52,134.13,0,0
user_038,user_038_s04,0,31,694.83,121.28,0,0
user_038,user_038_s04,0,32,252.18,139.32,0,0
user_038,user_038_s04,0,33,218.57,135.08,0,0
user_038,user_038_s04,0,34,287.44,148.23,0,0
user_038,user_038_s04,0,35,217.53,141.56,0,0
user_038,user_038_s04,0,36,295.56,100.42,0,0
user_038,user_038_s04,0,37,253.14,127.94,0,0
user_038,user_038_s04,0,38,271.18,145.66,0,0
user_038,user_038_s04,0,39,278.78,159.59,0,0
user_038,user_038_s05,1,0,416.39,164.15,0,0
user_038,user_038_s05,1,1,391.65,212.13,0,0
user_038,user_038_s05,1,2,386.37,165.16,0,0
user_038,user_038_s05,1,3,385.85,219.03,0,1
user_038,user_038_s05,1,4,813.68,225.84,0,1
user_038,user_038_s05,1,5,546.19,218.86,0,1
user_038,user_038_s05,1,6,284.08,191.58,0,0
user_038,user_038_s05,1,7,311.25,174.23,1,0
user_038,user_038_s05,1,8,310.98,156.94,0,0
user_038,user_038_s05,1,9,338.23,131.58,0,0
user_038,user_038_s05,1,10,1132.94,226.6,0,0
user_038,user_038_s05,1,11,467.94,175.95,0,0
user_038,user_038_s05,1,12,1745.53,151.33,0,0
user_038,user_038_s05,1,13,334.99,196.92,0,0
user_038,user_038_s05,1,14,400.79,232.33,0,0
user_038,user_038_s05,1,15,158.67,179.76,0,0
user_038,user_038_s05,1,16,1707.61,214.73,0,0
user_038,user_038_s05,1,17,505.44,219.42,0,0
user_038,user_038_s05,1,18,40.0,177.29,0,0
user_038,user_038_s05,1,19,1638.42,161.7,0,0
user_038,user_038_s05,1,20,410.57,211.3,1,0
user_038,user_038_s05,1,21,301.1,184.52,0,0
user_038,user_038_s05,1,22,1680.52,183.48,0,0
user_038,user_038_s05,1,23,274.34,169.75,0,0
user_038,user_038_s05,1,24,496.28,182.79,0,0
user_038,user_038_s05,1,25,1186.38,153.45,0,0
user_038,user_038_s05,1,26,353.13,153.18,0,0
user_038,user_038_s05,1,27,180.43,261.42,0,0
user_038,user_038_s05,1,28,244.69,169.55,0,0
user_038,user_038_s05,1,29,90.06,202.67,0,0
user_038,user_038_s05,1,30,312.24,159.2,0,0
user_038,user_038_s05,1,31,348.55,227.57,0,0
user_038,user_038_s05,1,32,287.28,186.89,0,1
user_038,user_038_s05,1,33,284.58,166.07,0,0
user_038,user_038_s05,1,34,1381.89,95.63,0,0
user_038,user_038_s05,1,35,227.36,147.4,0,0
user_038,user_038_s05,1,36,943.12,204.38,0,1
user_038,user_038_s05,1,37,341.9,82.81,0,0
user_038,user_038_s05,1,38,141.32,136.14,0,0
user_038,user_038_s05,1,39,469.48,41.44,0,0
user_038,user_038_s06,1,0,529.37,141.15,1,0
user_038,user_038_s06,1,1,631.05,211.36,0,0
user_038,user_038_s06,1,2,205.21,216.5,0,1
user_038,user_038_s06,1,3,1113.84,247.19,0,0
user_038,user_038_s06,1,4,210.37,171.85,1,0
user_038,user_038_s06,1,5,544.21,151.83,0,0
user_038,user_038_s06,1,6,292.84,162.25,0,0
user_038,user_038_s06,1,7,318.78,201.79,0,0
user_038,user_038_s06,1,8,404.92,192.84,0,0
user_038,user_038_s06,1,9,348.92,186.96,0,0
user_038,user_038_s06,1,10,388.54,171.47,0,0
user_038,user_038_s06,1,11,293.93,217.85,0,0
user_038,user_038_s06,1,12,496.12,215.47,0,0
user_038,user_038_s06,1,13,244.41,183.25,0,0
user_038,user_038_s06,1,14,342.85,286.6,1,0
user_038,user_038_s06,1,15,379.43,141.28,0,0
user_038,user_038_s06,1,16,1103.49,173.11,0,0
user_038,user_038_s06,1,17,391.21,154.04,1,0
user_038,user_038_s06,1,18,322.11,163.8,0,0
user_038,user_038_s06,1,19,283.13,184.33,0,0
user_038,user_038_s06,1,20,525.76,206.73,0,0
user_038,user_038_s06,1,21,223.82,195.16,0,1
user_038,user_038_s06,1,22,435.85,305.41,0,0
user_038,user_038_s06,1,23,230.36,129.72,0,0
user_038,user_038_s06,1,24,1015.23,179.9,0,0
user_038,user_038_s06,1,25,447.23,219.3,1,0
user_038,user_038_s06,1,26,1495.16,83.15,1,0
user_038,user_038_s06,1,27,1216.08,222.8,0,0
user_038,user_038_s06,1,28,289.2,249.71,0,0
user_038,user_038_s06,1,29,123.39,180.84,0,0
user_038,user_038_s06,1,30,1238.75,166.8,0,1
user_038,user_038_s06,1,31,247.99,174.28,1,0
user_038,user_038_s06,1,32,285.62,207.46,0,0
user_038,user_038_s06,1,33,206.55,199.87,0,0
user_038,user_038_s06,1,34,281.97,217.96,0,0
user_038,user_038_s06,1,35,492.32,160.88,0,0
user_038,user_038_s06,1,36,528.86,230.31,0,0
user_038,user_038_s06,1,37,269.14,189.23,0,0
user_038,user_038_s06,1,38,334.07,294.83,0,0
user_038,user_038_s06,1,39,378.42,154.31,1,0
user_038,user_038_s07,0,0,275.58,120.44,0,0
user_038,user_038_s07,0,1,251.7,113.25,0,0
user_038,user_038_s07,0,2,358.76,115.47,0,0
user_038,user_038_s07,0,3,269.24,132.27,0,0
user_038,user_038_s07,0,4,222.3,120.78,0,0
user_038,user_038_s07,0,5,170.0,124.63,0,0
user_038,user_038_s07,0,6,293.23,144.02,1,0
user_038,user_038_s07,0,7,215.95,87.76,0,0
user_038,user_038_s07,0,8,200.01,100.18,0,0
user_038,user_038_s07,0,9,193.41,121.37,0,0
user_038,user_038_s07,0,10,184.27,122.82,0,0
user_038,user_038_s07,0,11,226.3,119.0,0,0
user_038,user_038_s07,0,12,212.68,130.81,0,0
user_038,user_038_s07,0,13,246.28,123.5,0,0
user_038,user_038_s07,0,14,1605.53,159.1,0,0
user_038,user_038_s07,0,15,240.24,111.15,0,0
user_038,user_038_s07,0,16,319.44,132.39,0,0
user_038,user_038_s07,0,17,222.11,125.6,0,0
user_038,user_038_s07,0,18,226.56,129.42,0,0
user_038,user_038_s07,0,19,128.32,124.4,0,0
user_038,user_038_s07,0,20,294.59,147.11,0,0
user_038,user_038_s07,0,21,647.38,137.56,0,0
user_038,user_038_s07,0,22,273.83,109.33,0,0
user_038,user_038_s07,0,23,120.93,153.6,0,0
user_038,user_038_s07,0,24,204.72,140.04,0,0
user_038,user_038_s07,0,25,242.92,123.9,0,0
user_038,user_038_s07,0,26,226.98,145.1,0,0
user_038,user_038_s07,0,27,197.37,118.66,0,0
user_038,user_038_s07,0,28,246.22,134.07,0,0
user_038,user_038_s07,0,29,703.42,109.53,0,0
user_038,user_038_s07,0,30,168.7,145.14,0,0
user_038,user_038_s07,0,31,260.22,137.58,0,0
user_038,user_038_s07,0,32,287.62,130.51,0,0
user_038,user_038_s07,0,33,283.05,140.56,0,0
user_038,user_038_s07,0,34,238.11,101.46,0,0
user_038,user_038_s07,0,35,222.75,145.89,0,0
user_038,user_038_s07,0,36,267.0,116.11,0,1
user_038,user_038_s07,0,37,229.07,162.57,0,0
user_038,user_038_s07,0,38,295.75,129.67,0,0
user_038,user_038_s07,0,39,346.34,106.4,1,0
user_038,user_038_s08,0,0,243.38,119.51,0,0
user_038,user_038_s08,0,1,380.16,148.23,0,0
user_038,user_038_s08,0,2,1414.88,161.7,0,0
user_038,user_038_s08,0,3,270.82,120.25,0,0
user_038,user_038_s08,0,4,304.5,150.03,0,0
user_038,user_038_s08,0,5,249.65,154.87,0,0
user_038,user_038_s08,0,6,204.02,125.95,0,0
user_038,user_038_s08,0,7,692.57,135.28,0,0
user_038,user_038_s08,0,8,207.44,130.69,0,0
user_038,user_038_s08,0,9,155.63,147.64,0,0
user_038,user_038_s08,0,10,287.26,126.14,0,0
user_038,user_038_s08,0,11,215.37,115.02,0,0
user_038,user_038_s08,0,12,308.54,155.11,0,0
user_038,user_038_s08,0,13,278.47,166.75,0,0
user_038,user_038_s08,0,14,300.83,141.15,0,0
user_038,user_038_s08,0,15,329.6,110.01,0,0
user_038,user_038_s08,0,16,300.7,124.79,0,0
user_038,user_038_s08,0,17,317.25,137.27,0,0
user_038,user_038_s08,0,18,236.62,150.31,0,0
user_038,user_038_s08,0,19,319.28,132.17,0,0
user_038,user_038_s08,0,20,292.43,151.14,0,0
user_038,user_038_s08,0,21,289.92,130.35,0,0
user_038,user_038_s08,0,22,315.42,168.73,0,0
user_038,user_038_s08,0,23,317.64,118.04,0,0
user_038,user_038_s08,0,24,281.82,142.46,0,0
user_038,user_038_s08,0,25,180.12,135.68,0,0
user_038,user_038_s08,0,26,331.9,149.94,0,0
user_038,user_038_s08,0,27,243.69,121.29,0,0
user_038,user_038_s08,0,28,283.07,149.04,0,0
user_038,user_038_s08,0,29,298.98,136.42,0,0
user_038,user_038_s08,0,30,168.04,150.54,0,0
user_038,user_038_s08,0,31,251.26,135.91,0,0
user_038,user_038_s08,0,32,275.38,167.82,1,0
user_038,user_038_s08,0,33,408.8,146.35,0,0
user_038,user_038_s08,0,34,309.96,140.17,0,0
user_038,user_038_s08,0,35,224.38,140.96,0,0
user_038,user_038_s08,0,36,871.53,141.52,0,0
user_038,user_038_s08,0,37,336.55,158.53,0,0
user_038,user_038_s08,0,38,255.86,147.8,0,0
user_038,user_038_s08,0,39,270.11,141.53,0,0
user_038,user_038_s09,0,0,249.06,123.83,0,0
user_038,user_038_s09,0,1,199.61,143.72,0,0
user_038,user_038_s09,0,2,291.94,151.99,0,0
user_038,user_038_s09,0,3,208.58,108.12,0,0
user_038,user_038_s09,0,4,204.71,158.86,0,0
user_038,user_038_s09,0,5,196.68,126.83,0,0
user_038,user_038_s09,0,6,195.94,140.19,0,0
user_038,user_038_s09,0,7,281.9,117.01,0,0
user_038,user_038_s09,0,8,222.35,156.47,0,0
user_038,user_038_s09,0,9,362.09,101.42,0,0
user_038,user_038_s09,0,10,259.8,135.21,0,0
user_038,user_038_s09,0,11,254.22,126.96,0,0
user_038,user_038_s09,0,12,1608.15,151.15,0,0
user_038,user_038_s09,0,13,220.4,128.36,0,0
user_038,user_038_s09,0,14,287.54,159.82,0,1
user_038,user_038_s09,0,15,207.53,130.91,0,0
user_038,user_038_s09,0,16,225.03,147.81,0,0
user_038,user_038_s09,0,17,288.99,149.54,0,0
user_038,user_038_s09,0,18,311.87,143.65,0,0
user_038,user_038_s09,0,19,345.55,146.54,0,0
user_038,user_038_s09,0,20,962.56,106.45,0,0
user_038,user_038_s09,0,21,273.59,125.54,0,0
user_038,user_038_s09,0,22,162.46,126.98,0,0
user_038,user_038_s09,0,23,1057.23,148.84,0,0
user_038,user_038_s09,0,24,240.05,158.52,0,0
user_038,user_038_s09,0,25,281.18,141.6,0,0
user_038,user_038_s09,0,26,278.11,130.64,0,0
user_038,user_038_s09,0,27,270.21,136.81,0,0
user_038,user_038_s09,0,28,218.15,142.08,0,0
user_038,user_038_s09,0,29,213.24,134.78,0,0
user_038,user_038_s09,0,30,290.97,123.88,0,0
user_038,user_038_s09,0,31,223.79,114.57,0,0
user_038,user_038_s09,0,32,215.03,117.36,0,0
user_038,user_038_s09,0,33,242.84,114.72,0,0
user_038,user_038_s09,0,34,1588.23,139.56,0,0
user_038,user_038_s09,0,35,228.04,124.39,0,0
user_038,user_038_s09,0,36,241.12,148.26,0,0
user_038,user_038_s09,0,37,260.8,94.51,0,0
user_038,user_038_s09,0,38,200.41,121.14,0,0
user_038,user_038_s09,0,39,193.08,133.03,0,0
user_038,user_038_s10,1,0,234.61,173.28,0,0
user_038,user_038_s10,1,1,305.39,301.51,0,1
user_038,user_038_s10,1,2,955.62,167.53,0,0
user_038,user_038_s10,1,3,251.74,251.15,0,0
user_038,user_038_s10,1,4,422.21,186.38,0,0
user_038,user_038_s10,1,5,584.72,196.69,0,1
user_038,user_038_s10,1,6,450.56,252.24,0,0
user_038,user_038_s10,1,7,394.09,154.55,0,0
user_038,user_038_s10,1,8,488.9,245.02,0,0
user_038,user_038_s10,1,9,400.0,179.18,0,0
user_038,user_038_s10,1,10,322.48,222.81,0,1
user_038,user_038_s10,1,11,379.08,234.0,1,0
user_038,user_038_s10,1,12,255.79,227.52,0,0
user_038,user_038_s10,1,13,234.93,149.39,0,0
user_038,user_038_s10,1,14,345.71,178.72,1,0
user_038,user_038_s10,1,15,290.75,203.26,0,0
user_038,user_038_s10,1,16,289.42,158.73,1,0
user_038,user_038_s10,1,17,256.71,211.89,1,0
user_038,user_038_s10,1,18,331.79,237.31,0,0
user_038,user_038_s10,1,19,289.34,177.74,0,0
user_038,user_038_s10,1,20,360.87,232.15,1,0
user_038,user_038_s10,1,21,293.9,197.07,0,0
user_038,user_038_s10,1,22,290.63,207.16,0,0
user_038,user_038_s10,1,23,338.32,223.05,0,0
user_038,user_038_s10,1,24,199.45,242.61,0,0
user_038,user_038_s10,1,25,273.06,159.0,0,1
user_038,user_038_s10,1,26,476.68,232.68,0,0
user_038,user_038_s10,1,27,423.32,231.28,0,0
user_038,user_038_s10,1,28,1365.94,203.18,0,0
user_038,user_038_s10,1,29,212.69,156.97,0,0
user_038,user_038_s10,1,30,257.39,217.14,0,0
user_038,user_038_s10,1,31,333.45,213.74,0,0
user_038,user_038_s10,1,32,395.25,189.46,0,0
user_038,user_038_s10,1,33,297.8,226.63,0,0
user_038,user_038_s10,1,34,411.84,171.27,0,0
user_038,user_038_s10,1,35,1620.49,221.59,0,0
user_038,user_038_s10,1,36,1170.12,199.22,0,0
user_038,user_038_s10,1,37,398.5,227.54,0,0
user_038,user_038_s10,1,38,442.79,146.47,0,0
user_038,user_038_s10,1,39,1176.88,90.7,1,0
user_038,user_038_s11,0,0,309.19,134.53,0,0
user_038,user_038_s11,0,1,278.64,138.8,0,0
user_038,user_038_s11,0,2,312.17,122.19,0,0
user_038,user_038_s11,0,3,313.97,159.4,0,0
user_038,user_038_s11,0,4,322.54,130.4,0,0
user_038,user_038_s11,0,5,312.05,124.47,0,0
user_038,user_038_s11,0,6,126.93,154.17,0,0
user_038,user_038_s11,0,7,273.11,118.73,0,0
user_038,user_038_s11,0,8,257.14,142.47,0,0
user_038,user_038_s11,0,9,288.79,121.06,1,0
user_038,user_038_s11,0,10,179.44,131.02,0,0
user_038,user_038_s11,0,11,195.14,137.31,0,0
user_038,user_038_s11,0,12,336.63,148.85,0,0
user_038,user_038_s11,0,13,280.98,137.82,0,0
user_038,user_038_s11,0,14,265.54,127.04,0,0
user_038,user_038_s11,0,15,224.8,144.81,0,0
user_038,user_038_s11,0,16,202.53,120.53,0,0
user_038,user_038_s11,0,17,216.66,157.76,0,0
user_038,user_038_s11,0,18,216.98,191.31,0,0
user_038,user_038_s11,0,19,282.85,138.95,0,0
user_038,user_038_s11,0,20,265.36,147.51,1,0
user_038,user_038_s11,0,21,208.58,114.73,0,0
user_038,user_038_s11,0,22,293.93,136.22,0,0
user_038,user_038_s11,0,23,117.84,150.29,1,0
user_038,user_038_s11,0,24,117.94,145.25,0,0
user_038,user_038_s11,0,25,286.42,124.26,0,0
user_038,user_038_s11,0,26,331.18,127.94,0,0
user_038,user_038_s11,0,27,119.51,132.16,0,0
user_038,user_038_s11,0,28,227.09,132.17,0,0
user_038,user_038_s11,0,29,334.57,122.57,1,0
user_038,user_038_s11,0,30,1412.44,159.33,0,0
user_038,user_038_s11,0,31,294.63,154.59,0,0
user_038,user_038_s11,0,32,234.38,113.91,0,0
user_038,user_038_s11,0,33,296.22,176.14,0,0
user_038,user_038_s11,0,34,307.56,153.04,0,0
user_038,user_038_s11,0,35,267.87,127.2,0,0
user_038,user_038_s11,0,36,209.68,133.34,0,0
user_038,user_038_s11,0,37,203.87,134.73,0,0
user_038,user_038_s11,0,38,226.8,115.62,0,0
user_038,user_038_s11,0,39,171.28,104.69,0,0
user_038,user_038_s12,0,0,260.88,141.9,0,0
user_038,user_038_s12,0,1,208.95,152.53,0,0
user_038,user_038_s12,0,2,297.79,128.15,0,0
user_038,user_038_s12,0,3,251.33,124.88,0,0
user_038,user_038_s12,0,4,264.1,130.48,0,0
user_038,user_038_s12,0,5,251.57,134.83,0,0
user_038,user_038_s12,0,6,150.54,138.67,0,0
user_038,user_038_s12,0,7,292.65,112.87,0,0
user_038,user_038_s12,0,8,218.81,101.12,0,0
user_038,user_038_s12,0,9,265.84,114.02,0,0
user_038,user_038_s12,0,10,271.22,122.6,0,0
user_038,user_038_s12,0,11,231.78,161.52,0,0
user_038,user_038_s12,0,12,293.5,101.77,0,0
user_038,user_038_s12,0,13,344.45,150.59,0,0
user_038,user_038_s12,0,14,239.96,118.29,0,0
user_038,user_038_s12,0,15,233.46,130.46,0,0
user_038,user_038_s12,0,16,249.49,141.59,0,0
user_038,user_038_s12,0,17,276.81,138.93,0,0
user_038,user_038_s12,0,18,1052.81,150.33,0,0
user_038,user_038_s12,0,19,226.23,85.46,0,0
user_038,user_038_s12,0,20,247.8,176.07,0,0
user_038,user_038_s12,0,21,217.64,154.95,0,0
user_038,user_038_s12,0,22,220.78,124.91,0,0
user_038,user_038_s12,0,23,275.16,151.48,0,0
user_038,user_038_s12,0,24,216.21,162.09,0,0
user_038,user_038_s12,0,25,263.51,198.57,0,0
user_038,user_038_s12,0,26,203.66,154.59,0,0
user_038,user_038_s12,0,27,257.3,134.64,0,1
user_038,user_038_s12,0,28,213.0,133.58,0,0
user_038,user_038_s12,0,29,246.11,116.13,0,0
user_038,user_038_s12,0,30,315.66,159.77,0,0
user_038,user_038_s12,0,31,214.27,147.43,0,0
user_038,user_038_s12,0,32,207.57,149.27,0,0
user_038,user_038_s12,0,33,262.78,144.5,0,0
user_038,user_038_s12,0,34,235.66,90.11,0,0
user_038,user_038_s12,0,35,387.37,119.61,0,0
user_038,user_038_s12,0,36,177.91,85.06,0,0
user_038,user_038_s12,0,37,250.62,146.14,0,0
user_038,user_038_s12,0,38,372.17,124.77,0,0
user_038,user_038_s12,0,39,264.65,136.24,0,0
user_038,user_038_s13,0,0,248.64,145.69,0,0
user_038,user_038_s13,0,1,255.28,131.18,0,0
user_038,user_038_s13,0,2,188.91,119.87,0,0
user_038,user_038_s13,0,3,249.05,122.4,0,0
user_038,user_038_s13,0,4,107.71,132.6,0,0
user_038,user_038_s13,0,5,302.03,117.58,0,0
user_038,user_038_s13,0,6,169.22,138.93,0,0
user_038,user_038_s13,0,7,236.65,119.31,0,0
user_038,user_038_s13,0,8,257.56,120.32,0,0
user_038,user_038_s13,0,9,243.97,120.66,0,0
user_038,user_038_s13,0,10,258.04,91.37,0,0
user_038,user_038_s13,0,11,295.29,123.35,0,0
user_038,user_038_s13,0,12,204.98,136.54,0,0
user_038,user_038_s13,0,13,244.48,160.17,0,0
user_038,user_038_s13,0,14,203.91,157.25,0,0
user_038,user_038_s13,0,15,287.33,128.92,0,0
user_038,user_038_s13,0,16,226.76,128.43,0,0
user_038,user_038_s13,0,17,227.78,115.81,0,0
user_038,user_038_s13,0,18,223.29,143.03,0,0
user_038,user_038_s13,0,19,249.73,105.02,0,0
user_038,user_038_s13,0,20,229.43,112.05,0,0
user_038,user_038_s13,0,21,229.29,100.33,0,0
user_038,user_038_s13,0,22,215.38,126.6,0,0
user_038,user_038_s13,0,23,221.3,132.36,0,0
user_038,user_038_s13,0,24,238.16,107.03,0,0
user_038,user_038_s13,0,25,281.24,110.66,0,0
user_038,user_038_s13,0,26,250.22,139.38,0,0
user_038,user_038_s13,0,27,211.02,124.03,0,0
user_038,user_038_s13,0,28,214.97,110.86,1,0
user_038,user_038_s13,0,29,308.46,116.99,0,0
user_038,user_038_s13,0,30,161.53,141.78,0,0
user_038,user_038_s13,0,31,170.18,139.67,0,0
user_038,user_038_s13,0,32,198.04,126.08,0,0
user_038,user_038_s13,0,33,263.67,108.6,0,0
user_038,user_038_s13,0,34,191.83,104.69,0,0
user_038,user_038_s13,0,35,190.42,94.97,0,0
user_038,user_038_s13,0,36,278.69,111.76,0,0
user_038,user_038_s13,0,37,165.09,140.43,0,0
user_038,user_038_s13,0,38,266.33,113.96,1,0
user_038,user_038_s13,0,39,1455.04,109.39,0,0
user_039,user_039_s00,1,0,68.0,52.37,0,0
user_039,user_039_s00,1,1,249.56,144.55,0,0
user_039,user_039_s00,1,2,755.29,112.28,0,0
user_039,user_039_s00,1,3,129.82,113.18,0,0
user_039,user_039_s00,1,4,380.03,141.23,0,0
user_039,user_039_s00,1,5,176.53,60.04,0,0
user_039,user_039_s00,1,6,201.37,93.31,0,0
user_039,user_039_s00,1,7,94.89,147.8,0,0
user_039,user_039_s00,1,8,266.39,160.19,0,0
user_039,user_039_s00,1,9,446.65,192.51,0,0
user_039,user_039_s00,1,10,271.54,146.6,0,0
user_039,user_039_s00,1,11,1237.01,161.43,0,0
user_039,user_039_s00,1,12,184.71,141.94,0,0
user_039,user_039_s00,1,13,317.28,173.36,0,0
user_039,user_039_s00,1,14,175.11,92.05,0,0
user_039,user_039_s00,1,15,144.72,109.83,0,0
user_039,user_039_s00,1,16,294.12,133.93,0,0
user_039,user_039_s00,1,17,392.19,137.73,0,0
user_039,user_039_s00,1,18,163.91,88.17,0,0
user_039,user_039_s00,1,19,282.65,73.95,0,0
user_039,user_039_s00,1,20,53.18,101.19,0,1
user_039,user_039_s00,1,21,809.46,108.44,0,0
user_039,user_039_s00,1,22,512.3,151.45,0,0
user_039,user_039_s00,1,23,203.32,54.77,1,0
user_039,user_039_s00,1,24,188.18,230.29,0,0
user_039,user_039_s00,1,25,314.12,102.57,0,0
user_039,user_039_s00,1,26,143.79,72.52,0,0
user_039,user_039_s00,1,27,312.9,83.51,0,0
user_039,user_039_s00,1,28,1008.49,132.09,0,0
user_039,user_039_s00,1,29,217.0,99.86,0,0
user_039,user_039_s00,1,30,396.64,130.15,0,0
user_039,user_039_s00,1,31,91.64,121.62,0,0
user_039,user_039_s00,1,32,213.81,141.91,0,0
user_039,user_039_s00,1,33,383.97,133.1,1,0
user_039,user_039_s00,1,34,345.06,154.23,0,0
user_039,user_039_s00,1,35,204.63,204.22,0,0
user_039,user_039_s00,1,36,183.35,121.77,0,0
user_039,user_039_s00,1,37,274.5,95.75,0,0
user_039,user_039_s00,1,38,52.58,174.8,0,0
user_039,user_039_s00,1,39,253.04,153.45,0,0
user_039,user_039_s01,0,0,274.86,105.55,0,0
user_039,user_039_s01,0,1,168.61,107.12,0,0
user_039,user_039_s01,0,2,234.41,105.1,0,0
user_039,user_039_s01,0,3,237.15,94.08,0,0
user_039,user_039_s01,0,4,213.72,98.59,0,0
user_039,user_039_s01,0,5,106.81,146.88,0,0
user_039,user_039_s01,0,6,202.16,123.06,0,0
user_039,user_039_s01,0,7,214.88,131.45,0,0
user_039,user_039_s01,0,8,276.93,100.83,0,0
user_039,user_039_s01,0,9,272.59,134.1,0,0
user_039,user_039_s01,0,10,240.24,138.89,0,0
user_039,user_039_s01,0,11,339.41,104.22,0,0
user_039,user_039_s01,0,12,235.02,170.71,0,0
user_039,user_039_s01,0,13,176.95,91.69,0,0
user_039,user_039_s01,0,14,257.53,86.38,0,0
user_039,user_039_s01,0,15,196.36,94.36,0,0
user_039,user_039_s01,0,16,227.94,102.16,0,0
user_039,user_039_s01,0,17,151.96,129.35,0,0
user_039,user_039_s01,0,18,173.72,97.1,0,0
user_039,user_039_s01,0,19,120.53,68.15,0,0
user_039,user_039_s01,0,20,204.73,99.87,0,0
user_039,user_039_s01,0,21,166.83,105.2,0,0
user_039,user_039_s01,0,22,332.58,121.22,0,0
user_039,user_039_s01,0,23,273.57,55.8,0,0
user_039,user_039_s01,0,24,178.36,104.88,0,0
user_039,user_039_s01,0,25,1191.83,111.01,0,0
user_039,user_039_s01,0,26,164.76,113.31,0,0
user_039,user_039_s01,0,27,158.42,128.41,0,0
user_039,user_039_s01,0,28,150.82,90.97,0,0
user_039,user_039_s01,0,29,199.69,108.96,0,0
user_039,user_039_s01,0,30,166.69,113.94,0,0
user_039,user_039_s01,0,31,144.8,105.65,0,0
user_039,user_039_s01,0,32,274.61,121.28,0,0
user_039,user_039_s01,0,33,172.51,90.87,0,0
user_039,user_039_s01,0,34,171.42,122.8,0,1
user_039,user_039_s01,0,35,296.27,106.43,0,0
user_039,user_039_s01,0,36,308.57,129.39,0,0
user_039,user_039_s01,0,37,254.59,138.01,0,0
user_039,user_039_s01,0,38,1390.93,131.6,0,0
user_039,user_039_s01,0,39,163.61,82.47,0,0
user_039,user_039_s02,0,0,163.84,91.24,0,0
user_039,user_039_s02,0,1,152.05,125.8,0,0
user_039,user_039_s02,0,2,223.95,96.86,0,0
user_039,user_039_s02,0,3,312.33,91.66,0,0
user_039,user_039_s02,0,4,302.73,129.43,0,0
user_039,user_039_s02,0,5,257.7,139.97,0,0
user_039,user_039_s02,0,6,222.71,115.71,0,0
user_039,user_039_s02,0,7,193.32,75.25,0,0
user_039,user_039_s02,0,8,191.2,138.25,0,0
user_039,user_039_s02,0,9,188.17,76.86,0,0
user_039,user_039_s02,0,10,215.6,84.72,0,0
user_039,user_039_s02,0,11,179.46,104.26,0,0
user_039,user_039_s02,0,12,190.03,119.32,0,0
user_039,user_039_s02,0,13,170.5,103.09,0,1
user_039,user_039_s02,0,14,195.73,142.43,0,0
user_039,user_039_s02,0,15,200.22,118.73,0,1
user_039,user_039_s02,0,16,219.29,114.08,0,0
user_039,user_039_s02,0,17,236.37,82.86,0,0
user_039,user_039_s02,0,18,371.27,143.21,0,0
user_039,user_039_s02,0,19,275.54,109.73,0,0
user_039,user_039_s02,0,20,269.97,90.13,0,0
user_039,user_039_s02,0,21,1034.06,98.52,0,0
user_039,user_039_s02,0,22,233.95,144.23,0,0
user_039,user_039_s02,0,23,984.77,118.78,0,0
user_039,user_039_s02,0,24,235.48,108.31,0,0
user_039,user_039_s02,0,25,187.74,100.72,0,0
user_039,user_039_s02,0,26,175.01,124.23,0,0
user_039,user_039_s02,0,27,121.02,81.14,0,0
user_039,user_039_s02,0,28,126.9,116.44,0,0
user_039,user_039_s02,0,29,194.67,102.05,0,0
user_039,user_039_s02,0,30,221.81,81.3,0,0
user_039,user_039_s02,0,31,207.28,105.24,0,0
user_039,user_039_s02,0,32,181.61,80.02,0,0
user_039,user_039_s02,0,33,234.06,99.72,0,0
user_039,user_039_s02,0,34,245.99,63.45,0,0
user_039,user_039_s02,0,35,236.13,98.16,0,0
user_039,user_039_s02,0,36,238.66,85.62,0,0
user_039,user_039_s02,0,37,249.37,111.42,0,0
user_039,user_039_s02,0,38,104.29,108.88,0,1
user_039,user_039_s02,0,39,226.83,118.82,0,0
user_039,user_039_s03,0,0,237.82,96.36,0,0
user_039,user_039_s03,0,1,164.52,104.31,0,0
user_039,user_039_s03,0,2,232.33,104.83,0,0
user_039,user_039_s03,0,3,321.99,133.91,0,0
user_039,user_039_s03,0,4,288.67,126.32,0,0
user_039,user_039_s03,0,5,267.32,173.0,0,0
user_039,user_039_s03,0,6,209.61,86.19,0,0
user_039,user_039_s03,0,7,206.68,131.09,0,0
user_039,user_039_s03,0,8,265.29,118.02,0,0
user_039,user_039_s03,0,9,101.42,103.17,0,0
user_039,user_039_s03,0,10,191.59,118.29,0,0
user_039,user_039_s03,0,11,159.46,136.99,0,0
user_039,user_039_s03,0,12,164.97,103.83,0,0
user_039,user_039_s03,0,13,221.57,133.6,0,0
user_039,user_039_s03,0,14,232.01,117.14,0,0
user_039,user_039_s03,0,15,154.81,112.14,0,0
user_039,user_039_s03,0,16,106.23,163.76,0,0
user_039,user_039_s03,0,17,262.02,90.08,0,0
user_039,user_039_s03,0,18,216.69,126.17,0,0
user_039,user_039_s03,0,19,189.1,135.5,0,0
user_039,user_039_s03,0,20,145.91,120.74,0,0
user_039,user_039_s03,0,21,219.38,104.14,0,0
user_039,user_039_s03,0,22,153.97,115.98,0,0
user_039,user_039_s03,0,23,1449.8,79.65,0,0
user_039,user_039_s03,0,24,250.36,90.78,0,0
user_039,user_039_s03,0,25,232.83,129.77,0,0
user_039,user_039_s03,0,26,226.24,97.77,0,0
user_039,user_039_s03,0,27,258.33,85.89,0,0
user_039,user_039_s03,0,28,138.04,118.99,0,0
user_039,user_039_s03,0,29,251.95,99.43,0,0
user_039,user_039_s03,0,30,251.63,121.72,0,0
user_039,user_039_s03,0,31,267.68,152.99,0,0
user_039,user_039_s03,0,32,222.03,107.78,1,0
user_039,user_039_s03,0,33,205.23,100.73,0,0
user_039,user_039_s03,0,34,742.17,86.94,0,0
user_039,user_039_s03,0,35,264.31,92.53,0,0
user_039,user_039_s03,0,36,203.07,101.13,0,0
user_039,user_039_s03,0,37,252.09,76.83,0,0
user_039,user_039_s03,0,38,40.0,132.26,0,0
user_039,user_039_s03,0,39,103.5,103.47,0,0
user_039,user_039_s04,1,0,281.04,96.66,0,0
user_039,user_039_s04,1,1,322.0,154.6,0,0
user_039,user_039_s04,1,2,131.82,87.87,1,0
user_039,user_039_s04,1,3,198.66,108.23,0,0
user_039,user_039_s04,1,4,216.95,180.35,0,0
user_039,user_039_s04,1,5,290.39,131.65,0,0
user_039,user_039_s04,1,6,131.53,60.44,0,0
user_039,user_039_s04,1,7,122.29,82.59,0,0
user_039,user_039_s04,1,8,1516.97,184.44,1,0
user_039,user_039_s04,1,9,273.87,162.95,0,0
user_039,user_039_s04,1,10,330.87,116.81,0,0
user_039,user_039_s04,1,11,487.6,146.13,0,0
user_039,user_039_s04,1,12,188.4,173.03,0,0
user_039,user_039_s04,1,13,853.89,102.05,0,0
user_039,user_039_s04,1,14,293.72,155.72,1,0
user_039,user_039_s04,1,15,265.6,104.08,0,0
user_039,user_039_s04,1,16,1561.12,154.47,0,0
user_039,user_039_s04,1,17,1289.43,179.05,0,0
user_039,user_039_s04,1,18,169.49,184.21,0,0
user_039,user_039_s04,1,19,1624.55,129.74,0,0
user_039,user_039_s04,1,20,256.7,165.99,0,0
user_039,user_039_s04,1,21,352.81,156.15,0,0
user_039,user_039_s04,1,22,254.56,116.03,0,0
user_039,user_039_s04,1,23,264.05,87.36,0,0
user_039,user_039_s04,1,24,91.49,187.49,0,0
user_039,user_039_s04,1,25,175.82,136.62,1,0
user_039,user_039_s04,1,26,1555.95,128.57,0,1
user_039,user_039_s04,1,27,454.74,157.91,0,0
user_039,user_039_s04,1,28,392.18,219.78,0,0
user_039,user_039_s04,1,29,418.53,57.33,0,0
user_039,user_039_s04,1,30,233.76,211.11,0,0
user_039,user_039_s04,1,31,1304.7,132.61,0,0
user_039,user_039_s04,1,32,283.13,141.53,0,1
user_039,user_039_s04,1,33,1446.81,99.7,0,0
user_039,user_039_s04,1,34,253.87,76.31,0,0
user_039,user_039_s04,1,35,274.48,155.32,0,0
user_039,user_039_s04,1,36,167.91,124.07,0,0
user_039,user_039_s04,1,37,291.39,114.44,1,0
user_039,user_039_s04,1,38,298.47,103.63,0,0
user_039,user_039_s04,1,39,170.53,66.49,0,0
user_039,user_039_s05,0,0,120.63,124.63,0,0
user_039,user_039_s05,0,1,254.38,102.72,0,0
user_039,user_039_s05,0,2,206.45,59.46,0,0
user_039,user_039_s05,0,3,294.77,121.59,0,0
user_039,user_039_s05,0,4,289.7,125.33,0,0
user_039,user_039_s05,0,5,219.65,134.97,0,0
user_039,user_039_s05,0,6,252.56,100.83,0,0
user_039,user_039_s05,0,7,299.01,114.66,0,0
user_039,user_039_s05,0,8,121.63,129.75,0,0
user_039,user_039_s05,0,9,191.06,107.62,1,0
user_039,user_039_s05,0,10,199.06,99.71,0,0
user_039,user_039_s05,0,11,250.94,115.88,0,0
user_039,user_039_s05,0,12,219.64,147.47,0,0
user_039,user_039_s05,0,13,215.73,99.68,0,0
user_039,user_039_s05,0,14,129.32,107.09,0,0
user_039,user_039_s05,0,15,164.47,89.18,0,0
user_039,user_039_s05,0,16,241.71,114.8,0,0
user_039,user_039_s05,0,17,204.07,135.16,0,0
user_039,user_039_s05,0,18,795.65,76.03,0,0
user_039,user_039_s05,0,19,191.58,105.76,0,0
user_039,user_039_s05,0,20,257.02,134.68,0,0
user_039,user_039_s05,0,21,232.36,100.79,0,0
user_039,user_039_s05,0,22,170.92,97.46,0,0
user_039,user_039_s05,0,23,315.69,98.75,0,1
user_039,user_039_s05,0,24,1335.71,126.43,0,0
user_039,user_039_s05,0,25,165.99,114.99,0,0
user_039,user_039_s05,0,26,162.66,137.07,0,0
user_039,user_039_s05,0,27,235.36,102.14,0,0
user_039,user_039_s05,0,28,259.8,113.94,0,0
user_039,user_039_s05,0,29,279.75,109.97,0,0
user_039,user_039_s05,0,30,252.74,121.51,0,0
user_039,user_039_s05,0,31,228.46,76.37,0,0
user_039,user_039_s05,0,32,146.93,112.77,0,0
user_039,user_039_s05,0,33,259.62,122.07,0,1
user_039,user_039_s05,0,34,221.34,39.26,0,0
user_039,user_039_s05,0,35,250.42,99.54,0,0
user_039,user_039_s05,0,36,219.45,111.47,0,0
user_039,user_039_s05,0,37,196.87,123.06,0,0
user_039,user_039_s05,0,38,200.92,141.96,0,0
user_039,user_039_s05,0,39,222.84,162.91,0,0
user_039,user_039_s06,1,0,40.0,128.56,0,0
user_039,user_039_s06,1,1,281.5,127.82,0,1
user_039,user_039_s06,1,2,347.11,136.71,0,0
user_039,user_039_s06,1,3,388.93,126.41,0,1
user_039,user_039_s06,1,4,108.97,115.67,0,0
user_039,user_039_s06,1,5,115.78,106.26,0,0
user_039,user_039_s06,1,6,359.22,174.63,0,0
user_039,user_039_s06,1,7,379.03,89.71,0,0
user_039,user_039_s06,1,8,206.32,74.41,0,0
user_039,user_039_s06,1,9,258.37,132.11,0,0
user_039,user_039_s06,1,10,307.67,156.26,0,0
user_039,user_039_s06,1,11,745.18,294.8,0,0
user_039,user_039_s06,1,12,307.1,101.45,1,0
user_039,user_039_s06,1,13,355.33,137.38,0,0
user_039,user_039_s06,1,14,214.46,113.99,0,0
user_039,user_039_s06,1,15,442.02,134.42,0,0
user_039,user_039_s06,1,16,203.56,160.53,0,0
user_039,user_039_s06,1,17,44.27,95.41,0,0
user_039,user_039_s06,1,18,229.39,149.04,0,0
user_039,user_039_s06,1,19,83.28,94.43,0,0
user_039,user_039_s06,1,20,293.6,112.13,1,0
user_039,user_039_s06,1,21,365.21,170.47,0,0
user_039,user_039_s06,1,22,106.56,115.26,0,0
user_039,user_039_s06,1,23,331.35,125.77,0,0
user_039,user_039_s06,1,24,1587.55,181.63,0,0
user_039,user_039_s06,1,25,155.45,231.83,0,0
user_039,user_039_s06,1,26,219.03,180.99,0,0
user_039,user_039_s06,1,27,256.66,133.62,0,0
user_039,user_039_s06,1,28,257.17,94.36,0,0
user_039,user_039_s06,1,29,196.53,97.35,0,0
user_039,user_039_s06,1,30,162.74,83.74,1,0
user_039,user_039_s06,1,31,99.47,100.43,0,0
user_039,user_039_s06,1,32,131.25,130.61,1,0
user_039,user_039_s06,1,33,588.88,122.09,0,1
user_039,user_039_s06,1,34,337.73,120.46,0,0
user_039,user_039_s06,1,35,40.0,153.19,0,0
user_039,user_039_s06,1,36,228.37,155.51,0,0
user_039,user_039_s06,1,37,405.56,141.96,0,0
user_039,user_039_s06,1,38,40.0,157.86,0,0
user_039,user_039_s06,1,39,277.73,266.87,0,0
user_039,user_039_s07,0,0,125.5,86.18,0,0
user_039,user_039_s07,0,1,606.44,125.97,0,0
user_039,user_039_s07,0,2,172.41,108.63,0,0
user_039,user_039_s07,0,3,120.61,124.71,0,0
user_039,user_039_s07,0,4,264.32,100.13,0,0
user_039,user_039_s07,0,5,197.03,95.14,0,0
user_039,user_039_s07,0,6,101.93,99.69,0,0
user_039,user_039_s07,0,7,231.34,89.52,0,0
user_039,user_039_s07,0,8,156.46,120.87,0,0
user_039,user_039_s07,0,9,121.04,66.59,0,0
user_039,user_039_s07,0,10,190.86,100.96,0,0
user_039,user_039_s07,0,11,294.46,99.22,0,0
user_039,user_039_s07,0,12,194.76,101.59,0,0
user_039,user_039_s07,0,13,161.18,117.27,0,0
user_039,user_039_s07,0,14,235.44,68.39,0,0
user_039,user_039_s07,0,15,922.25,116.86,0,0
user_039,user_039_s07,0,16,283.03,111.64,0,0
user_039,user_039_s07,0,17,191.35,117.65,0,0
user_039,user_039_s07,0,18,233.79,118.84,0,0
user_039,user_039_s07,0,19,99.96,102.56,0,0
user_039,user_039_s07,0,20,197.83,111.18,0,0
user_039,user_039_s07,0,21,134.23,138.68,0,0
user_039,user_039_s07,0,22,179.11,68.38,0,1
user_039,user_039_s07,0,23,207.96,140.69,0,0
user_039,user_039_s07,0,24,170.53,157.82,0,0
user_039,user_039_s07,0,25,168.96,127.63,0,0
user_039,user_039_s07,0,26,274.87,103.06,0,0
user_039,user_039_s07,0,27,68.29,108.18,0,0
user_039,user_039_s07,0,28,239.0,131.27,0,0
user_039,user_039_s07,0,29,183.08,125.76,0,0
user_039,user_039_s07,0,30,158.29,116.44,0,0
user_039,user_039_s07,0,31,165.1,85.05,0,0
user_039,user_039_s07,0,32,210.5,141.31,0,0
user_039,user_039_s07,0,33,973.25,122.85,0,0
user_039,user_039_s07,0,34,160.83,118.36,0,0
user_039,user_039_s07,0,35,211.13,132.07,0,0
user_039,user_039_s07,0,36,82.04,105.72,0,0
user_039,user_039_s07,0,37,250.36,116.72,0,0
user_039,user_039_s07,0,38,208.19,96.43,0,0
user_039,user_039_s07,0,39,113.9,103.48,0,0
user_039,user_039_s08,1,0,218.05,178.28,1,0
user_039,user_039_s08,1,1,232.73,167.86,0,0
user_039,user_039_s08,1,2,423.77,198.22,0,0
user_039,user_039_s08,1,3,1328.48,170.65,0,0
user_039,user_039_s08,1,4,1744.53,154.0,0,0
user_039,user_039_s08,1,5,294.01,154.31,0,0
user_039,user_039_s08,1,6,455.73,194.0,1,0
user_039,user_039_s08,1,7,348.33,115.0,0,1
user_039,user_039_s08,1,8,202.2,171.71,0,0
user_039,user_039_s08,1,9,225.37,122.8,1,0
user_039,user_039_s08,1,10,243.14,125.75,0,0
user_039,user_039_s08,1,11,221.86,149.88,0,0
user_039,user_039_s08,1,12,421.46,140.91,0,0
user_039,user_039_s08,1,13,221.09,117.48,0,0
user_039,user_039_s08,1,14,66.43,134.2,0,1
user_039,user_039_s08,1,15,1585.18,138.53,0,0
user_039,user_039_s08,1,16,233.61,163.12,0,0
user_039,user_039_s08,1,17,232.05,141.23,0,0
user_039,user_039_s08,1,18,264.08,157.58,1,0
user_039,user_039_s08,1,19,284.32,155.46,0,0
user_039,user_039_s08,1,20,1312.36,117.16,0,0
user_039,user_039_s08,1,21,312.57,155.25,0,1
user_039,user_039_s08,1,22,40.0,39.71,0,0
user_039,user_039_s08,1,23,142.02,219.31,1,0
user_039,user_039_s08,1,24,221.19,229.17,0,0
user_039,user_039_s08,1,25,326.31,148.75,0,0
user_039,user_039_s08,1,26,290.92,115.26,0,1
user_039,user_039_s08,1,27,149.23,160.67,0,0
user_039,user_039_s08,1,28,321.85,86.84,0,0
user_039,user_039_s08,1,29,317.49,196.37,0,0
user_039,user_039_s08,1,30,367.32,162.08,0,0
user_039,user_039_s08,1,31,206.8,111.97,0,0
user_039,user_039_s08,1,32,329.04,92.07,0,0
user_039,user_039_s08,1,33,283.37,42.74,0,1
user_039,user_039_s08,1,34,99.91,158.98,0,1
user_039,user_039_s08,1,35,1487.69,76.31,0,0
user_039,user_039_s08,1,36,1369.25,124.17,0,0
user_039,user_039_s08,1,37,1022.21,138.95,0,0
user_039,user_039_s08,1,38,40.0,118.81,0,0
user_039,user_039_s08,1,39,240.57,84.43,0,0
user_039,user_039_s09,0,0,126.32,142.17,0,0
user_039,user_039_s09,0,1,172.55,119.58,0,0
user_039,user_039_s09,0,2,166.15,95.17,0,0
user_039,user_039_s09,0,3,955.23,81.61,0,0
user_039,user_039_s09,0,4,155.64,126.02,0,1
user_039,user_039_s09,0,5,235.19,120.67,0,0
user_039,user_039_s09,0,6,180.75,62.73,0,0
user_039,user_039_s09,0,7,112.34,97.42,0,0
user_039,user_039_s09,0,8,253.11,70.35,0,0
user_039,user_039_s09,0,9,171.43,105.01,0,0
user_039,user_039_s09,0,10,148.55,94.03,0,0
user_039,user_039_s09,0,11,190.09,107.3,0,0
user_039,user_039_s09,0,12,215.08,82.12,0,0
user_039,user_039_s09,0,13,163.52,137.1,0,0
user_039,user_039_s09,0,14,229.18,68.36,0,0
user_039,user_039_s09,0,15,141.22,127.45,0,0
user_039,user_039_s09,0,16,258.38,131.56,0,0
user_039,user_039_s09,0,17,102.62,77.34,0,0
user_039,user_039_s09,0,18,162.53,96.24,0,0
user_039,user_039_s09,0,19,252.78,107.72,0,0
user_039,user_039_s09,0,20,161.32,65.93,0,0
user_039,user_039_s09,0,21,170.66,101.37,0,0
user_039,user_039_s09,0,22,105.79,73.17,0,0
user_039,user_039_s09,0,23,246.65,101.81,0,0
user_039,user_039_s09,0,24,189.17,92.22,0,0
user_039,user_039_s09,0,25,233.54,110.65,0,0
user_039,user_039_s09,0,26,212.74,97.4,0,0
user_039,user_039_s09,0,27,94.15,113.71,0,0
user_039,user_039_s09,0,28,88.76,90.06,0,0
user_039,user_039_s09,0,29,158.46,29.85,0,0
user_039,user_039_s09,0,30,796.07,99.57,0,0
user_039,user_039_s09,0,31,174.95,73.26,0,0
user_039,user_039_s09,0,32,289.32,127.52,0,0
user_039,user_039_s09,0,33,114.54,78.15,0,1
user_039,user_039_s09,0,34,227.9,129.71,0,0
user_039,user_039_s09,0,35,229.88,119.08,0,0
user_039,user_039_s09,0,36,118.29,109.52,0,0
user_039,user_039_s09,0,37,87.26,133.41,0,0
user_039,user_039_s09,0,38,274.94,49.92,0,0
user_039,user_039_s09,0,39,141.41,103.33,0,0
user_039,user_039_s10,1,0,254.9,210.31,0,0
user_039,user_039_s10,1,1,136.22,197.49,0,0
user_039,user_039_s10,1,2,399.79,224.2,0,0
user_039,user_039_s10,1,3,265.51,134.81,0,0
user_039,user_039_s10,1,4,324.39,134.55,0,0
user_039,user_039_s10,1,5,1722.91,203.67,0,0
user_039,user_039_s10,1,6,342.1,169.82,0,1
user_039,user_039_s10,1,7,352.39,156.65,0,0
user_039,user_039_s10,1,8,267.55,189.36,1,0
user_039,user_039_s10,1,9,356.28,183.94,0,0
user_039,user_039_s10,1,10,62.73,157.95,0,1
user_039,user_039_s10,1,11,1192.18,195.44,0,0
user_039,user_039_s10,1,12,303.87,175.52,0,0
user_039,user_039_s10,1,13,124.63,155.81,0,0
user_039,user_039_s10,1,14,1270.39,97.56,0,0
user_039,user_039_s10,1,15,389.49,139.08,1,0
user_039,user_039_s10,1,16,450.58,167.62,0,0
user_039,user_039_s10,1,17,245.62,96.37,0,0
user_039,user_039_s10,1,18,315.37,102.34,0,0
user_039,user_039_s10,1,19,275.04,97.7,0,0
user_039,user_039_s10,1,20,250.85,153.02,0,0
user_039,user_039_s10,1,21,180.37,152.44,0,0
user_039,user_039_s10,1,22,253.03,101.74,0,0
user_039,user_039_s10,1,23,202.26,115.25,0,0
user_039,user_039_s10,1,24,332.98,203.81,0,0
user_039,user_039_s10,1,25,810.42,179.19,1,0
user_039,user_039_s10,1,26,413.42,177.96,0,0
user_039,user_039_s10,1,27,198.46,101.88,1,0
user_039,user_039_s10,1,28,256.39,174.9,1,0
user_039,user_039_s10,1,29,321.05,137.69,0,0
user_039,user_039_s10,1,30,1014.08,95.29,0,0
user_039,user_039_s10,1,31,223.34,103.9,0,0
user_039,user_039_s10,1,32,362.48,197.32,0,1
user_039,user_039_s10,1,33,249.1,85.16,0,0
user_039,user_039_s10,1,34,394.58,260.91,0,0
user_039,user_039_s10,1,35,274.04,77.46,0,0
user_039,user_039_s10,1,36,345.26,198.61,1,0
user_039,user_039_s10,1,37,327.6,167.05,1,0
user_039,user_039_s10,1,38,113.92,186.41,0,0
user_039,user_039_s10,1,39,471.57,182.16,0,0
user_039,user_039_s11,0,0,200.69,141.07,0,0
user_039,user_039_s11,0,1,234.44,103.42,0,0
user_039,user_039_s11,0,2,149.36,77.24,1,0
user_039,user_039_s11,0,3,267.69,147.0,0,0
user_039,user_039_s11,0,4,174.51,109.4,0,0
user_039,user_039_s11,0,5,289.57,101.88,0,0
user_039,user_039_s11,0,6,128.57,143.8,0,1
user_039,user_039_s11,0,7,137.48,89.19,0,0
user_039,user_039_s11,0,8,206.45,114.55,0,0
user_039,user_039_s11,0,9,216.67,68.39,0,0
user_039,user_039_s11,0,10,191.36,90.99,0,0
user_039,user_039_s11,0,11,204.32,74.57,0,0
user_039,user_039_s11,0,12,248.34,103.8,0,0
user_039,user_039_s11,0,13,180.11,119.39,0,0
user_039,user_039_s11,0,14,135.05,103.56,0,0
user_039,user_039_s11,0,15,274.2,120.01,0,0
user_039,user_039_s11,0,16,261.34,107.55,0,0
user_039,user_039_s11,0,17,253.17,84.71,0,0
user_039,user_039_s11,0,18,126.9,129.08,0,0
user_039,user_039_s11,0,19,147.3,122.35,0,0
user_039,user_039_s11,0,20,224.98,122.88,0,0
user_039,user_039_s11,0,21,296.89,93.63,1,0
user_039,user_039_s11,0,22,279.56,71.52,0,0
user_039,user_039_s11,0,23,186.51,108.47,0,0
user_039,user_039_s11,0,24,149.32,128.78,0,0
user_039,user_039_s11,0,25,135.48,97.64,0,0
user_039,user_039_s11,0,26,179.39,92.67,0,0
user_039,user_039_s11,0,27,351.34,115.06,0,0
user_039,user_039_s11,0,28,137.4,68.98,0,0
user_039,user_039_s11,0,29,196.2,64.24,0,0
user_039,user_039_s11,0,30,151.11,124.29,0,0
user_039,user_039_s11,0,31,211.63,110.93,0,0
user_039,user_039_s11,0,32,92.55,117.07,0,0
user_039,user_039_s11,0,33,129.83,110.4,0,0
user_039,user_039_s11,0,34,1513.45,74.87,0,0
user_039,user_039_s11,0,35,127.21,91.24,0,0
user_039,user_039_s11,0,36,146.86,99.99,0,0
user_039,user_039_s11,0,37,195.82,118.99,0,0
user_039,user_039_s11,0,38,273.86,96.57,0,0
user_039,user_039_s11,0,39,590.87,118.09,0,0
user_039,user_039_s12,0,0,104.8,66.72,0,0
user_039,user_039_s12,0,1,132.8,105.33,0,0
user_039,user_039_s12,0,2,152.04,126.64,0,0
user_039,user_039_s12,0,3,211.77,134.25,0,0
user_039,user_039_s12,0,4,1297.23,106.87,0,0
user_039,user_039_s12,0,5,160.14,136.93,0,0
user_039,user_039_s12,0,6,181.52,112.78,0,0
user_039,user_039_s12,0,7,159.75,79.74,1,0
user_039,user_039_s12,0,8,175.6,126.32,0,0
user_039,user_039_s12,0,9,109.08,92.7,0,0
user_039,user_039_s12,0,10,269.71,96.07,0,0
user_039,user_039_s12,0,11,178.38,135.5,0,0
user_039,user_039_s12,0,12,158.64,135.6,0,0
user_039,user_039_s12,0,13,178.11,115.54,0,0
user_039,user_039_s12,0,14,142.58,89.28,0,0
user_039,user_039_s12,0,15,255.24,81.45,0,0
user_039,user_039_s12,0,16,111.86,116.98,0,0
user_039,user_039_s12,0,17,197.89,112.11,0,0
user_039,user_039_s12,0,18,283.34,98.48,0,0
user_039,user_039_s12,0,19,148.32,117.87,0,1
user_039,user_039_s12,0,20,72.48,109.19,0,0
user_039,user_039_s12,0,21,184.72,94.04,0,0
user_039,user_039_s12,0,22,181.26,81.93,0,0
user_039,user_039_s12,0,23,1180.17,104.86,0,0
user_039,user_039_s12,0,24,156.35,97.93,0,0
user_039,user_039_s12,0,25,206.36,98.28,0,0
user_039,user_039_s12,0,26,239.34,103.99,0,0
user_039,user_039_s12,0,27,159.13,106.06,0,0
user_039,user_039_s12,0,28,204.09,93.81,0,0
user_039,user_039_s12,0,29,151.53,120.19,0,0
user_039,user_039_s12,0,30,805.0,98.53,0,0
user_039,user_039_s12,0,31,251.57,113.27,0,0
user_039,user_039_s12,0,32,300.24,86.36,0,0
user_039,user_039_s12,0,33,242.14,94.72,0,1
user_039,user_039_s12,0,34,119.36,117.98,0,0
user_039,user_039_s12,0,35,150.45,75.48,0,0
user_039,user_039_s12,0,36,230.47,134.73,0,0
user_039,user_039_s12,0,37,174.33,118.88,0,0
user_039,user_039_s12,0,38,230.51,106.82,1,0
user_039,user_039_s12,0,39,181.49,117.55,0,0
user_039,user_039_s13,0,0,183.26,101.46,0,0
user_039,user_039_s13,0,1,290.18,95.99,0,0
user_039,user_039_s13,0,2,250.74,109.66,0,0
user_039,user_039_s13,0,3,200.23,138.61,0,1
user_039,user_039_s13,0,4,301.31,112.4,0,0
user_039,user_039_s13,0,5,1441.1,133.52,0,0
user_039,user_039_s13,0,6,194.92,153.43,0,0
user_039,user_039_s13,0,7,258.38,109.14,0,0
user_039,user_039_s13,0,8,190.16,90.46,0,0
user_039,user_039_s13,0,9,149.01,157.3,0,0
user_039,user_039_s13,0,10,231.7,127.79,0,0
user_039,user_039_s13,0,11,228.28,95.66,0,0
user_039,user_039_s13,0,12,215.81,98.92,0,0
user_039,user_039_s13,0,13,209.38,140.05,0,0
user_039,user_039_s13,0,14,182.88,111.64,0,0
user_039,user_039_s13,0,15,165.87,92.33,0,0
user_039,user_039_s13,0,16,270.08,90.07,0,0
user_039,user_039_s13,0,17,220.59,132.74,0,0
user_039,user_039_s13,0,18,216.31,129.23,1,0
user_039,user_039_s13,0,19,132.38,153.62,0,0
user_039,user_039_s13,0,20,255.61,59.25,0,0
user_039,user_039_s13,0,21,173.02,118.53,0,0
user_039,user_039_s13,0,22,182.47,97.53,0,0
user_039,user_039_s13,0,23,244.07,83.72,0,0
user_039,user_039_s13,0,24,171.0,112.59,0,0
user_039,user_039_s13,0,25,211.07,124.54,0,0
user_039,user_039_s13,0,26,217.82,139.55,0,0
user_039,user_039_s13,0,27,222.78,156.23,0,0
user_039,user_039_s13,0,28,219.63,93.35,0,0
user_039,user_039_s13,0,29,229.03,122.0,0,1
user_039,user_039_s13,0,30,264.24,104.76,0,0
user_039,user_039_s13,0,31,226.74,86.76,0,0
user_039,user_039_s13,0,32,297.64,143.02,0,0
user_039,user_039_s13,0,33,197.93,139.23,0,0
user_039,user_039_s13,0,34,212.29,124.32,0,0
user_039,user_039_s13,0,35,339.3,128.07,0,0
user_039,user_039_s13,0,36,170.87,107.6,0,0
user_039,user_039_s13,0,37,179.41,124.1,0,0
user_039,user_039_s13,0,38,192.78,120.11,0,0
user_039,user_039_s13,0,39,304.2,110.88,0,0
